Annotator,Question,Answer,Status (Chia-Hsiang),Comment,Status (Cheryl),Comment,Status (Aarush),Comment,URL,Thumbnail URL,Supporting sentences,Post ID,Tag,Modality,Javascript URL,Javascript code
Cheryl,"
Did Cambodia have more active fire detections than Laos on February 3, 2018?",,verified,,,,double reviewed,,https://earthobservatory.nasa.gov/images/91771/its-fire-season-in-southeast-asia,,"On that day, there were significantly more fires in Cambodia than in neighboring countries. VIIRS detected 1,868 hot spots in Cambodia, 185 in Laos, 77 in Myanmar, 217 in Thailand, and 114 in Vietnam.",,,"Landsat 8
VIIRS",,
Chia-Hsiang,"
Did the smoke plumes originating from fires in Siskiyou County on August 18, 2021, travel northward for at least 20 miles?",No,,,verified,,double reviewed,,https://www.nasa.gov/centers-and-facilities/jpl/nasas-misr-instrument-sees-california-wildfire-smoke-plumes-from-space/,https://www.nasa.gov/wp-content/uploads/2021/08/pia23698-misr-ca-fires-aug-2021-1041.jpg,,,,MISR,,
Cheryl,"
Did Vietnam have more active fire detections than Myanmar on February 3, 2018?",,verified,,,,double reviewed,,https://earthobservatory.nasa.gov/images/91771/its-fire-season-in-southeast-asia,,"On that day, there were significantly more fires in Cambodia than in neighboring countries. VIIRS detected 1,868 hot spots in Cambodia, 185 in Laos, 77 in Myanmar, 217 in Thailand, and 114 in Vietnam.",,,"Landsat 8
VIIRS",,
Aarush," Did Victoria and Corpus Christi, Texas receive less than 20 inches of rainfall between June 15 and June 22, 2018?",no,verified,,double reviewed,,,,https://earthobservatory.nasa.gov/images/92329/southern-soaker,,"Water levels in Brownsville were high enough to submerge cars and houses. Rain also soaked Victoria and Corpus Christi, which received around 20 inches (500 mm) of rain in just 72 hours, according to the National Weather Service.",,,GPM,,
Cheryl,"Are more brown/orange areas visible in the Adirondack Mountains on October 8, 2022, than on October 1, 2022?",,verified,,,,verified,,https://earthobservatory.nasa.gov/images/150482/autumn-in-the-adirondacks,,"Leaves in the Adirondacks were at peak or near-peak color for the season when the Operational Land Imager-2 (OLI-2) on Landsat 9 acquired these images on October 8, 2022.",,https://code.earthengine.google.com/442761630ad424bf399b77cb06271ea7,"Landsat 8
Landsat 9",,
Cheryl,"Are more floating solar panels visible on February 10, 2023, than on January 30, 2025, on a reservoir of the Narmada River in central India?",No,verified,,,,verified,,https://earthobservatory.nasa.gov/images/154067/floating-solar-in-madhya-pradesh,,"This pair of images shows the development of floating solar power arrays on a reservoir of the Narmada River in central India. The right image shows the reservoir on January 30, 2025. For comparison, the left image shows the same area on February 10, 2023, during an earlier stage of the project. Both images were acquired by the OLI-2 (Operational Land Imager-2) on Landsat 9.",,,Landsat 9,,
Cheryl,"Are more yellow areas visible in northern Lapland, Sweden, on October 10, 2016, than in September 2016",,verified,,,,verified,,https://earthobservatory.nasa.gov/images/88980/a-blaze-of-yellow,,"Fall in northern Sweden is a brief but spectacular affair. For a few weeks in October, alpine forests in this remote part of Swedish Lapland turn blazing shades of yellow and orange.

The Operational Land Imager (OLI) on the Landsat 8 satellite captured this image of hilly terrain in northern Lapland on October 10, 2016. Birch forests growing along stream valleys are probably the source of most of the color, though other deciduous shrubs and understory plants surely contribute as well. Some of the hills have a dusting of snow. The southern Sun’s low angle above the horizon draws long, dark shadows across the landscape.
",,,Landsat 8,,
Chia-Hsiang,"Are there active fires in October 24, 2023 in Canada?",,,,double reviewed,,verified,,https://earthobservatory.nasa.gov/images/151985/tracking-canadas-extreme-2023-fire-season,https://eoimages.gsfc.nasa.gov/images/imagerecords/151000/151985/canada_fires_feds_2023262.mp4,https://cwfis.cfs.nrcan.gc.ca/interactive-map?zoom=0.0019273354162980256&center=-148519.26256233454%2C623347.8702295108&month=10&day=24&year=2023#iMap,151985,,VIIRS,,
Aarush,"Around the Lake Eerie and upstate New York, was there more snow on March 1, 2020 in comparison to the same region on February 22, 2020?",,verified,,double reviewed,,,,https://www.earthobservatory.nasa.gov/images/146382/a-burst-of-lake-effect-snow,"https://eoimages.gsfc.nasa.gov/images/imagerecords/146000/146382/erie_amo_2020053.jpg

https://eoimages.gsfc.nasa.gov/images/imagerecords/146000/146382/erie_tmo_2020060.jpg","The pair of natural-color satellite images at the top of the page were acquired on February 22 (left) and March 1, 2020 (right). While snow covered sizable parts of upstate New York and northwestern Pennsylvania on March 1, do not expect it to stay for long.",,,"MODIS-Terra
MODIS-Aqua",,
Aarush,"Between 2003 and 2019, did Africa's total land area covered by crops increase by more than 400,000 square kilometers?",,verified,,double reviewed,,,,https://earthobservatory.nasa.gov/images/149617/global-croplands-expand,,"With 530,000 square kilometers of new cropland, Africa added the most of any continent.",,,Landsat 8,,
Aarush,"Between 2003 and 2019, did global land area covered by crops increase by at least 5 percent?",,verified,,double reviewed,,,,https://earthobservatory.nasa.gov/images/149617/global-croplands-expand,,"According to the GLAD team analysis, the total land area covered by crops has increased , since 2003 by 9 percent, or 1 million square kilometers (about 400,000 square miles).",,,Landsat 8,,
Aarush,"Between December 2021 and January 2022, was the mean snow cover on Villarrica greater than the 2000 to 2020 average for the same months?",no,double reviewed,,verified,,,,https://earthobservatory.nasa.gov/images/149463/chilean-volcano-low-on-snow,, Normalized Difference Snow Index (NDSI) observations from NASA’s Terra satellite indicate that the mean snow cover at Villarrica between December 2021 and January 2022 was substantially less than the 2000-2020 average for the same months.,,,MODIS-Terra,,
Aarush,"Between January 29 and February 5, 2019, was there at least a 22 degree Celcius difference in the highest daily air temperature at 2 meters in Boston, MA?",,double reviewed,,verified,,,,https://earthobservatory.nasa.gov/images/144516/wild-winter-temperature-swings,,Measurements reported by the National Weather Service show that the daily high temperature in Boston jumped 26°C (47°F) between January 29 and February 5. New York and Washington D.C. warmed warmed by about 27°C.,,,GEOS?,,
Chia-Hsiang,"Between January 29 and February 5, 2019, was there at least a 30 degree Celcius difference in the highest daily air temperature at 2 meters in Boston, MA?",no,,,double reviewed,,verified,,https://earthobservatory.nasa.gov/images/144516/wild-winter-temperature-swings,,Measurements reported by the National Weather Service show that the daily high temperature in Boston jumped 26°C (47°F) between January 29 and February 5. New York and Washington D.C. warmed warmed by about 27°C.,,,GEOS?,,
Aarush,"Between January 8 and January 15, 2020, did Sistan-Baluchestan experience over 3 inches of rainfall?",,verified,,double reviewed,,,,https://earthobservatory.nasa.gov/images/146150/flash-flooding-in-iran,,"According to a news report, more than 100 millimeters (4 inches) of rain fell in three days in Sistan-Baluchestan—the amount that typically falls during a full year in the region.",,,MODIS-Aqua,,
Aarush,"Between June 15-21, 2017, did temperatures in Las Vegas, Nevada exceed 130 degrees fahrenheit?",no,verified,,double reviewed,,,,https://earthobservatory.nasa.gov/images/90443/heat-broils-the-american-southwest,,"In Phoenix, Arizona, temperatures hit 119 degrees Fahrenheit (48 degrees Celsius). In Palm Springs, California, the high was 122°F degrees. In Las Vegas, Nevada, temperatures peaked at 117°F. Needles, California, tied its all-time high with a temperature of 125°F.",,,MODIS-Aqua,,
Aarush,"Between June 15-21, 2017, did temperatures in Needles, California reach 115 degrees fahrenheit?",,verified,,double reviewed,,,,https://earthobservatory.nasa.gov/images/90443/heat-broils-the-american-southwest,,"In Phoenix, Arizona, temperatures hit 119 degrees Fahrenheit (48 degrees Celsius). In Palm Springs, California, the high was 122°F degrees. In Las Vegas, Nevada, temperatures peaked at 117°F. Needles, California, tied its all-time high with a temperature of 125°F.",,,MODIS-Aqua,,
Aarush,"Between June 15-21, 2017, did temperatures in Palm Springs, California reach 115 degrees fahrenheit?",,verified,,double reviewed,,,,https://earthobservatory.nasa.gov/images/90443/heat-broils-the-american-southwest,,"In Phoenix, Arizona, temperatures hit 119 degrees Fahrenheit (48 degrees Celsius). In Palm Springs, California, the high was 122°F degrees. In Las Vegas, Nevada, temperatures peaked at 117°F. Needles, California, tied its all-time high with a temperature of 125°F.",,,MODIS-Aqua,,
Aarush,"Between June 15-21, 2017, did temperatures in Phoenix, Arizona reach at least 110 degrees fahrenheit?",,verified,,double reviewed,,,,https://earthobservatory.nasa.gov/images/90443/heat-broils-the-american-southwest,,"In Phoenix, Arizona, temperatures hit 119 degrees Fahrenheit (48 degrees Celsius). In Palm Springs, California, the high was 122°F degrees. In Las Vegas, Nevada, temperatures peaked at 117°F. Needles, California, tied its all-time high with a temperature of 125°F.",,,MODIS-Aqua,,
Chia-Hsiang,"Between October 2021 and November 2021, did southern Ethiopia receive less rainfall than its long-term average for the same months from 2000 to 2013?",,,cheked with GEE,double reviewed,,,,https://earthobservatory.nasa.gov/images/149294/failed-rainy-seasons-create-food-emergency-in-eastern-africa,,"Tropical countries within the Horn of Africa tend to have two rainy seasons: the gu in March, April, and May, and the deyr in October, November, and December. The 2020 and 2021 deyr seasons were both substantially drier than normal, and the 2021 gu also came up short.

The map at the top right shows anomalies in the Normalized Difference Vegetation Index (NDVI), a satellite-derived product used to assess crop conditions. NDVI measures the health, or “greenness,” of vegetation based on how much red and near-infrared light the leaves reflect. Healthy vegetation reflects more infrared light and less visible light than stressed vegetation. The map compares NDVI from December 2021 with the long-term average from 2000 to 2013.",,,CHIRPS,https://code.earthengine.google.com/099ce1b4c8fdeb0b35a16d9368ddfe2d,"// Define a representative geometry for Southern Ethiopia.
// This is an approximate polygon covering parts of Somali, Oromia, and SNNP regions.
var southernEthiopia = ee.Geometry.Polygon([[
  [37.00, 3.50],
  [43.00, 3.50],
  [43.00, 7.00],
  [37.00, 7.00],
  [37.00, 3.50]
]]);

// Center the map on the area of interest.
Map.centerObject(southernEthiopia, 6);

// --- Period of Interest: October-November 2021 ---

// Define the start and end dates for the period of interest.
var startDate_2021 = ee.Date('2021-10-01');
var endDate_2021 = ee.Date('2021-11-30');

// Load the CHIRPS Daily precipitation dataset.
var chirps = ee.ImageCollection('UCSB-CHG/CHIRPS/DAILY');

// Filter the dataset for the 2021 period and the region.
var rainfall_2021 = chirps
    .filterDate(startDate_2021, endDate_2021)
    .filterBounds(southernEthiopia);

// Calculate the total rainfall for the 2021 period.
var totalRainfall_2021 = rainfall_2021.sum();

// Calculate the mean total rainfall within the Southern Ethiopia region for 2021.
var meanRainfall_2021 = totalRainfall_2021.reduceRegion({
  reducer: ee.Reducer.mean(),
  geometry: southernEthiopia,
  scale: 5566, // CHIRPS resolution in meters
  maxPixels: 1e9
});

print('Total Rainfall (Oct-Nov 2021) in mm:', meanRainfall_2021.get('precipitation'));

// --- Baseline Period: October-November from 2000-2013 ---

// Define the baseline years.
var startYear = 2000;
var endYear = 2013;
var years = ee.List.sequence(startYear, endYear);

// Function to calculate total rainfall for Oct-Nov for a given year.
var yearlyRainfall = function(year) {
  var startDate = ee.Date.fromYMD(year, 10, 1);
  var endDate = ee.Date.fromYMD(year, 11, 30);
  var total = chirps
      .filterDate(startDate, endDate)
      .filterBounds(southernEthiopia)
      .sum();
  return total;
};

// Map the function over the baseline years to get a collection of total rainfall images.
var yearlyTotals = ee.ImageCollection.fromImages(
  years.map(yearlyRainfall)
);

// Calculate the mean of the yearly total rainfall images.
var longTermAverage = yearlyTotals.mean();

// Calculate the mean long-term average rainfall within the Southern Ethiopia region.
var meanLongTermAverage = longTermAverage.reduceRegion({
  reducer: ee.Reducer.mean(),
  geometry: southernEthiopia,
  scale: 5566,
  maxPixels: 1e9
});

print('Long-Term Average Rainfall (Oct-Nov, 2000-2013) in mm:', meanLongTermAverage.get('precipitation'));

// --- Visualization ---

// Define visualization parameters for rainfall.
var precipVis = {
  min: 0,
  max: 200,
  palette: ['white', 'blue']
};

// Add layers to the map.
Map.addLayer(longTermAverage.clip(southernEthiopia), precipVis, 'Long-Term Average (2000-2013)');
Map.addLayer(totalRainfall_2021.clip(southernEthiopia), precipVis, 'Total Rainfall (2021)');
Map.addLayer(southernEthiopia, {color: 'FF0000'}, 'Southern Ethiopia AOI', false);"
Chia-Hsiang,"Between October 2021 and November 2021, did southern Ethiopia receive less rainfall than northern Ethiopia relative its long-term average for the same months from 2000 to 2013?",,,cheked with GEE,double reviewed,,,,https://earthobservatory.nasa.gov/images/149294/failed-rainy-seasons-create-food-emergency-in-eastern-africa,,"The map at the top right shows anomalies in the Normalized Difference Vegetation Index (NDVI), a satellite-derived product used to assess crop conditions. NDVI measures the health, or “greenness,” of vegetation based on how much red and near-infrared light the leaves reflect. Healthy vegetation reflects more infrared light and less visible light than stressed vegetation. The map compares NDVI from December 2021 with the long-term average from 2000 to 2013.",,,CHIRPS,https://code.earthengine.google.com/6632ae88f471a853138a64e239bc3109,"// Define representative geometries for Southern and Northern Ethiopia.
var southernEthiopia = ee.Geometry.Polygon([[
  [37.00, 3.50], [43.00, 3.50], [43.00, 7.00], [37.00, 7.00], [37.00, 3.50]
]]);
var northernEthiopia = ee.Geometry.Polygon([[
  [36.50, 9.50], [40.00, 9.50], [40.00, 14.50], [36.50, 14.50], [36.50, 9.50]
]]);

// Center the map to view both regions and add them as layers.
Map.centerObject(ee.Geometry.Point(39, 9), 5);
Map.addLayer(southernEthiopia, {color: 'FF0000'}, 'Southern Ethiopia AOI');
Map.addLayer(northernEthiopia, {color: '0000FF'}, 'Northern Ethiopia AOI');

// Load the CHIRPS Daily precipitation dataset.
var chirps = ee.ImageCollection('UCSB-CHG/CHIRPS/DAILY');

// --- Define Time Periods ---
var anomalyStartDate = '2021-10-01';
var anomalyEndDate = '2021-11-30';
var baselineStartYear = 2000;
var baselineEndYear = 2013;

// --- Function to Calculate and Print Rainfall Anomaly ---
var calculateRainfallAnomaly = function(region, regionName) {
  // 1. Calculate Total Rainfall for Oct-Nov 2021
  var rainfall2021 = chirps
      .filter(ee.Filter.date(anomalyStartDate, anomalyEndDate))
      .sum();

  var meanRainfall2021 = rainfall2021.reduceRegion({
    reducer: ee.Reducer.mean(),
    geometry: region,
    scale: 5000, // Scale in meters for the reducer
    maxPixels: 1e9
  }).get('precipitation');

  // 2. Calculate Long-Term Average for Oct-Nov (2000-2013)
  var baselineYears = ee.List.sequence(baselineStartYear, baselineEndYear);

  var yearlyTotals = ee.ImageCollection.fromImages(
    baselineYears.map(function(year) {
      var startDate = ee.Date.fromYMD(year, 10, 1);
      var endDate = ee.Date.fromYMD(year, 11, 30);
      return chirps
          .filter(ee.Filter.date(startDate, endDate))
          .sum()
          .set('year', year);
    })
  );

  var longTermAverage = yearlyTotals.mean();

  var meanLongTermAverage = longTermAverage.reduceRegion({
    reducer: ee.Reducer.mean(),
    geometry: region,
    scale: 5000,
    maxPixels: 1e9
  }).get('precipitation');

  // 3. Calculate the Anomaly (2021 rainfall - long-term average)
  var anomaly = ee.Number(meanRainfall2021).subtract(ee.Number(meanLongTermAverage));
  var anomalyPercentage = anomaly.divide(ee.Number(meanLongTermAverage)).multiply(100);


  // Print the results for the region
  print('--- Results for ' + regionName + ' ---');
  print('Total Rainfall (Oct-Nov 2021) in mm:', meanRainfall2021);
  print('Long-Term Average (2000-2013) in mm:', meanLongTermAverage);
  print('Rainfall Anomaly (2021 vs Average) in mm:', anomaly);
  print('Rainfall Anomaly as % of Average:', anomalyPercentage);
};

// Run the function for both regions
calculateRainfallAnomaly(southernEthiopia, 'Southern Ethiopia');
calculateRainfallAnomaly(northernEthiopia, 'Northern Ethiopia');"
Aarush,"Between September through November 2021, did Seattle experience at least 40cm of rainfall?",,verified,,double reviewed,,,,https://earthobservatory.nasa.gov/images/149195/soggy-autumn-in-the-pacific-northwest,,Ground-based observers in Seattle recorded about 48 centimeters (19 inches) of rain from September through November—the largest amount since records began in 1945,,,News,,
Cheryl,"Did active fire detections in Sumatra and Borneo, Indonesia, increase in 2023 compared to 2022?",,verified,,,,verified,,https://earthobservatory.nasa.gov/images/151929/indonesian-fires-return-in-2023,,"This image shows smoke from fires burning on the island of Borneo, in the Indonesian provinces of South and Central Kalimantan. It was acquired by the MODIS (Moderate Resolution Imaging Spectroradiometer) sensor on NASA’s Terra satellite on October 2, 2023. By that date, fire had burned around 267,900 hectares (662,000 acres) since the start of the year, surpassing the area burned during all of 2022, according to news reports.


",,,"Landsat 9
MODIS-Terra",,
Aarush,Did Arrachart in Madagascar recieve more than 22 inches of rainfall during the month of January 2020?,no,verified,"For review, Arrachart might not be an actual city but rather an airport, ideally its well known enough to locate regardless.",verified,,,,https://earthobservatory.nasa.gov/images/146225/flood-waters-overwhelm-northern-madagascar,,Arrachart received 192 mm (7.55 inches) from January 19-25 and 495 mm (19.50 inches) throughout January (normal is 159 mm/6.25 inches).,,,News (accuweather),,
Aarush,"Did Bellingham, Washington experience at least 30cm of rainfall between September and November 2021?",,verified,Note GEE can use GLDAS-2.1 but not GRACE,double reviewed,,,,https://earthobservatory.nasa.gov/images/149195/soggy-autumn-in-the-pacific-northwest,," Farther north, a record 37.01 centimeters (14.57 inches) fell in Bellingham, Washington",,,News,,
Aarush,"Did burn scars near San Jose, California on August 26, 2020 expand in comparison to the same region in June?",,double reviewed,,verified,,,,https://earthobservatory.nasa.gov/images/147182/august-fires-leave-vast-burn-scars-in-california,https://eoimages.gsfc.nasa.gov/images/imagerecords/147000/147182/cafires_tmo_2020239.png,"The LNU Lightning Complex near Santa Rosa and the SCU Lightning Complex near San Jose had each burned more than 360,000 acres (140,000 square kilometers) as of August 27—making them the second and third largest fires by acreage in state history.",,,MODIS-Terra,,
Cheryl,Did Cambodia have more active fire detections than Thailand between August 2016 and February 2018?,,verified,,,,double reviewed,,https://earthobservatory.nasa.gov/images/91771/its-fire-season-in-southeast-asia,,,,,VIIRS,,
Cheryl,Did Cambodia have more active fire detections than Vietnam between August 2016 and February 2018?,,verified,,,,double reviewed,,https://earthobservatory.nasa.gov/images/91771/its-fire-season-in-southeast-asia,,,,,VIIRS,,
Chia-Hsiang,Did Cambodia have more active fire during February than October from 2014 to 2017?,,,,verified,,double reviewed,,https://earthobservatory.nasa.gov/images/91771/its-fire-season-in-southeast-asia,,,,,VIIRS,,
Chia-Hsiang,"Did Cincinnati, Ohio have its warmest February in 2018 (surface temperatures at 2 meters) compared to 2010 to 2017?",,,,double reviewed,,verified,,https://www.nesdis.noaa.gov/news/record-february-warmth-the-eastern-united-states,https://www.nesdis.noaa.gov/s3/styles/webp/s3/migrated/20180221-RTMA.png.webp?itok=YLRym-3M,"1. Several cities set new records for their warmest February temperatures ever recorded. Pittsburgh, Pennsylvania and Cincinnati, Ohio reached 78 and 79 degrees (°F), respectively, on February 20, while the temperature in New York City soared to 78 degrees on February 21, the National Weather Service reported.",,temperature,NOAA's Real-Time Mesoscale Analysis,,
Cheryl,"Did clouds cover a larger area within a 10 km radius of Halema‘uma‘u Crater, the summit caldera of Hawaii’s Kīlauea volcano, than the volcanic plume on July 20, 2025 at 10:44 am local time?",,verified,,,,double reviewed,,https://www.earthobservatory.nasa.gov/images/154591/more-lava-fills-kilauea-crater,,"The OLI (Operational Land Imager) on Landsat 8 acquired this image at approximately 10:44 a.m. local time (20:42 Universal Time) on July 20, while the eruption was underway. The natural-color image is overlaid with an infrared signature to reveal the heat emanating from lava in the summit crater. Note that both clouds and a volcanic plume are visible.",,,Landsat 8,,
Chia-Hsiang,"Did did the total rainfall exceed 6 inches in Grafton, New South Wales during January 14, 2020 to January 22, 2020?",,verified,,verified,,double reviewed,,https://earthobservatory.nasa.gov/images/146201/rain-brought-brief-relief-to-australia,,"According to news reports, the largest accumulations in New South Wales occurred north of Sydney, where rainfall averaged between 20 and 30 centimeters (8 and 12 inches).",,,GPM,,
Cheryl,"Did did the total rainfall exceed 8 inches in Canberra, Australia during January 14, 2020 to January 22, 2020?",no,verified,,,,double reviewed,,https://earthobservatory.nasa.gov/images/146201/rain-brought-brief-relief-to-australia,,,,,GPM,,
Aarush,"Did Donner Pass have over 40 inches of snow water equivelent in January to April, 2022?",no,verified,,double reviewed,,,,https://earthobservatory.nasa.gov/images/149798/wild-fluctuations-in-sierra-snow,,"The peak snow water equivalent across the 39-year record (dashed line) usually occurs around March 24, with a median at 37.2 inches. In 2022, SWE peaked at 27.6 inches on January 12 and started falling on February 6. The data in the graph come from the SNOTEL network, which is managed by the U.S. Department of Agriculture.",,,UNSURE,,
Chia-Hsiang,Did Dry Chaco forest cover decrease by more than 10% between 2000 and 2019?,,,,double reviewed,,verified,,https://landsat.gsfc.nasa.gov/article/deforestation-in-paraguays-gran-chaco/,,,,,Landsat,,
Cheryl,"Did forest cover in the Bobiri Forest Reserve, Ghana, decline between 2003 and 2023?",,verified,,,,double reviewed,,https://earthobservatory.nasa.gov/images/153763/ghanas-declining-forest-reserves,,"Although vegetation change was relatively slow from 2003 to 2015, it picked up significantly between 2015 and 2019. Overall, there was more forest loss and degradation than recovery, resulting in a gradual decline of tree cover",,,"Landsat 4
Landsat 9",,
Cheryl,"Did Lac Rouge shrink by more than 90% between June 21, 2024 and June 15, 2025?",,verified,,,,verified,,https://earthobservatory.nasa.gov/images/154526/the-disappearance-of-lac-rouge,,"The image above (right) shows a drained Lac Rouge and the new course charted by its outflow on June 15, 2025. For comparison, the left image shows the area the previous June, when the lake was full. Both were acquired with the OLI-2 (Operational Land Imager-2) on Landsat 9.",,,Landsat 9,,
Cheryl,"Did lake ice extent on Lake Winnipeg, Canada, decrease between May 7, 2021 and May 19, 2021?",,verified,,,,verified,,https://earthobservatory.nasa.gov/images/148340/smoke-replaces-ice-at-lake-winnipeg,,"On May 7 and May 14, 2021, winter ice still covered most of Lake Winnipeg and the smaller lakes nearby, and walleye were starting to show up on fishing hooks. By May 19, most of the ice was gone, temperatures hovered between 30° and 33° Celsius (86° to 91° Fahrenheit), and the parched landscape was blanketed with smoke and fire. It seemed like Canada’s Manitoba Province had jumped right from winter to summer.",,,MODIS-Aqua,,
Aarush,Did more forest area burn in Sakha in 2015 than compared to 2021?,no,double reviewed,,verified,,,,https://earthobservatory.nasa.gov/images/148943/a-record-breaking-year-for-fire-in-sakha,,It’s also record-breaking. More forest area burned in Sakha than in any year since the Moderate Resolution Imaging Spectroradiometer (MODIS) on NASA’s Terra satellite began collecting data in 2000.,,,VIIRS,,
Aarush,"Did New York experience an air temperature difference of at least 24 degrees Celcius between January 29 and February 5, 2019?",,verified,,double reviewed,,,,https://earthobservatory.nasa.gov/images/144516/wild-winter-temperature-swings,,Measurements reported by the National Weather Service show that the daily high temperature in Boston jumped 26°C (47°F) between January 29 and February 5. New York and Washington D.C. warmed warmed by about 27°C.,,,GEOS?,,
Cheryl,"Did nighttime brightness over Houston decrease on May 18, 2024, compared to April 2024?",,verified,,,,verified,,https://www.earthobservatory.nasa.gov/images/152843/derecho-darkens-houston,,,,,"VIIRS
Landsat 9",,
Cheryl,"Did nighttime light intensity across Puerto Rico decline between September 21, 2016, and September 22, 2016?",,verified,,,,verified,,https://earthobservatory.nasa.gov/images/88796/puerto-rico-goes-dark,,"Late on September 21, 2016, a fire at a power plant substation in southern Puerto Rico triggered a cascade of problems across the island’s aging electrical grid. The event knocked out power to nearly 1.5 million customers.

From space, the effects appeared dramatic. The Visible Infrared Imaging Radiometer Suite (VIIRS) on the Suomi NPP satellite captured these nighttime images of Puerto Rico before and after the outage. The upper image was acquired at 2:50 a.m. local time (06:50 Universal Time) on September 21, 2016; the lower image shows the island at 2:31 a.m. local time (06:31 Universal Time) on September 22, 2016.
",,,VIIRS,https://code.earthengine.google.com/abceb0512674f66513dc9cf8439cc9d9,
Cheryl,"Did nighttime light intensity in Al Bayda, Libya, decrease on September 13, 2023, compared to September 8, 2023?",,verified,,,,verified,,https://earthobservatory.nasa.gov/images/151855/tracking-nightlights-in-libya,,There was a substantial loss of power evident in the vicinity of Derna and Al Bayda in the September 13 image when compared to the baseline image,,,VIIRS,,
Cheryl,"Did nighttime lights in Obolon, Ukraine, decrease in May 2022 compared to March 2022?",No,verified,,,,verified,,https://earthobservatory.nasa.gov/images/150002/tracking-night-lights-in-ukraine,,"After a significant reduction of lights in March, power has slowly been restored and regular human activity has appeared to pick up in several parts of the country, particularly around the capital.",,,VIIRS,,
Chia-Hsiang,Did northern Cambodia have more active fire detections than southern Cambodia between August 2016 and February 2018?,,,,verified,,double reviewed,,https://earthobservatory.nasa.gov/images/91771/its-fire-season-in-southeast-asia,,,,,"VIIRS
Landsat 8",,
Chia-Hsiang,Did over half of the total land area in the Isles Dernières Barrier Islands Refuge become permanently lost to erosion and sea level rise from 2000 to 2024?,No,,,verified,,double reviewed,,https://landsat.gsfc.nasa.gov/article/forty-years-of-change-in-louisianas-wetlands/,https://landsat.gsfc.nasa.gov/wp-content/uploads/2025/05/Louisiana-Wetlands-v9.mp4,"Not all change involves loss. In the Isles Dernieres Barrier Islands Refuge, shown above, various restoration projects over the past three decades have rebuilt these barrier islands. With sand dredged from the ocean floor and the Mississippi River, these revitalized islands help protect nearby communities from storm surge.
 ",,,"Landsat 5
Landsat 9",,
Chia-Hsiang,Did Phoenix experienced a record 40 consecutive days in which the land surface temperature exceeded 110 degrees Fahrenheit in the summer of 2023? ,No,,,verified,,double reviewed,,https://www.nasa.gov/centers-and-facilities/jpl/nasa-data-shows-fierce-surface-temperatures-during-phoenix-heat-wave/,https://www.nasa.gov/wp-content/uploads/2023/08/1-pia25868-viirs-lst-night-phoenix-v16-jplwebsite.m4v,,,,VIIRS,,
Chia-Hsiang,Did Pittsburgh have its warmest February in 2018 (surface temperatures at 2 meters) compared to 2010 to 2017?,,,,verified,,double reviewed,,https://www.nesdis.noaa.gov/news/record-february-warmth-the-eastern-united-states,https://www.nesdis.noaa.gov/s3/styles/webp/s3/migrated/20180221-RTMA.png.webp?itok=YLRym-3M,"1. Several cities set new records for their warmest February temperatures ever recorded. Pittsburgh, Pennsylvania and Cincinnati, Ohio reached 78 and 79 degrees (°F), respectively, on February 20, while the temperature in New York City soared to 78 degrees on February 21, the National Weather Service reported.",,temperature,NOAA's Real-Time Mesoscale Analysis,,
Cheryl,"Did Punjab and Haryana have less than 20,000 fires detections in November, 2024, as observed with the VIIRS sensor?",,verified,,,,verified,,https://earthobservatory.nasa.gov/images/153826/is-fire-activity-declining-in-northwestern-india,,,,,VIIRS,,
Cheryl,Did Punjab and Haryana have the most amount of active fire detections in 2016 compared to all other years from 2012 to 2024?,,verified,,,,double reviewed,,https://earthobservatory.nasa.gov/images/153826/is-fire-activity-declining-in-northwestern-india,,The past two years were the two lowest years on record; the most active was 2016.  ,,,VIIRS,,
Aarush,"Did regions of the Pacific Northwest like Dallasport, Washington and Medford, Oregon reach temperatures above 105 degrees fahrenheit?",,verified,,verified,,,,https://earthobservatory.nasa.gov/images/150152/a-july-of-extremes,,"Temperatures reached highs of 110°F (43°C) in Dallasport, Washington, and 114°F (46°C) in Medford, Oregon.",,,GEOS?,,
Aarush,"Did Sacramento, California experience 2-meter air temperatures above 110 degrees fahrenheit in September 2022?",,verified,,double reviewed,,,,https://earthobservatory.nasa.gov/images/150318/a-long-lasting-western-heatwave,,"In early September 2022, a long-lasting heat dome settled over the U.S. West and brought scorching temperatures that set all-time record highs.

All-time high temperatures ranging into the mid-110s Fahrenheit were recorded in the California cities of Santa Rosa, Napa, Livermore, Redwood City, San Jose, and King City. Both Merced and Sacramento reached 116°F (46.7°C), their highest temperatures since record-keeping began in 1899 and 1877, respectively. The Sacramento record, which was previously 110°F (43.3°C), was broken by a significant margin.",,,GEOS?,,
Cheryl,Did San Jose have a higher average nitrogen dioxide concentration than Los Angeles from 2018 to 2019?,No,verified,,,,verified,,https://earthobservatory.nasa.gov/images/151005/nitrogen-dioxide-in-the-neighborhood,,,,,Sentinel-5P,,
Aarush,Did sea surface temperatures in the Arabian Sea reach at least 30 degrees Celcius in June of 2023?,,verified,,double reviewed,,,,https://earthobservatory.nasa.gov/images/151463/cyclone-biparjoy-churns-toward-india-and-pakistan,,"According to Roxy Mathew Koll, a climate scientist at the Indian Institute of Tropical Meteorology, sea surface temperatures in the Arabian Sea were 31°C to 32°C in early June, which was 2°C to 4°C above the climatological mean.",,,News,,
Aarush,"Did sea surface temperatures near the coast of La Jolla, California exceed 23 degrees Celcius on August 1, 2018?",,double reviewed,,verified,,,,https://earthobservatory.nasa.gov/images/92563/record-warm-waters-off-southern-california,,"On August 1, 2018, researchers from the Scripps Institution of Oceanography observed water temperatures of 25.9 degrees Celsius (78.6 degrees Fahrenheit) along the coast at La Jolla, exceeding the previous record of 25.8°C (78.4°F) set in 1931.",,,News,,
Chia-Hsiang,"Did Shanhai experience higher land surface temperature anomalies than Beijing during August 5-12, 2013 relative to the 2000-2012 average for that week?",,,,double reviewed,,verified,,https://earthobservatory.nasa.gov/images/81870/heat-wave-in-china,,,,,MODIS-Terra,https://code.earthengine.google.com/df4b4489f672eac487e0b0b9a7fc71f4,"// Define the Area of Interest (AOI) for Shanghai and Beijing
var shanghai = ee.Geometry.Point([121.4737, 31.2304]);
var beijing = ee.Geometry.Point([116.4074, 39.9042]);

// Define the date range for the anomaly period
var anomalyStartDate = '2013-08-05';
var anomalyEndDate = '2013-08-12';

// Define the baseline period for the long-term average
var baselineStartYear = 2000;
var baselineEndYear = 2012;

// Load the MODIS Land Surface Temperature (LST) dataset
var modisLST = ee.ImageCollection('MODIS/061/MOD11A1');

// --- Calculations for Shanghai ---

// Calculate the long-term average LST for the baseline period in Shanghai
var baselineShanghai = ee.ImageCollection(
  ee.List.sequence(baselineStartYear, baselineEndYear).map(function(year) {
    var startDate = ee.Date.fromYMD(year, 8, 5);
    var endDate = ee.Date.fromYMD(year, 8, 12);
    return modisLST.filter(ee.Filter.date(startDate, endDate))
                   .select('LST_Day_1km')
                   .mean()
                   .multiply(0.02) // Apply scale factor to get Kelvin
                   .subtract(273.15); // Convert to Celsius
  })
).mean();

// Calculate the average LST for the anomaly period in 2013 in Shanghai
var anomalyShanghai = modisLST.filter(ee.Filter.date(anomalyStartDate, anomalyEndDate))
                              .select('LST_Day_1km')
                              .mean()
                              .multiply(0.02) // Apply scale factor
                              .subtract(273.15); // Convert to Celsius

// Calculate the LST anomaly for Shanghai
var lstAnomalyShanghai = anomalyShanghai.subtract(baselineShanghai);

// --- Calculations for Beijing ---

// Calculate the long-term average LST for the baseline period in Beijing
var baselineBeijing = ee.ImageCollection(
  ee.List.sequence(baselineStartYear, baselineEndYear).map(function(year) {
    var startDate = ee.Date.fromYMD(year, 8, 5);
    var endDate = ee.Date.fromYMD(year, 8, 12);
    return modisLST.filter(ee.Filter.date(startDate, endDate))
                   .select('LST_Day_1km')
                   .mean()
                   .multiply(0.02) // Apply scale factor
                   .subtract(273.15); // Convert to Celsius
  })
).mean();

// Calculate the average LST for the anomaly period in 2013 in Beijing
var anomalyBeijing = modisLST.filter(ee.Filter.date(anomalyStartDate, anomalyEndDate))
                            .select('LST_Day_1km')
                            .mean()
                            .multiply(0.02) // Apply scale factor
                            .subtract(273.15); // Convert to Celsius

// Calculate the LST anomaly for Beijing
var lstAnomalyBeijing = anomalyBeijing.subtract(baselineBeijing);

// --- Print the results ---

// Use reduceRegion to get the numerical anomaly values for the points of interest
var anomalyValueShanghai = lstAnomalyShanghai.reduceRegion({
  reducer: ee.Reducer.mean(),
  geometry: shanghai,
  scale: 1000
}).get('LST_Day_1km');

var anomalyValueBeijing = lstAnomalyBeijing.reduceRegion({
  reducer: ee.Reducer.mean(),
  geometry: beijing,
  scale: 1000
}).get('LST_Day_1km');

print('Shanghai Land Surface Temperature Anomaly (Celsius):', anomalyValueShanghai);
print('Beijing Land Surface Temperature Anomaly (Celsius):', anomalyValueBeijing);"
Chia-Hsiang,"Did Sierra Estrella show higher land surface temperature than PHX Airport in July 19, 2023?",,,,verified,,double reviewed,,https://www.nasa.gov/centers-and-facilities/jpl/nasa-data-shows-fierce-surface-temperatures-during-phoenix-heat-wave/,https://www.nasa.gov/wp-content/uploads/2023/08/1-pia25868-viirs-lst-night-phoenix-v16-jplwebsite.m4v,"From July 1 to July 19, the built surfaces in the maps grew progressively hotter, likely the combined effect of the heat wave intensifying and the cumulative heating of those human-made structures. Due to their high heat capacity, these surfaces didn’t fully cool overnight before the onset of the next day’s heat, said Glynn Hulley, the JPL climate scientist who produced the series.",,,VIIRS,,
Cheryl,"Did smoke from the Lynx Mountain fire in northeastern Washington spread into British Columbia on September 13, 2025?",,double reviewed,,,,verified,,https://earthobservatory.nasa.gov/images/154797/smoky-skies-in-the-pacific-northwest,,"On September 13, 2025, the MODIS (Moderate Resolution Imaging Spectroradiometer) on NASA’s Terra satellite captured this view of smoke spreading from the Lynx Mountain fire across the northeastern part of the state and into British Columbia",,,MODIS-Terra,,
Cheryl,"Did smoke plumes from the Itcha Lake fire spread south into the US Pacific Northwest on September 2, 2025?",No,verified,,,,double reviewed,,https://earthobservatory.nasa.gov/images/154751/bc-wildfires-send-smoke-skyward,,"On the afternoon of September 2, 2025, the MODIS (Moderate Resolution Imaging Spectroradiometer) on NASA’s Aqua satellite captured this image of smoke pouring from wildfires in the Cariboo region. Most were burning within the western part of this region, which spans 8.2 million hectares (20 million acres) of British Columbia’s central interior.",,,MODIS-Aqua,,
Cheryl,"Did surface water extent in Keechelus Lake, Washington, decrease between July 2024 and July 2025?",,verified,,,,double reviewed,,https://earthobservatory.nasa.gov/images/154703/drought-parches-the-yakima-river-basin,,"Water storage in the basin’s five reservoirs has dropped sharply as well, bringing levels, at times, to some of the lowest measured since record-keeping started in 1971. The OLI (Operational Land Imager) on Landsat 8 captured this image (above right) of three of the Yakima basin reservoirs on July 29, 2025, the most recent date a clear image of the reservoirs was available.",,,Landsat 8,,
Cheryl,"Did surface water extent in southern Iran increase on January 7, 2022 compared to December 14, 2021?",,double reviewed,,,,verified,,https://earthobservatory.nasa.gov/images/149325/flash-floods-swamp-iran,,"The Moderate Resolution Imaging Spectroradiometer (MODIS) on NASA’s Aqua satellite captured imagery of flooding in southern Iran on January 7, 2022. For comparison, the second image shows the same area on December 14, 2021, before the storms hit. ",,,MODIS-Aqua,,
Cheryl,"Did surface water extent increase along the Indus River floodplain in Pakistan between July 1, 2022 and August 28, 2022?",,double reviewed,,,,verified,,https://earthobservatory.nasa.gov/images/154781/monsoon-rains-flood-pakistan,,"The image on the right shows flooding along major rivers in the region on September 9, 2025. For comparison, the left image shows the area on the same day in 2023, when monsoon rainfall amounts were close to normal. The images were acquired with the VIIRS (Visible Infrared Imaging Radiometer Suite) on the NOAA-20 satellite and are false-color to emphasize the presence of water.

Mid-August brought torrential rains to mountainous northern areas of the country, triggering damaging and deadly flash floods and landslides as the water worked its way downstream. By the end of the month, monsoon rain totals were 21 percent above normal nationwide and 36 percent higher in Punjab province. As of September 4, nearly 4 million people in eastern Punjab were affected, and close to 2 million were evacuated. About 4,000 villages were inundated by overflowing rivers.
",,,"VIIRS

Sentinel 2",,
Aarush,"Did temperatures exceed 100 degrees fahrenheit in Prescott, Arizona during the month of June in 2017?",,double reviewed,https://www.wunderground.com/cat6/summary-great-southwest-us-heat-wave-2017,verified,,,,https://earthobservatory.nasa.gov/images/90501/fires-in-the-southwest,,"In Prescott, Arizona, temperatures topped 100 degrees Fahrenheit (38 Celsius) during the recent heat wave",,,News?,,
Aarush,"Did Dallasport, Washington reach air temperatures of at least 95 degrees fahrenheit in July 2022?",,unreviewed,,verified,,,,https://earthobservatory.nasa.gov/images/150152/a-july-of-extremes,,"In mid- to late July, blistering heat baked the Great Plains with highs reaching 115°F (46°C) and heat indices exceeding 120°F (49°C). ",,,GEOS?,,
Cheryl,Did the aerosol optical depth over the Sichuan Basin in southwestern China decrease between 2006 and 2020?,,verified,,,,verified,,https://earthobservatory.nasa.gov/images/150918/sichuans-smoggy-basin,,"According to their analysis of MODIS optical depth data, the rate of decrease went from 0.02 per year between 2006 and 2012 to 0.06 per year between 2012 and 2020.",,,MODIS-Terra,,
Cheryl,"Did the air temperature reach over 50 degrees Celsius at the Furnace Creek Visitor's Center on June 30, 2013?",,double reviewed,,,,verified,,https://earthobservatory.nasa.gov/images/81562/death-valley-claims-a-heat-title-again,," The air temperature rose to 129.2 °Fahrenheit (54 °Celsius) at the Furnace Creek Visitor's Center on June 30, 2013",,,ERA5?,,
Chia-Hsiang,"Did the air temperature reach over 58 degrees Celsius at the Furnace Creek Visitor's Center on June 30, 2013?",No,,,double reviewed,,verified,,https://earthobservatory.nasa.gov/images/81562/death-valley-claims-a-heat-title-again,," The air temperature rose to 129.2 °Fahrenheit (54 °Celsius) at the Furnace Creek Visitor's Center on June 30, 2013",,,ERA5?,,
Aarush,"Did the Alisal Fire cover less than 10,000 acres from October 11, 2021 to October 13, 2021?",no,verified,,verified,,,,https://earthobservatory.nasa.gov/images/148950/alisal-fire-rages-near-santa-barbara,,"After igniting near the Alisal reservoir on October 11, the fast-moving blaze charred 13,400 acres (54 square kilometers) by the afternoon of October 13.",,,MODIS-Aqua,,
Chia-Hsiang,"Did the area around Walvis Bay, Nambia during February, 2021 show higher NDVI than the 2010 to 2020 average for the same month?",no,,,double reviewed,,verified,,https://earthobservatory.nasa.gov/images/147924/abundant-rain-turns-namibia-green,,"January 2021 saw rainfall totals double to triple the norm in the northeastern, central, and southern parts of Namibia. According to a weather monitor in Windhoek, 228 millimeters (9 inches) of rain fell in January; the long-term average is 85 millimeters (3 inches).",,,MODIS-Terra,,
Aarush,"Did the area around Windhoek, Nambia appear greener on February 7, 2021 as compared to the same region on January 29, 2020?",,verified,,double reviewed,,,,https://earthobservatory.nasa.gov/images/147924/abundant-rain-turns-namibia-green,,"January 2021 saw rainfall totals double to triple the norm in the northeastern, central, and southern parts of Namibia. According to a weather monitor in Windhoek, 228 millimeters (9 inches) of rain fell in January; the long-term average is 85 millimeters (3 inches).",,,MODIS-Terra,,
Chia-Hsiang,"Did the area around Windhoek, Nambia during February, 2021 show higher NDVI than the 2010 to 2020 average for the same month?",,,,double reviewed,,verified,,https://earthobservatory.nasa.gov/images/147924/abundant-rain-turns-namibia-green,,"January 2021 saw rainfall totals double to triple the norm in the northeastern, central, and southern parts of Namibia. According to a weather monitor in Windhoek, 228 millimeters (9 inches) of rain fell in January; the long-term average is 85 millimeters (3 inches).",,,MODIS-Terra,,
Cheryl,"Did the area of open water around Bay Dosgris, south of New Orleans, increase from 1985 to 2024 relative to wetland areas?",,verified,,,,verified,,https://earthobservatory.nasa.gov/images/154302/forty-years-of-change-in-louisianas-wetlands,,,,,"Landsat 5
Landsat 8
Landsat 9",,
Cheryl,"Did the burn scar area near Hermit Park in Santa Fe, New Mexico (35.759, 105.503), increase between April 19, 2022, and April 23, 2022?",,double reviewed,,,Coordinates from: https://en.wikipedia.org/wiki/Calf_Canyon/Hermits_Peak_Fire,verified,,https://earthobservatory.nasa.gov/images/149748/wildfires-scorch-northern-new-mexico,,"Fire season in New Mexico arrived early and aggressively in 2022, fueled by strong, gusty winds, extremely low humidity, and an exceedingly dry landscape. As of April 19, nearly 99 percent of the state was dealing with some level of drought, according to the U.S. Drought Monitor, with 63 percent rated at extreme to exceptional levels of dryness. Amid those conditions, nearly 137,000 acres of forests and grasslands were burning in five major fires across New Mexico on April 25.

The images above provide three satellite views of the area near Santa Fe on April 23. The natural-color and false-color (shortwave infrared and visible light, bands 7-2-1) images were acquired by the Moderate Resolution Imaging Spectroradiometer (MODIS) on NASA’s Aqua satellite. The false-color view makes it easier to distinguish the burn scar on the landscape. The nighttime view was acquired around 2 a.m. local time on April 23 with the Visible Infrared Imaging Radiometer Suite (VIIRS) on the NOAA-NASA Suomi NPP satellite.
",,,MODIS-Aqua,,
Cheryl,"Did the burned area north and west of Pacific Palisades, California increase between January 6, 2025 and January 14, 2025?",,verified,,,,double reviewed,,https://earthobservatory.nasa.gov/images/153831/the-palisades-fires-footprint,,"The images above, acquired on January 14 by the OLI-2 (Operational Land Imager-2) on Landsat 9, show the area affected by the fire. In the natural color image (left), visibly charred areas stretch to the north and west of Pacific Palisades. Several lines of bright red or pink fire retardant dropped by aircraft appear along the perimeter of the burned area. (These are more visible in the larger image.)

The false-color image (right) combines shortwave infrared, near infrared, and visible components (OLI bands 6-5-3) of the electromagnetic spectrum. This band combination makes it easier to identify unburned vegetation (green) and recently burned landscape (light to dark brown).
",,,"Landsat 8
Landsat 9",,
Aarush,Did the Central Valley of California experience at least 15 inches of rainfall between October 2022 and March 2023?,,double reviewed,,verified,,,,https://earthobservatory.nasa.gov/images/151438/satellites-show-gains-in-california-water,,"Between October 2022 and March 2023, storms provided enough water to raise the amount of water within the “swimming pool” by about 20 inches (about 500 millimeters)",,,News (GRACE),,
Aarush,Did the Central Valley of California have a higher water height equivalent in October 2022 than March 2023?,no,double reviewed,,verified,,,,https://earthobservatory.nasa.gov/images/151438/satellites-show-gains-in-california-water,https://eoimages.gsfc.nasa.gov/images/imagerecords/151000/151438/CaliforiaWater_GRACEFO_2022_2023.jpg,"Between October 2022 and March 2023, storms provided enough water to raise the amount of water within the “swimming pool” by about 20 inches (about 500 millimeters)

The gain in water between October 2022 and March 2023 is apparent in the maps above. Blue colors represent areas where conditions were wetter than average (relative to 2004–2010), while red colors were drier than average.",,,News (GRACE),,
Aarush,Did the coastal city of La Serena experience at least 6cm of rainfall in July 2022?,,double reviewed,,verified,,,,https://earthobservatory.nasa.gov/images/150100/snow-blanket-for-the-andes,,"On July 7, the coastal city of La Serena had a year-to-date rainfall deficit of about 80 percent (compared to the mean from 1990-2020). The storms delivered 8 centimeters (3 inches) of rain, bringing the city to a 64 percent surplus.",,,News,,
Chia-Hsiang,"Did the cropland around the North Crimean Canal in Ukraine apprear browner between June 3 and July 19, 2023?",,,,double reviewed,,verified,,https://earthobservatory.nasa.gov/images/151622/canals-in-ukraine-are-drying-up,,,,,Landsat 9,,
Cheryl,"Did the Cuyuni River (6.437929, -58.628264) appear lighter in color than the Mazaruni and Essequibo Rivers near their confluence (6.407305, -58.606792) on August 16, 2023?",,double reviewed,,,,verified,,https://earthobservatory.nasa.gov/images/154830/land-of-many-waters-and-much-sediment,,"The difference in water color between the Cuyuni and the other two rivers is due to varying amounts of small particles floating in the water, or suspended sediment. When the image was acquired, the darker waters of the Mazaruni and Essequibo likely contained less suspended sediment, allowing tannins—organic compounds from decaying vegetation—to stain the water a dark brown color. In contrast, the Cuyuni appeared light brown because it was carrying what Colby College hydrologist Evan Dethier described as “enormous” amounts of fine-grained sediment",,,Landsat 8,,
Cheryl,Did the glacial ice and snow cover on Mount Stanley in the Rwenzori Mountains decrease between 2020 and 2024?,,verified,,,,verified,,https://earthobservatory.nasa.gov/images/154313/mountains-of-the-moon,,"The Rwenzori Mountains, along with Kilimanjaro and Mount Kenya east of this image, contain the bulk of East Africa’s tropical glaciers. All of them are in strong decline.

The white cap atop Mount Stanley, visible in the detailed image above, is a combination of glacial ice and snow. Researchers surveying the mountain’s glaciers found that the area of the Stanley Plateau glacier decreased by 29.5 percent between 2020 and 2024. T",,,Landsat 9,,
Cheryl,Did the global ocean surface color show a shift toward a greener hue between 2002 and 2022?,,verified,,,,verified,,https://earthobservatory.nasa.gov/images/151894/climate-change-lends-new-color-to-the-ocean,,"The map above highlights the areas where ocean surface color changed between 2002 and 2022, with darker shades of green representing more-significant differences (higher signal-to-noise ratio).",,,MODIS-Aqua,,
Cheryl,"Did the inundation region within a 10 km radius around Ingeniero White port, Argentina, increase on March 11, 2025 compared to January 30, 2025?",,verified,,,,verified,,https://www.earthobservatory.nasa.gov/images/154047/bahia-blanca-inundated,,"The false-color images above show the city and its surroundings on January 30 (left) and March 11 (right), before and after the rainstorm. They were acquired with the OLI-2 (Operational Land Imager-2) on Landsat 9 and the OLI on Landsat 8, respectively. The band combination (7-5-4) used in the images makes it easier to distinguish between water, land, and vegetation. Flooded areas are visible in developed areas, particularly near the coast, as well as in the surrounding fields.",,,"Landsat 8
Landsat 9",,
Cheryl,"Did the Jianghan District of Wuhan show lower nightime light intensity on February 4, 2020, compared to January 19, 2020?",,verified,(VNP46A2),,,double reviewed,,https://earthobservatory.nasa.gov/images/146481/nighttime-images-capture-change-in-china,,"The images were acquired before and after transportation networks and most business activities were shut down in the province of 60 million people. In the wide views above, note how highways and metropolitan areas grow dimmer after the lockdown. The detailed images below focus on lighting changes in Jianghan District, a commercial area of Wuhan, and nearby residential areas.",,,VIIRS,,
Cheryl,Did the land area of Great Fox Island decrease between 1999 and 2019?,,double reviewed,,,,double reviewed,,https://earthobservatory.nasa.gov/images/145927/great-fox-is-disappearing,,"When the island was first discovered in 1773, it spanned more than 400 acres (1.6 square kilometers). By 2019, just 34 acres (0.1 square kilometers) remained.",,,"Landsat 7
Landsat 8",,
Chia-Hsiang,Did the land area of Smith Island decrease between 1999 and 2019?,,,,verified,,double reviewed,,https://earthobservatory.nasa.gov/images/145927/great-fox-is-disappearing,,"When the island was first discovered in 1773, it spanned more than 400 acres (1.6 square kilometers). By 2019, just 34 acres (0.1 square kilometers) remained.",,,"Landsat 7
Landsat 8",,
Cheryl,"Did the land surface in Denmark appear more brown in July 24, 2018 compared to July 19, 2017?",,verified,,,,verified,,https://earthobservatory.nasa.gov/images/92490/heatwave-turns-europe-brown,,"A persistent heatwave has been lingering over parts of Europe, setting record high temperatures and turning typically green landscapes to brown.

The images above show browning in north-central Europe on July 24, 2018. For comparison, the second image shows the same area one year ago. Both images were acquired by the Moderate Resolution Imaging Spectroradiometer (MODIS) on NASA’s Terra satellite.
",,,MODIS-Terra,,
Cheryl,Did the Lut Desert experience land surface temperatures above 75 degrees Celsius in 2018?,,verified,,,,double reviewed,,https://modis.gsfc.nasa.gov/gallery/individual.php?db_date=2024-04-06,,,,,Modis-Aqua,,
Chia-Hsiang,"Did the mean tropospheric nitrogen dioxide levels in Beijing all decrease during February 10-25, 2020 compared to January 1-20, 2020?",,,Split it up,,,,"Could split this up? If not, feel free to mark as verified :)",https://earthobservatory.nasa.gov/images/146362/airborne-nitrogen-dioxide-plummets-over-china,,,,,Sentinel 5P,,
Chia-Hsiang,"Did the mean tropospheric nitrogen dioxide levels in Beijing, Chongqing, and Wuhan all decrease during February 10-25, 2020 compared to January 1-20, 2020?",,,a all-in-one version,,,,"Could split this up? If not, feel free to mark as verified :)",https://earthobservatory.nasa.gov/images/146362/airborne-nitrogen-dioxide-plummets-over-china,,,,,Sentinel 5P,,
Cheryl,"Did the mean tropospheric nitrogen dioxide levels in Hong Kong decrease during February 10-25, 2020 compared to January 1-20, 2020?",,verified,,,,double reviewed,,https://earthobservatory.nasa.gov/images/146362/airborne-nitrogen-dioxide-plummets-over-china,,,,,Sentinel 5P,,
Cheryl,"Did the mean tropospheric nitrogen dioxide levels over Hong Kong increase between February 10-25, 2020 and April 20-May 12, 2020? ",,verified,,,,verified,,https://earthobservatory.nasa.gov/images/146741/nitrogen-dioxide-levels-rebound-in-china,,,,,Sentinel 5P,,
Cheryl,"Did the mean tropospheric nitrogen dioxide levels over Shanghai increase between February 10-25, 2020 and April 20-May 12, 2020? ",,verified,,,,double reviewed,,https://earthobservatory.nasa.gov/images/146741/nitrogen-dioxide-levels-rebound-in-china,,,,,Sentinel 5P,,
Chia-Hsiang,"Did the mean tropospheric nitrogen dioxide levels over Taiwan increase between February 10-25, 2020 and April 20-May 12, 2020? ",no,,,verified,,verified,,https://earthobservatory.nasa.gov/images/146741/nitrogen-dioxide-levels-rebound-in-china,,,,,Sentinel 5P,,
Cheryl,"Did the nighttime brightness at Biju Patnaik Airport decrease more than the brightness at Saheed Nagar (20.290813, 85.848691) between April 30, 2019 and May 5, 2019?",,verified,,,,double reviewed,,https://earthobservatory.nasa.gov/images/145017/lights-out-after-cyclone-fani,,"The images above show Bhubaneswar, the capital and largest city in the state. According to media reports on May 8, only a few percent of the people in the city have electricity. The Biju Patnaik International Airport suffered considerable damage to the passenger terminal, while the roof of the air traffic control tower was blown away.",,,VIIRS,,
Chia-Hsiang,"Did the nighttime brightness at Cuttack, Odisha decrease from April 30, 2019 to May 4, 2019?",,,,verified,,double reviewed,,https://earthobservatory.nasa.gov/images/145017/lights-out-after-cyclone-fani,,"The images above show Bhubaneswar, the capital and largest city in the state. According to media reports on May 8, only a few percent of the people in the city have electricity. The Biju Patnaik International Airport suffered considerable damage to the passenger terminal, while the roof of the air traffic control tower was blown away.",,,VIIRS,,
Cheryl,"Did the NVDI within a 10 mile raidus over coordinates (39.493523, -122.107805) decrease between September 4, 2021 and Septebmer 16, 2022?",,verified,,,,verified,,https://earthobservatory.nasa.gov/images/150412/a-rough-year-for-rice-in-california,,"The scale of the change is visible from space. The right side of the image pair above shows a major rice-producing area east of Willows on September 16, 2022; the left side shows the same area on September 4, 2021. Tens of thousands of acres of farmland that would normally be green as farmers prepare for harvest were instead brown and idle in 2022.",,,MODIS-Terra,,
Aarush,Did the rate of cropland expansion slow in Africa from 2016-2019 compared to 2004-2007?,no,double reviewed,,verified,,,,https://earthobservatory.nasa.gov/images/149624/crop-expansion-accelerates-in-africa,,"While the rate of cropland expansion slowed in South America over the past two decades, it accelerated in Africa. There was a more than twofold increase from 2016–2019 compared to 2004–2007.",,,"MODIS-Terra
MODIS-Aqua
Landsat 5
Landsat 7
Landsat 8",,
Aarush,"Did the regions around Mount Isa and Townsville in Queensland experience at least 45 centimeters of rainfall between January 27 to February 10, 2019?",,double reviewed,,verified,,,,https://earthobservatory.nasa.gov/images/144545/summer-floods-in-australia,,The map above shows the tremendous amount of rain that fell around the Mount Isa and Townsville areas from January 27 to February 10—as much as 55 centimeters (22 inches) in places.,,,GPM,,
Chia-Hsiang,"Did the regions around Mount Isa and Townsville in Queensland experience over 65 centimeters of rainfall between January 27 to February 10, 2019?",no,,"Yes, it should be no",double reviewed,,verified,,https://earthobservatory.nasa.gov/images/144545/summer-floods-in-australia,,The map above shows the tremendous amount of rain that fell around the Mount Isa and Townsville areas from January 27 to February 10—as much as 55 centimeters (22 inches) in places.,,,GPM,,
Chia-Hsiang,"Did the sea surface temperatures in March 2022 at a location 100 km offshore east of Cairns, Australia, show temperature changes greater than 1°C compared to the overall average water temperatures from 2003 to 2014?",,,,verified,,verified,,https://earthobservatory.nasa.gov/images/149666/great-barrier-reef-mass-bleaching-event,https://eoimages.gsfc.nasa.gov/images/imagerecords/149000/149666/gbrssta_mur_202273.jpg,"The most recent episode of warming began with SSTs rising in the waters off Queensland in December 2021, according to NOAA Coral Reef Watch. NOAA researchers monitor SST data from four stations along the 2,300-kilometer (1,400-mile) length of the reef.

In early March 2022, water temperatures spiked and stayed high for several weeks, creating marine heatwave conditions. The map above shows the SST anomalies off the northeast coast of Australia on March 14, 2002, when many areas were more than 2°C (3.6°F) warmer than normal. (Rather than showing absolute temperature, the anomaly reflects the difference between the daily SST and the 12-year average SST from 2003 through 2014.)",landsat_149666,,News,,
Cheryl,"Did the shoreline near Rasheed in Egypt retreat inland between July 25, 1984 and August 16, 2021?",,verified,,,,verified,,https://earthobservatory.nasa.gov/images/149699/keeping-a-satellite-eye-on-gerd,,,,,Landsat 8,,
Chia-Hsiang,Did the snow water equivelent at Donner Pass higher in February than April in 2022?,,,,verified,,verified,,https://earthobservatory.nasa.gov/images/149798/wild-fluctuations-in-sierra-snow,,"The peak snow water equivalent across the 39-year record (dashed line) usually occurs around March 24, with a median at 37.2 inches. In 2022, SWE peaked at 27.6 inches on January 12 and started falling on February 6. The data in the graph come from the SNOTEL network, which is managed by the U.S. Department of Agriculture.",,,ERA5,,
Chia-Hsiang,Did the Sonoran Desert experience land surface temperatures above 75 degrees Celsius in 2019?,,verified,,verified,,verified,,https://modis.gsfc.nasa.gov/gallery/individual.php?db_date=2024-04-06,,,,,MODIS-Aqua,,
Cheryl,"Did the surface water area of Poyang Lake in China’s Jiangxi Province decrease between July 10, 2022 and August 27, 2022?",,verified,,,,verified,,https://earthobservatory.nasa.gov/images/150285/parched-poyang-lake,,,,,Landsat 8,,
Cheryl,"Did the surface water extent of Lake Mead decrease between July 6, 2000 and July 3, 2022?",,verified,,,,verified,,https://earthobservatory.nasa.gov/images/150111/lake-mead-keeps-dropping?src=ve,,The water levels of Lake Mead—the largest reservoir in the U.S.—have dropped dramatically in the last few decades.,,,Landsat 9,,
Cheryl,Did the surface water width of the Mississippi River near Memphis decrease on September 2023 compared to September 2021?,,verified,,,,verified,,https://earthobservatory.nasa.gov/images/151897/the-mississippi-is-mighty-parched,,"Water levels were especially low near Memphis, Tennessee. The images above show the Mississippi River near Memphis on September 16, 2023 (left), compared to September 10, 2021 (right). The river was significantly slimmed down in 2023, exposing some of the river bottom.",,,Landsat 8,,
Cheryl,"Did the temperature over Córdoba airport reach over 40 degrees Celcius on April 26, 2023?",No,verified,,,,verified,,https://earthobservatory.nasa.gov/images/151366/spain-browned-by-drought,,"On April 26, hot air from North Africa swept over southern Spain and pushed the temperature at the Córdoba airport to 38.8°C (101.8°F), the highest April temperature recorded in continental Spain.",,,VIIRS,,
Chia-Hsiang,"Did the town of Marovoay have higher water extent in January 27, 2020 than January 18, 2017?",,,,verified,,double reviewed,,https://earthobservatory.nasa.gov/images/146225/flood-waters-overwhelm-northern-madagascar,,,,,Landsat 8,,
Cheryl,"Did the urban area in Mekele, Ethiopia, increase between 1984 and 2025?",,verified,,,,verified,,https://earthobservatory.nasa.gov/images/154760/breaking-new-ground-in-mekele,,"The pair of Landsat images above, acquired in 1984 (left) and 2025 (right), show Mekele’s transformation from a town of 60,000 people to a city of more than 500,000, complete with heavy industry, an airport, a cement plant, and large-scale planned residential neighborhoods.",,,"Landsat 5
Landsat 8",,
Cheryl,"Did the visible water extent in the North Crimean Canal in Ukraine decrease between June 3 and July 19, 2023?",,verified,,,,verified,,https://earthobservatory.nasa.gov/images/151622/canals-in-ukraine-are-drying-up,,,,,Landsat 9,,
Cheryl,"Did the volcanic plume from Mount Lewotobi Laki-Laki on the Indonesian island of Flores drift westward at about 2 pm local time on July 7, 2025?",,verified,,,,verified,,https://www.earthobservatory.nasa.gov/images/154520/towering-plume-from-mount-lewotobi-laki-laki,,"At about 2 p.m., the VIIRS (Visible Infrared Imaging Radiometer Suite) on the Suomi NPP satellite acquired this image of its volcanic plume drifting westward. The eruption was still ongoing as of that evening, the agency reported.",,,VIIRS,,
Chia-Hsiang,"Did the volcanic plume from Nyamulagira at Virunga National Park drift eastward on February 20, 2025, captured by Landsat 8?",No,,,double reviewed,,verified,,https://earthobservatory.nasa.gov/images/154037/nyamulagira-brings-the-heat,," thermal signal also appears near the end of a southwest-trending lava flow, approximately 3.3 kilometers (2 miles) from the crater’s west rim.",,,Landsat 8,,
Cheryl,"Did the water extent in Lake Killamperpunna increase between June 20, 2025 and September 15, 2025?",,double reviewed,,,,verified,,https://earthobservatory.nasa.gov/images/154803/cooper-creek-replenishes-lake-eyre,,,,,MODIS-Terra,,
Cheryl,"Did the water extent in the northern part of Lake Eyre increase between June 20, 2025 and September 15, 2025?",No,double reviewed,,,,verified,,https://earthobservatory.nasa.gov/images/154803/cooper-creek-replenishes-lake-eyre,,"The northwest part of Lake Eyre became drier, while its eastern side expanded",,,MODIS-Terra,,
Aarush,"Did the water extent of Elephant Butte Reservoir decrease between June 12, 1986 and June 9, 2020",,verified,,double reviewed,,,,https://earthobservatory.nasa.gov/images/147999/river-colors-are-changing,,,,,"Landsat 5
Landsat 7
Landsat 8",,
Cheryl,"Did the water extent of Lake Sambhar, India, decrease between 2018 and 2019?",,double reviewed,,,,double reviewed,,https://earthobservatory.nasa.gov/images/145180/lake-sambhar,,The number of flamingos and other birds has been dropping because of inconsistent monsoons and reduction of habitat. The lake has been included on a list of the planet’s large salt lakes that are in decline due to water diversions and climate change.,,,Landsat 8,,
Cheryl,Did the water in Lake Bosumtwi appear more green in December 2024 than in December 2015?,,verified,,,,double reviewed,,https://earthobservatory.nasa.gov/images/154739/an-explosive-beginning-for-lake-bosumtwi,,The greener water in 2024 is likely due to the lake having a higher concentration of some types of phytoplankton,,,Landsat 8,,
Aarush,"Did Trent River experience flooding between September 15 and September 20, 2017?",,double reviewed,,verified,,,,https://earthobservatory.nasa.gov/images/92786/a-broad-view-of-flooding-in-the-carolinas,,"The Trent River reached an all-time high of 29 feet (8.8 meters) on September 17, more than twice the flood stage (the height at which the river will overflow and cause damage).",,,Landsat 8,,
Cheryl,"Did tropospheric nitrogen dioxide (NO2) concentrations over New York City appear higher at 2:00-3:00 pm than at 5:00-6:00 pm local time on August 9, 2023?",,verified,,,,verified,,https://earthobservatory.nasa.gov/images/154320/celebrating-a-long-career-with-roots-on-long-island,,"The sequence of images above shows a plume of nitrogen dioxide (NO2) emerging from New York City around noon local time on August 9, 2023",,,TEMPO,https://code.earthengine.google.com/0dc734a1a2d20e30a51a05dbc4fc10e8,
Cheryl,"Did vegetation cover increase in Warburton Creek between June 20, 2025 and September 15, 2025?",,double reviewed,,,,verified,,https://earthobservatory.nasa.gov/images/154803/cooper-creek-replenishes-lake-eyre,,"Note how Warburton Creek appears blue in mid-June (left), indicating water was flowing, and then green in mid-September (right), suggesting the river flow had waned and vegetation had emerged in the riverbed",,,MODIS-Terra,,
Cheryl,"Did vegetation greenness decrease in farmland southeast of Calgary, Alberta, between August 19, 2025, and August 24, 2025?",,verified,,,,double reviewed,,https://earthobservatory.nasa.gov/images/154724/hail-scars-alberta-farmland,,"The pair of images above highlights the long swath of damage visible in satellite imagery in the aftermath of the storm. The first image (left) shows a mixture of farmland, grasslands, and forests southeast of Calgary on August 19, 2025; the second image (right) shows the same area on August 24, after the storm had battered the landscape. The images were acquired with the MODIS (Moderate Resolution Imaging Spectroradiometer) on NASA’s Terra and Aqua satellites, respectively.",,,"MODIS-Terra
MODIS-Aqua",https://code.earthengine.google.com/a46511a40402a944902526172e8b1367,"/**
 * Function to mask clouds using the Sentinel-2 QA band
 * @param {ee.Image} image Sentinel-2 image
 * @return {ee.Image} cloud masked Sentinel-2 image
 */
function maskS2clouds(image) {
  var qa = image.select('QA60');

  // Bits 10 and 11 are clouds and cirrus, respectively.
  var cloudBitMask = 1 << 10;
  var cirrusBitMask = 1 << 11;

  // Both flags should be set to zero, indicating clear conditions.
  var mask = qa.bitwiseAnd(cloudBitMask).eq(0)
      .and(qa.bitwiseAnd(cirrusBitMask).eq(0));

  return image.updateMask(mask).divide(10000);
}

var visualization = {
  min: 0.0,
  max: 0.3,
  bands: ['B4', 'B3', 'B2'],
};

Map.setCenter(-111.760162, 50.710872, 10);


var dataset = ee.ImageCollection('COPERNICUS/S2_SR_HARMONIZED')
                  .filterDate('2025-08-25', '2025-08-26')
                  // Pre-filter to get less cloudy granules.
                  .filter(ee.Filter.lt('CLOUDY_PIXEL_PERCENTAGE',20))
                  .map(maskS2clouds);
Map.addLayer(dataset.mean(), visualization, 'after');

var dataset_b = ee.ImageCollection('COPERNICUS/S2_SR_HARMONIZED')
                  .filterDate('2025-08-14', '2025-08-22')
                  // Pre-filter to get less cloudy granules.
                  .filter(ee.Filter.lt('CLOUDY_PIXEL_PERCENTAGE',20))
                  .map(maskS2clouds);
Map.addLayer(dataset_b.mean(), visualization, 'before');
"
Aarush,"Did Washington D.C. experience an air temperature difference of at least 24 degrees Celcius between January 29 and February 5, 2019?",,verified,,double reviewed,Could split into two questions: 1) Did Washington DC experience.... 2) Did NY experience....,,,https://earthobservatory.nasa.gov/images/144516/wild-winter-temperature-swings,,Measurements reported by the National Weather Service show that the daily high temperature in Boston jumped 26°C (47°F) between January 29 and February 5. New York and Washington D.C. warmed warmed by about 27°C.,,,GEOS?,,
Cheryl,Did water extent in Alsek Lake decrease between 1984 and 2010?,No,verified,,,,verified,,https://earthobservatory.nasa.gov/images/154764/alaskas-brand-new-island,,"This pair of images shows the extent of ice retreat and lake growth between 1984 and 2025. They were acquired in the summers of those years with the TM (Thematic Mapper) on Landsat 5 and the OLI-2 (Operational Land Imager-2) on Landsat 9, respectively.",,,"Landsat 5
Landsat 8
Landsat 9",,
Aarush,"Did Wilmington, North Carolina receive at least 90 inches of rainfall during the year of 2018?",,verified,,double reviewed,,,,https://earthobservatory.nasa.gov/images/144417/soggy-2018-for-the-eastern-us,,"Wilmington, North Carolina, has received a whopping 99.98 inches so far this year.",,,News (GRACE),,
Chia-Hsiang,Does Eastern Canada have higher carbon monoxide concentration on June 5th 2023 than June 1st 2023?,,,,verified,,double reviewed,,https://www.nasa.gov/earth/new-nasa-study-tallies-carbon-emissions-from-massive-canadian-fires/,https://www.nasa.gov/wp-content/uploads/2024/08/e1-svs-co-animation-web-compress.mp4,1. Carbon monoxide from Canada wildfires curls thousands of miles across North America in this animation showing data from summer 2023. Lower concentrations are shown in purple; higher concentrations are in yellow. Red triangles indicate fire hotspots.,,,Sentinel 5P,,
Aarush,"Does the area around (43.244129, -79.198692) apprear greener than (43.263113, -79.069485) in Lake Ontario on February 4, 2021?",,verified,,,,,,https://earthobservatory.nasa.gov/images/147933/winter-along-the-niagara-river,,,,,Landsat 8,,
Cheryl,"Does the floodplain along Cooper Creek, downstream of Windorah, 10 km radius around (-27.667421, 141.780304), show higher vegetation greenness on April 22, 2025 than on April 6, 2025?",,verified,,,,verified,,https://earthobservatory.nasa.gov/images/154233/floods-give-way-to-a-burst-of-desert-life,,"On April 6 (left), floodwaters filled the river channel downstream of Windorah, a town that saw some of its highest river levels on record in the preceding days. By April 22 (right), water levels had subsided somewhat, allowing vegetation to spring up from the moist ground.",,,"Landsat 9
Modis-Terra",,
Chia-Hsiang,"Does the forest fire burn over 0.8 million hectares of land in Quebec, Canada in 2023?",,,,verified,,verified,,https://earthobservatory.nasa.gov/images/151985/tracking-canadas-extreme-2023-fire-season,https://eoimages.gsfc.nasa.gov/images/imagerecords/151000/151985/canadafires_quebec_feds_2023204.mp4,"1. The animation above shows the largest Canadian fire in the FEDS database for 2023 as of September 19, 2023—a fire that had charred 1,224,938 hectares (4,730 square miles) in Quebec near the La Grande Reservoir 3. ",151985,,VIIRS,,
Chia-Hsiang,"Does the water 100 km south of Bear Island, Norway show more milky turquoise-blue color than that 250 km south of Bear Island on August 5, 2025?",,,,verified,,verified,,https://earthobservatory.nasa.gov/images/154651/bloom-time-in-the-barents-sea,,"The bloom is visible in this image, captured on August 5, 2025, by the MODIS (Moderate Resolution Imaging Spectroradiometer) on NASA’s Aqua satellite. The bloom swirled around Bear Island, an outer island of Norway’s Svalbard archipelago. The island lies about midway between the archipelago’s largest island, Spitsbergen (north of this scene), and mainland Norway, visible at the bottom of the image.

The milky turquoise-blue color likely comes from coccolithophores, notably Gephyrocapsa huxleyi (previously called Emiliania huxleyi)",,,MODIS-Aqua,https://code.earthengine.google.com/0aa371ef25f5536e28689427b6f85a26 or https://code.earthengine.google.com/2925e82abd72940abc00b762600dc46d,"// =======================
// Bear Island (Bjørnøya) reference
// =======================
var bearIsland = ee.Geometry.Point([19.017, 74.517]); // lon, lat

// Offset ~km south using degrees (≈111.32 km per degree latitude)
function southPoint(origin, kmSouth) {
  var dLat = ee.Number(kmSouth).divide(111.32);
  var lat = ee.Number(origin.coordinates().get(1)).subtract(dLat);
  var lon = ee.Number(origin.coordinates().get(0));
  return ee.Geometry.Point([lon, lat]);
}
var pt100 = southPoint(bearIsland, 100);
var pt250 = southPoint(bearIsland, 250);

// 10 km radius buffers for stats/visual clarity
var bufKm = 10;
var area100 = pt100.buffer(bufKm * 1000);
var area250 = pt250.buffer(bufKm * 1000);

// =======================
// Date: 2025-08-05 (±1 day, median composite)
// =======================
var start = ee.Date('2025-08-04');
var end   = ee.Date('2025-08-06');

// =======================
// MODIS Aqua surface reflectance (C61)
// Dataset: MODIS/061/MYD09GA (Aqua)
// Bands used: b03 (~469 nm, ""blue""), b04 (~555 nm, ""green"")
// =======================
var coll = ee.ImageCollection('MODIS/061/MYD09GA')
  .filterDate(start, end)
  .filterBounds(bearIsland)
  .select(['sur_refl_b03','sur_refl_b04','state_1km']);

// --- QA cloud mask (state_1km bits) ---
// Bits 0-1: Cloud state (0=clear, 1=cloudy, 2=mixed, 3=not set)
// Bit 10: Cirrus detected
function maskClouds(img) {
  var qa = img.select('state_1km').toInt16();

  // Bits 0–1: cloud state (0=clear, 1=cloudy, 2=mixed, 3=not set)
  var cloudState = qa.bitwiseAnd(3);         // no shift needed for bits 0–1
  var isCloudy   = cloudState.neq(0);

  // Example extra mask: single-bit flag (shift then AND 1)
  var cirrus = qa.rightShift(10).bitwiseAnd(1).eq(1);

  var clear = isCloudy.not().and(cirrus.not());
  return img.updateMask(clear);
}

var sr = coll.map(maskClouds)
             .median()
             .select(['sur_refl_b03','sur_refl_b04'])
             .rename(['B03','B04'])
             .multiply(0.0001);  // scale factor per MYD09 docs

// =======================
// OC3-style chlorophyll-a proxy
// Classic OC3M: X = log10(max(Rrs443,Rrs488)/Rrs551) then 10^(a0+a1X+...)
// Here we approximate with surface reflectance ratio B03(∼469)/B04(∼555).
// Coeffs (NASA OC3M v6): a0=0.283, a1=-2.753, a2=1.457, a3=0.659, a4=-1.403
// =======================
var eps = 1e-6;
var ratio = sr.select('B03').add(eps).divide(sr.select('B04').add(eps));
var X = ratio.log10();
var a0 = 0.283, a1 = -2.753, a2 = 1.457, a3 = 0.659, a4 = -1.403;
var poly = ee.Image.constant(a0)
  .add(X.multiply(a1))
  .add(X.pow(2).multiply(a2))
  .add(X.pow(3).multiply(a3))
  .add(X.pow(4).multiply(a4));

// chlor_a in mg m^-3 (proxy)
var chlorA = ee.Image(10).pow(poly).rename('chlor_a_proxy');

// Optional sanity mask: keep reasonable ocean values
var chlorMask = chlorA.gt(0.02).and(chlorA.lt(50)); // 0.02–50 mg/m^3
chlorA = chlorA.updateMask(chlorMask);

// =======================
// Visualization (water-color palette)
// =======================
var chlVis = {
  min: 0.05,
  max: 15.0,
  palette: [
    '001146','00336e','005a8c','1e86b6','4bb3d1',
    '7ad3d4','a7e3c3','d4f0a1','f6f28f','f9cc74','f29c53','e35a3f','c22e3a'
  ]
};

// Map extent & layers
var bbox = area100.union(area250).buffer(30000);
Map.centerObject(bbox, 6);
Map.addLayer(chlorA.clip(bbox), chlVis, 'Chlorophyll-a (OC3 proxy) • Aqua MYD09GA • 2025-08-05', true);
Map.addLayer(area100, {color: 'cyan'},   '100 km S • 10 km buffer');
Map.addLayer(area250, {color: 'magenta'},'250 km S • 10 km buffer');
Map.addLayer(bearIsland, {color: 'yellow'}, 'Bear Island ref', false);

// =======================
// Statistics
// =======================
function meanChl(img, region, label){
  var stats = img.reduceRegion({
    reducer: ee.Reducer.mean().combine({reducer2: ee.Reducer.stdDev(), sharedInputs: true}),
    geometry: region,
    scale: 1000,    // MYD09GA resolution
    maxPixels: 1e12,
    bestEffort: true
  });
  print(label + ' mean chlor-a proxy (mg/m^3):', stats.get('chlor_a_proxy_mean'));
  print(label + ' stdDev chlor-a proxy (mg/m^3):', stats.get('chlor_a_proxy_stdDev'));
  return stats;
}

var s100 = meanChl(chlorA, area100, '100 km south');
var s250 = meanChl(chlorA, area250, '250 km south');

// Difference summary
var mean100 = ee.Number(s100.get('chlor_a_proxy_mean'));
var mean250 = ee.Number(s250.get('chlor_a_proxy_mean'));
var diff = mean250.subtract(mean100);
var pct  = diff.divide(mean100).multiply(100);
print('Δ chlor-a proxy (250 − 100) mg/m^3:', diff);
print('Percent difference (%):', pct);

// For quick QC:
print('Ratio (B03/B04) stats at 100 km S:', chlorA.addBands(ratio.rename('ratio')).reduceRegion({
  reducer: ee.Reducer.mean().combine({reducer2: ee.Reducer.minMax(), sharedInputs: true}),
  geometry: area100, scale: 1000, maxPixels: 1e12, bestEffort: true
}));
"
Aarush,"During the year of 2018, did Washington D.C. experience at least 50 inches of rainfall?",,double reviewed,,verified,,,,https://earthobservatory.nasa.gov/images/144417/soggy-2018-for-the-eastern-us,,"Several major cities received exceptional rainfall in 2018. Washington, D.C., surpassed the previous annual rainfall record of 61.33 inches set in 1889, accumulating 64.22 inches by the date of this map",,,News (GRACE),,
Aarush,"From January to mid-May, did Jaén a few miles east of Córdoba recieve more than 3 inches of rain fall in 2023?",no,double reviewed,,verified,,,,https://earthobservatory.nasa.gov/images/151366/spain-browned-by-drought,,"Similarly scant rain fell in Jaén, a few miles east of Córdoba: only 2 centimeters (0.8 inches) of the expected 12.5 centimeters (5 inches) of rain fell through mid-May (16 percent of normal).",,,News,,
Aarush,"In 2021, did the Antarctic ozone hole reach a size of 18 million square kilometers?",,double reviewed,,verified,,,,https://earthobservatory.nasa.gov/images/149010/substantial-antarctic-ozone-hole-in-2021,,"This year, NASA satellite observations determined the ozone hole reached a maximum of 24.8 million square kilometers (9.6 million square miles)—roughly the size of North America—before beginning to shrink in mid-October.",,,"OMI-Aura
OMPS
TOMS",,
Aarush,"In 2023, was there over 160,000 hectares of fires burning in Quebec?",,verified,,verified,,,,https://earthobservatory.nasa.gov/images/151430/fires-burn-across-quebec,,"Fire season in Quebec usually starts in late May. In an average year, only 247 hectares (a square mile) of area would be burned by June 5, according to Quebec’s fire prevention agency (SOPFEU). But so far this year, 160,000 hectares (600 square miles) have burned.",,,MODIS-Aqua,,
Aarush,"In April 2023, did southern Spain experience temperatures over 90 degrees Fahrenheit?",,verified,,verified,,,,https://earthobservatory.nasa.gov/images/151366/spain-browned-by-drought,,"Unseasonable heat exacerbated the prolonged drought. On April 26, hot air from North Africa swept over southern Spain and pushed the temperature at the Córdoba airport to 38.8°C (101.8°F), the highest April temperature recorded in continental Spain.",,,MODIS-Terra,,
Aarush,"In areas across the northeastern Pacific Ocean, were sea surface temperatures cooler in August 2019 than the average for the same month from 1985-2012?",no,double reviewed,,verified,,,,https://earthobservatory.nasa.gov/images/145602/marine-heat-wave-returns-to-the-northeast-pacific,,"From 2014-2016, a marine heat wave spread across the northeastern Pacific Ocean—an ocean weather event that researchers coined “the blob.” In the summer of 2019, an expanse of warm surface water returned to the region.

The unusual conditions are visible in the maps above and below, which shows sea surface temperature anomalies across the northeastern Pacific in August 2019. Red colors depict areas that were hotter than average for the same month from 1985-2012; blues were colder than average.",,,"VIIRS
MTSAT
Meteosat
POES
MODIS-Terra
MODIS-Aqua
GOES",,
Aarush,"In Janaury 2020, did the city of Mahajanga experience more than 12 inches of rainfall?",,verified,,double reviewed,,,,https://earthobservatory.nasa.gov/images/146225/flood-waters-overwhelm-northern-madagascar,,"According to Accuweather, the town of Mahajanga reported 358 millimeters (14.09 inches) of rain from January 19-25, and 592 mm (23.29 inches) for the month of January.",,,News,,
Aarush,"In January 2021, did Nambia experience over 7 inches of rainfall?",,verified,,double reviewed,,,,https://earthobservatory.nasa.gov/images/147924/abundant-rain-turns-namibia-green,,"January 2021 saw rainfall totals double to triple the norm in the northeastern, central, and southern parts of Namibia. According to a weather monitor in Windhoek, 228 millimeters (9 inches) of rain fell in January; the long-term average is 85 millimeters (3 inches).",,,News,,
Aarush,"In November 2021, did Seattle experience less than 20cm of rainfall?",no,verified,,verified,,,,https://earthobservatory.nasa.gov/images/149195/soggy-autumn-in-the-pacific-northwest,,"Just over 25 centimeters (10 inches) fell in November alone, raining on all but five days of the month",, ,News (GRACE),,
Aarush,"In parts of East Midlands, northeast England, and eastern Scotland, was there more rain during October 1, 2023, and January 4, 2024 as compared to their 1991-2020 average rainfalls for those months?",,verified,,double reviewed,,,,https://earthobservatory.nasa.gov/images/152295/flooding-along-the-river-trent,,"Between October 1, 2023, and January 4, 2024, parts of the East Midlands, northeast England, and eastern Scotland received more than 150 percent of the 1991-2020 average rainfall for those months.",,,Landsat 9,,
Chia-Hsiang,"In September 2023, did Cabo Frio have a sea zone of a temperature graident over 5 degrees Celcius over less than 10 kilometers?",,,,double reviewed,,verified,,https://earthobservatory.nasa.gov/images/152240/chilling-out-in-brazil,,"One model of Cabo Frio upwelling, developed by researchers in Germany and Brazil, indicates that the zone of cool water typically covers an area about 200 kilometers long and 20 kilometers wide (124 miles long and 12 miles wide), and has temperature gradients as large as 8 degrees Celsius (14 degrees Fahrenheit) over less than 10 kilometers.",,,"MODIS-Aqua
VIIRS",,
Chia-Hsiang,"In the Norwegian Sea during Septermber 1, 2019, is the water color at (50.282684, -58.944881) more milky than (50.415337, -54.128047)?",,,,double reviewed,,verified,,https://earthobservatory.nasa.gov/images/145634/late-bloomers,,"The Moderate Resolution Imaging Spectroradiometer (MODIS) on NASA’s Aqua satellite acquired these natural-color images of Newfoundland and surrounding waters on September 1 and 19, 2019. The brightest bloom appears southeast of the island, but fainter milky streaks are visible on nearly all sides. (The bloom was still visible through cloudy skies on September 22.)",,,MODIS-Aqua,,
Chia-Hsiang,"In the Norwegian Sea during Septermber 19, 2019, is the water color at (46.694935, -50.925784) more milky than (46.809436, -58.528990)?",,,,double reviewed,,verified,,https://earthobservatory.nasa.gov/images/145634/late-bloomers,,"The Moderate Resolution Imaging Spectroradiometer (MODIS) on NASA’s Aqua satellite acquired these natural-color images of Newfoundland and surrounding waters on September 1 and 19, 2019. The brightest bloom appears southeast of the island, but fainter milky streaks are visible on nearly all sides. (The bloom was still visible through cloudy skies on September 22.)",,,MODIS-Aqua,,
Aarush,"In the summer of 2021, did at least 6 million hectares of forests burn in Sakha?",,verified,,double reviewed,,,,https://earthobservatory.nasa.gov/images/148943/a-record-breaking-year-for-fire-in-sakha,,"In summer 2021, huge fires raged through these larch forests for months. During Sakha’s most severe fire season in decades, more than 8.4 million hectares of forests burned",,,VIIRS,,
Chia-Hsiang,Is the forest loss from 2015 to 2022 larger than that from 2000 to 2015 at Macaya National Park?,,,,verified,,double reviewed,,https://landsat.gsfc.nasa.gov/article/hispaniolas-changing-forests/,,,,,Landsat 8,,
Chia-Hsiang,"Is the size of ozone hole (<220 Dobson units) over Antarctica between September 26 and 30, 2024 larger than that between August 26 and 30, 2024?",,,,double reviewed,,verified,,https://science.nasa.gov/earth/nasa-noaa-2024-ozone-hole-update/,https://youtu.be/TpSkhWX8_4c,"1. This year, the ozone hole over Antarctica reached its annual maximum extent on September 28th, 2024, with an area of 8.5 million square miles (22.4 square million kilometers.) The hole, which is actually a region of depleted ozone, was the 20th smallest since scientists began recording the ozone hole in 1979. The average size of the ozone hole between September and October this year was the 7th-smallest since the Montreal Protocol began to take effect.",,climate,News (GEOS?),,
Aarush,"On August 3, 2025, were there more than 120 fires active in Saskatchewan, Canada?",no,verified,,double reviewed,,,,https://earthobservatory.nasa.gov/images/154641/widespread-smoke-from-canadian-fires,,"On August 3, 2025, 159 and 81 fires were burning in Manitoba and Saskatchewan, respectively, many of which were classified as out of control.",,,News (GEOS?),,
Aarush,"On August 3, 2025, were there more than 30 fires active in Manitoba, Canada?",,verified,,double reviewed,,,,https://earthobservatory.nasa.gov/images/154641/widespread-smoke-from-canadian-fires,,"On August 3, 2025, 159 and 81 fires were burning in Manitoba and Saskatchewan, respectively, many of which were classified as out of control.",,,News (GEOS?),,
Cheryl,"On August 6, 2024 at 1:40 pm local time, did land surface temperatures in Paris exceed 32 degrees Celcius?",,double reviewed,,,,verified,,https://www.earthobservatory.nasa.gov/images/153178/running-through-paris-heat,,"It shows land surface temperatures (LSTs) observed by the VIIRS (Visible Infrared Imaging Radiometer Suite) on the NOAA-NASA Suomi NPP satellite at 1:40 p.m. local time on August 6, 2024, a clear day when air temperatures peaked at 28°C (82°F).",,,Landsat 9,https://code.earthengine.google.com/5fcd0fe0c4cfc2ac35bc3e8e770f3298,
Cheryl,"On August 6, 2024 at 1:40 pm local time, were land surface temperatures along the Paris Olympic marathon starting line (Hôtel de Ville) lower than in the Fausses-Reposes forest near Versailles?",No,verified,,,,verified,,https://www.earthobservatory.nasa.gov/images/153178/running-through-paris-heat,,"According to Middel, the heat stress on runners should ease some as the course continues through tree-lined boulevards along the Seine River for several kilometers and then drop even more as runners pass through the Fausses-Reposes forest, a former royal forest near Versailles. Likewise, Bois de Meudon (also called Forét domaniale de Meudon), another forest near Versailles, should help cool runners as they loop back toward the area where the race started, she said.",,,Landsat 9,,
Chia-Hsiang,"On February 14, 2023, were nighttime lights in central Antakya, the capital of Türkiye’s Hatay Province, brighter than those around Hatay Airport?",,,,double reviewed,,verified,,https://earthobservatory.nasa.gov/images/151336/brighter-nights-in-antakya,,,,,VIIRS,,
Cheryl,"On February 26, 2025, were there at least three distinct tropical cyclones visible visible between 0 and 40 degrees South?",,verified,,,,verified,,https://www.earthobservatory.nasa.gov/images/153995/cyclone-flurry-in-the-southern-hemisphere,,"Five tropical cyclones are visible in this false-color image, acquired on February 26 by the VIIRS (Visible Infrared Imaging Radiometer Suite) sensor on the NOAA-20 satellite",,,VIIRS,,
Chia-Hsiang,"On January 23, 2025 at 1:44 pm, did the smoke plume from the Baja California fire (El Escondido area of Ensenada) extend less than 50 km westward over the Pacific Ocean?",No,,,verified,,double reviewed,,https://www.earthobservatory.nasa.gov/images/153870/fire-in-baja-california,,,,,MODIS-Aqua,,
Cheryl,"On January 23, 2025 at 1:44 pm, did the smoke plume from the Baja California fire (El Escondido area of Ensenada) extend more than 100 km westward over the Pacific Ocean?",,verified,,,,verified,,https://www.earthobservatory.nasa.gov/images/153870/fire-in-baja-california,,,,,Modis-Aqua,,
Aarush,"On July 19, 2022 did UK experience temperatures above 100 degrees fahrenheit?",,verified,,double reviewed,,,,https://earthobservatory.nasa.gov/images/150152/a-july-of-extremes,,"On July 19, the U.K. had its hottest day ever recorded as temperatures topped 104°F (40°C).",,,GEOS?,,
Cheryl,"On July 20, 2025 at 10:44 am local time, did the volcanic plume from Halemaʻumaʻu Crater extend more than 5 km (horizontal distance) from the summit of Hawaii’s Kīlauea volcano?",No,verified,,,,double reviewed,,https://www.earthobservatory.nasa.gov/images/154591/more-lava-fills-kilauea-crater,,"The OLI (Operational Land Imager) on Landsat 8 acquired this image at approximately 10:44 a.m. local time (20:42 Universal Time) on July 20, while the eruption was underway. The natural-color image is overlaid with an infrared signature to reveal the heat emanating from lava in the summit crater. Note that both clouds and a volcanic plume are visible.",,,Landsat 8,,
Cheryl,"On July 20, 2025 at 10:44 am local time, was there a volcanic eruption in Halema‘uma‘u Crater, the summit caldera of Hawaii’s Kīlauea volcano?",,verified,,,,double reviewed,,https://www.earthobservatory.nasa.gov/images/154591/more-lava-fills-kilauea-crater,,"The OLI (Operational Land Imager) on Landsat 8 acquired this image at approximately 10:44 a.m. local time (20:42 Universal Time) on July 20, while the eruption was underway. The natural-color image is overlaid with an infrared signature to reveal the heat emanating from lava in the summit crater. Note that both clouds and a volcanic plume are visible.",,,Landsat 8,,
Chia-Hsiang,"On July 7, did the coastal city of La Serena have a year-to-date rainfall deficit of larger than 40 percent (compared to the mean from 1990-2020)?",,,,double reviewed,,verified,,https://earthobservatory.nasa.gov/images/150100/snow-blanket-for-the-andes,,,,,CHIRPS,,
Chia-Hsiang,"On July 7, was the year-to-date rainfall in the coastal city of La Serena lower than the 1990-2020 average for the same period?",,,,double reviewed,,verified,Supporting sentence might be wrong,https://earthobservatory.nasa.gov/images/150100/snow-blanket-for-the-andes,,"“Until 10 days ago, north-central Chile was experiencing one of its driest winters,” said René Garreaud, a scientist at the University of Chile. The change from dry to wet was swift and visibly striking. The Visible Infrared Imaging Radiometer Suite (VIIRS) on the NOAA-20 satellite acquired a view of the same area on July 7 (left), just prior to the storms. Notice the relatively sparse snow cover compared with the July 16 image (right) acquired after the storms.",,,CHIRPS,,
Aarush,"On June 24, 2025, was New York City highest temperature higher than June 24, 2024?",,verified,,double reviewed,,,,https://earthobservatory.nasa.gov/images/154475/sizzling-start-to-summer,,"On that day, both Boston and New York City (John F. Kennedy International Airport) reached highs of 102°F (39°C), setting new June records for those places.",,,GEOS?,,
Aarush,"On June 24, 2025, was the peak observed temperature in St. Francis, Kansas higher than Death Valley, California?",,verified,,double reviewed,,,,https://earthobservatory.nasa.gov/images/154475/sizzling-start-to-summer,,"Also on that day, Minneapolis, Minnesota, set a daily record high of 96°F (36°C), and St. Francis, Kansas, was the hottest place in the country at 104°F (40°C)—more scorching than Death Valley, California.",,,GEOS?,,
Cheryl,"On June 24, 2025, was the temperature over John F. Kennedy International Airport higher than on any other day in June 2020 to 2024?",,verified,,,,verified,,https://earthobservatory.nasa.gov/images/154475/sizzling-start-to-summer,,"New York City (John F. Kennedy International Airport) reached highs of 102°F (39°C), setting new June records for those places.",,,GEOS?,,
Aarush,"Since 2001, has the forest in Tshopo province around Kisangani lost less than 15,000 square kilometers of tree cover?",No,double reviewed,,verified,,,,https://earthobservatory.nasa.gov/images/154817/reshaping-the-forests-around-kisangani,,"The forest in Tshopo province around Kisangani—a fast-growing city now home to about 1.5 million people—is one of several areas contributing to the losses. A similar Global Forest Watch analysis indicates that the province saw more tree cover loss in recent decades than any other part of the DRC, with losses totaling more than 19,000 square kilometers (7,300 square miles) since 2001.",,,"Landsat 5
Landsat 7
Landsat 8
Landsat 9",,
Chia-Hsiang,"The Landsat 8 satellite captures pictures of active fire in Monte Pisano, Italy on February 25, 2019, around 10:58 a.m. local time. Was the smoke plume moving in an eastern direction?",no,,"Yes, it should be no",double reviewed,,verified,,https://earthobservatory.nasa.gov/images/144589/fire-burns-in-northern-italy,,"On the morning of February 25, 2019, a fire on the slopes of Monte Pisano sent smoke billowing across the western Italian coast. Reports estimate at least 180 hectares (less than 1 square mile) of forest and vegetation have been burned.",,,Landsat 8,,
Chia-Hsiang,"There was a volcanic plume visible over Mount Etna at 1:37 am local time on February 23, 2021. Did the plume go to the western side?",,,,double reviewed,,verified,,https://earthobservatory.nasa.gov/images/147996/a-glowing-plume-over-mount-etna,,"At 1:37 a.m. local time (00:37 Universal Time) on February 23, 2021, the Visible Infrared Imaging Radiometer Suite (VIIRS) on the NOAA-20 satellite captured an image (above) showing one of several volcanic plumes Etna has produced recently.",,,VIIRS,,
Chia-Hsiang,"Through the months of December 2018 and January 2019, did northern part of Madagascar (between latitude of -12 to -15) recieve less rain than the long-term average for the same two-month period from 2000 to 2019?",no,,,verified,,double reviewed,,https://earthobservatory.nasa.gov/images/144704/drought-harms-corn-crops-in-southern-africa,,The map above shows rainfall anomalies from December 2018 through January 2019. It shows several months of dryness culminating in a deficit of as much as 100 millimeters less rain than average for the same two-month period from 2000 to 2019.,,,CHIRPS,,
Aarush,"Through the months of December 2018 and January 2019, did sourthern African countries (Namibia, Botswana, Lesotho) recieve less rain than the long-term average for the same two-month period from 2000 to 2019?",,verified,,double reviewed,,,,https://earthobservatory.nasa.gov/images/144704/drought-harms-corn-crops-in-southern-africa,,The map above shows rainfall anomalies from December 2018 through January 2019. It shows several months of dryness culminating in a deficit of as much as 100 millimeters less rain than average for the same two-month period from 2000 to 2019.,,,"MODIS-Terra
MODIS-Aqua",,
Cheryl,"Was a phytoplankton bloom visible between 56° to 68° South latitude on January 13, 2016?",,double reviewed,,,,verified,,https://earthobservatory.nasa.gov/images/87465/oxygen-factories-in-the-southern-ocean,,The parcel of blooming ocean—at least that part visible through the break in the clouds—stretched from 56° to 68° South latitude,,,VIIRS,,
Aarush,"Was it hotter in a 30 mile radius around Kabul, Afghanistan in February 2018 in comparison to February 2017?",no,verified,,double reviewed,,,,https://earthobservatory.nasa.gov/images/91851/record-low-snowpack-in-afghanistan,https://eoimages.gsfc.nasa.gov/images/imagerecords/91000/91851/afghanistan_lst_2018059.png,"NASA data also show that temperatures this winter have been hotter than usual in the region. The temperature anomaly maps above are based on data from the Moderate Resolution Imaging Spectroradiometer (MODIS) on NASA’s Aqua satellite. It shows land surface temperatures (LSTs) for February 2018 (right) and February 2017 (left), compared to the average since 2002 for the same month. Red colors depict areas that were hotter than average; blues were colder; white pixels were normal. USAID’s Famine Early Warnings Systems Network (FEWS NET) reported that the high temperatures are expected to deplete the snowpack “sooner than normal, resulting in possible irrigation water shortages in April and May.”",,,MODIS-Aqua,,
Cheryl,"Was more than 30 percent of Lake Okeechobee’s surface covered by cyanobacteria on June 12, 2023? ",,verified,,,,verified,,https://earthobservatory.nasa.gov/images/151581/algae-bloom-in-lake-okeechobee,,,, ,Landsat 9,,
Cheryl,Was nightime brightness around the Aswan High Dam higher than the Grand Ethopian Renaissance Dam in 2016?,,verified,,,,verified,,https://earthobservatory.nasa.gov/images/149691/a-grand-new-dam-on-the-nile,,,,,VIIRS,,
Aarush,"Was snow present near the Mississippi River Delta Basin (Plaquemines-Balize Delta) during the interval of January 21-24, 2025?",,double reviewed,,verified,,,,https://earthobservatory.nasa.gov/images/154838/winter-transforms-the-mississippi-river-delta,,"A major Gulf Coast storm came through the area between January 20 and 22, 2025. Snow, an uncommon occurrence in this region, still blanketed much of the landscape on the morning of January 24, though most of it had melted away by the afternoon, when this photo was taken. (Some patches may have persisted in urban areas.)",,,ISS,,
Aarush,"Was surface water extent higher on February 25, 2019 as compared to February 27, 2014 in the Mississippi River near the Memphis, Tennesse?",,double reviewed,,verified,,,,https://earthobservatory.nasa.gov/images/144598/early-flooding-along-the-mississippi,"https://eoimages.gsfc.nasa.gov/images/imagerecords/144000/144598/memphis_oli_2014058.jpg

https://eoimages.gsfc.nasa.gov/images/imagerecords/144000/144598/memphis_oli_2019056.jpg","On February 25, 2019, the Operational Land Imager on Landsat 8 acquired a false-color view (bands 6-5-4) of flooding near Memphis, Tennessee. For comparison, the first image shows the area under more typical winter conditions on February 27, 2014. Flood waters appear blue; vegetation is green; and bare ground is brown.",,,Landsat 8,,
Cheryl,"Was surface water present in the Alvord Desert basin, Oregon, on June 29, 2025?",,verified,,,,verified,,https://www.earthobservatory.nasa.gov/images/154576/whirling-dust-and-ancient-floods,,"The images above, acquired with the OLI (Operational Land Imager) on Landsat 8 on June 29, 2025, show the Alvord Desert in false color (left) and natural color (right). The summit of Steens Mountain stands more than a vertical mile above the desert floor to the west, and a steep escarpment borders the playa on the east.

The false-color image (OLI bands 6-5-4) indicates that some water was present in the desert at the time. ",,,Landsat 8,,
Cheryl,"Was the aerosol optical depth higher over Chiang Mai, Thailand during March 2024 compared to May 2024?",,verified,,,,double reviewed,,https://earthobservatory.nasa.gov/images/152635/hazy-skies-in-a-growing-city,,https://www.iqair.com/us/world-most-polluted-cities?sort=-rank&perPage=50&cities=uf7aCpduMf3Lg4de2%2CWJv6Pqdvj8ph9xkuZ,,,News,,
Cheryl,"Was the aerosol optical depth higher over Chiang Mai, Thailand during March 2024 than Bangkok, Thailand?",,verified,,,,double reviewed,,https://earthobservatory.nasa.gov/images/152635/hazy-skies-in-a-growing-city,,https://www.iqair.com/us/world-most-polluted-cities?sort=-rank&perPage=50&cities=uf7aCpduMf3Lg4de2%2CWJv6Pqdvj8ph9xkuZ,,,News,,
Cheryl,Was the aerosol optical depth higher over the Gobi Desert in February 2020 than in February 2019?,,verified,,,,verified,,https://earthobservatory.nasa.gov/images/148477/covid-19-lockdowns-cut-pollution-but-not-all-of-it,,"One example is shown on the map above, which compares PM2.5 levels across China in February 2020 versus February 2019. Note that although pollution levels dropped significantly in some of the most industrialized parts of China, they were actually higher near China’s desert regions. ",,,"MODIS-Terra
MODIS-Aqua",,
Cheryl,Was the aerosol optical depth higher over the Takalaman Desert in February 2020 than in February 2019?,,verified,,,,verified,,https://earthobservatory.nasa.gov/images/148477/covid-19-lockdowns-cut-pollution-but-not-all-of-it,,"One example is shown on the map above, which compares PM2.5 levels across China in February 2020 versus February 2019. Note that although pollution levels dropped significantly in some of the most industrialized parts of China, they were actually higher near China’s desert regions. ",,,"MODIS-Terra
MODIS-Aqua",,
Aarush,"Was the Antarctic ozone hole larger on October 7, 2021 than compared to its area on January 1, 2021?",,double reviewed,,verified,,,,https://earthobservatory.nasa.gov/images/149010/substantial-antarctic-ozone-hole-in-2021,,"The animation above shows the evolution of ozone over the South Pole between January 1 and October 7, 2021. Notice that moderate ozone losses (orange) are apparent by late August and become even more potent (red) and widespread through September. The ozone hole reached its maximum extent on October 7, 2021, as calculated by the NASA Ozone Watch team.",,,"OMI-Aura
OMPS
TOMS",,
Chia-Hsiang,"Was the area burned in Canada from Jan to August 3, 2025 greater than the area burned by the same period in 2023?",No,,,double reviewed,,,,https://earthobservatory.nasa.gov/images/154641/widespread-smoke-from-canadian-fires,,"Canada is facing one of its worst fire seasons on record in terms of area burned. As of August 3, more than 6.6 million hectares (16.3 million acres) had burned, according to the Canadian Interagency Forest Fire Center. That exceeds the 25-year average of about 2.2 million hectares but trails the more than 12.3 million hectares burned by this date in 2023, a record-setting year",,,GEOS?,,
Cheryl,"Was the area covered by solar panels in the Bhadla Solar Park in Rajasthan greater than 7,000 hectares in January 2022?",No,verified,,,,verified,,https://earthobservatory.nasa.gov/images/149442/soaking-up-sun-in-the-thar-desert,,"Bhadla Solar Park spreads across more than 5700 hectares (22 square miles), an area about one-third the size of Washington, D.C.",,,Landsat 8,,
Cheryl,Was the area of aritifical land built off the coast of Jakarata Bay greater than 800 hectares as of 2021? ,,verified,,,,verified,,https://earthobservatory.nasa.gov/images/148303/as-jakarta-grows-so-do-the-water-issues,,"Since the first image above was captured in 1990, artificial land and new development has spread into the shallow waters of Jakarta Bay. According to one analysis of Landsat data, people have built at least 1185 hectares (5 square miles) of new land along the coast.",,,Landsat 8,,
Chia-Hsiang,"Was the area of forest cover between the Ucayali and Genepanshea Rivers larger along UC-105, at 5 km radius around center (-9.799994, -73.845369), on August 21, 2022 than on August 23, 2017?",No,,,double reviewed,,verified,,https://earthobservatory.nasa.gov/images/150513/deforestation-follows-a-road-through-ucayali,,"The pair of satellite images above show the extent of the change between the Ucayali and Genepanshea rivers. The first image, acquired by the Operational Land Imager (OLI) on Landsat 8, shows the area in 2017, when just the road and a modest amount of deforestation were visible. By 2022, deforested areas had proliferated, in part due to the arrival of a new wave of land speculators, coca farms, ranches, and even small airstrips, explained Salisbury.",,,Landsat 8,,
Cheryl,"Was the ash plume from Klyuchevskaya Sopka drifting primarily eastward across the Kamchatka Peninsula on August 8, 2025?",,verified,,,,double reviewed,,https://earthobservatory.nasa.gov/images/154670/ash-streams-from-klyuchevskaya-sopka,,,,,MODIS-Terra,,
Cheryl,"Was the concentration of tropospheric nitrogen dioxide (NO2) over Los Angeles lower between October 1-23, 2021 compared to the same period in 2019 and 2018?",,verified,,,,verified,,https://earthobservatory.nasa.gov/images/149004/scientific-questions-arrive-in-ports,,"The maps above and below show the concentration of the air pollutant nitrogen dioxide (NO2) between October 1-23, 2021, as compared to the same period in 2019 and 2018 (before the COVID-19 pandemic upended global trade). The ports of Los Angeles, Long Beach, New York/New Jersey—the busiest ports in the United States—show apparent increases in NO2 in October 2021.",,,Sentinel 5P,,
Cheryl,"Was the concentration of tropospheric nitrogen dioxide over Brooklyn, New York lower between October 1-23, 2021 compared to the same period in 2019 and 2018?",No,verified,,,,verified,,https://earthobservatory.nasa.gov/images/149004/scientific-questions-arrive-in-ports,,,,,Sentinel 5P,,
Cheryl,"Was the concentration of tropospheric nitrogen dioxide over Nassau County, New York lower between October 1-23, 2021 compared to the same period in 2019 and 2018?",,verified,,,,verified,,https://earthobservatory.nasa.gov/images/149004/scientific-questions-arrive-in-ports,,"While ship backups are not as severe off of New York/New Jersey, those port facilities have also seen some backlogs and unusually high cargo movement in recent months.
",,,Sentinel 5P,,
Cheryl,"Was the concentration of tropospheric nitrogen dioxide over South Los Angeles, California lower between October 1-23, 2021 compared to the same period in 2019 and 2018?",,verified,,,,verified,,https://earthobservatory.nasa.gov/images/149004/scientific-questions-arrive-in-ports,,,,,Sentinel 5P,,
Chia-Hsiang,"Was the cone of Mount Vesuvius, located 12 kilometers southeast of Naples, Italy, fully covered with clouds, as observed with Landsat 8, on January 2, 2022?",No,,,double reviewed,,verified,,https://earthobservatory.nasa.gov/images/149298/a-view-of-vesuvius,,"In this natural-color image, acquired on January 2, 2022, by the Operational Land Imager (OLI) on Landsat 8, the cone of Mount Vesuvius appears through a break in the clouds.",,,Landsat 8,,
Cheryl,"Was the cone of Mount Vesuvius, located 12 kilometers southeast of Naples, Italy, visible with Landsat 8 on January 2, 2022?",,verified,,,,verified,,https://earthobservatory.nasa.gov/images/149298/a-view-of-vesuvius,,"In this natural-color image, acquired on January 2, 2022, by the Operational Land Imager (OLI) on Landsat 8, the cone of Mount Vesuvius appears through a break in the clouds.",,,Landsat 8,,
Cheryl,"Was the increase in nighttime light intensity from February 21, 2023, to April 30, 2023, greater in Antakya, the capital of Türkiye’s Hatay Province, than in Altınözü?",,verified,,,,verified,,https://earthobservatory.nasa.gov/images/151336/brighter-nights-in-antakya,,,,,"Landsat 9
VIIRS",,
Cheryl,"Was the increase in nighttime light intensity in Antakya, the capital of Türkiye’s Hatay Province, greater on February 21, 2023 than April 30, 2023?",No,verified,,,,verified,,https://earthobservatory.nasa.gov/images/151336/brighter-nights-in-antakya,,,,,"Landsat 9
VIIRS",,
Cheryl,"Was the land surface temperature around Arc de Triomphe at least 5 degress Celsius hotter than the Palace and Park of Versailles on August 6, 2024?",,verified,,,,verified,,https://www.earthobservatory.nasa.gov/images/153178/running-through-paris-heat,,,,,Landsat 9,,
Cheryl,"Was the land surface temperature in Needles, California higher than Phoenix, Arizona on June 21, 2017?",,verified,,,,double reviewed,,https://earthobservatory.nasa.gov/images/90443/heat-broils-the-american-southwest,,,,,MODIS-Aqua,,
Cheryl,"Was the land surface temperature in New Mexico higher on July 20-27, 2016 than the 2001-2010 average for the same period?",,double reviewed,,,,verified,,https://earthobservatory.nasa.gov/images/88547/extreme-heat-for-an-extreme-year,,"For two states—Florida and New Mexico—July 2016 proved to be the hottest July on record... The three maps on this page show land surface temperature anomalies in Russia, the Middle East, and North America from July 20–27, 2016, compared to temperatures for the same dates from 2001 to 2010. ",,,MODIS-Terra,,
Chia-Hsiang,Was the land surface temperature in New Mexico in July 2016 higher than in any other July over the past 30 years?,,,,double reviewed,,verified,,https://earthobservatory.nasa.gov/images/88547/extreme-heat-for-an-extreme-year,,"For two states—Florida and New Mexico—July 2016 proved to be the hottest July on record... The three maps on this page show land surface temperature anomalies in Russia, the Middle East, and North America from July 20–27, 2016, compared to temperatures for the same dates from 2001 to 2010. ",,,MODIS-Terra,,
Cheryl,"Was the land surface temperature in Palm Springs, California higher on July 15-21, 2017 than the 2001-2010 average for the same period?",,verified,,,,double reviewed,,https://earthobservatory.nasa.gov/images/90443/heat-broils-the-american-southwest,,,,,MODIS-Aqua,,
Cheryl,"Was the land surface temperature in Shanghai above 39 degrees Celsius on August 7, 2013?",,double reviewed,,,,verified,,https://earthobservatory.nasa.gov/images/81870/heat-wave-in-china,,"Shanghai broke its all-time record high three times in as many weeks. The current record—40.8 degrees Celsius (105.4°F)—was set on August 7, 2013. ",,,Landsat 8,,
Cheryl,"Was the land surface temperature over the Mesquite Flat higher than over the Panamint Mountains on June 30, 2013, as observed with Landsat 8?",,double reviewed,,,,verified,,https://earthobservatory.nasa.gov/images/81562/death-valley-claims-a-heat-title-again,,,,,Landsat 8,,
Cheryl,"Was the land surface temperature, captured with MODIS Terra, in New York higher on July 20-27, 2016 than the 2001-2010 average for the same period?",,double reviewed,,,,verified,,https://earthobservatory.nasa.gov/images/88547/extreme-heat-for-an-extreme-year,,"For two states—Florida and New Mexico—July 2016 proved to be the hottest July on record... The three maps on this page show land surface temperature anomalies in Russia, the Middle East, and North America from July 20–27, 2016, compared to temperatures for the same dates from 2001 to 2010. ",,,MODIS-Terra,,
Cheryl,"Was the land surface temperature, observed with MODIS Aqua, in Arizona higher on July 15-21, 2017 than the 2001-2010 average for the same period?",,verified,,,,double reviewed,,https://earthobservatory.nasa.gov/images/90443/heat-broils-the-american-southwest,,"The second map shows land surface temperatures between June 15—21, 2017, compared to average temperatures for the same period from 2001–2010. ",,,MODIS-Aqua,,
Cheryl,Was the mean aerosol optical depth higher over Chengdu than over Suining between 2001 and 2023?,,verified,,,,verified,,https://earthobservatory.nasa.gov/images/150918/sichuans-smoggy-basin,,,,,"MODIS-Terra
MODIS-Aqua",,
Cheryl,Was the mean NDSI for Mount Fuji in December 2020 lower than in any other December from 2005 to 2015?,,double reviewed,,,,verified,,https://earthobservatory.nasa.gov/images/147780/mount-fujis-missing-snow,,Terra satellite indicate that snow cover on the mountain last month was among the lowest in the satellite's 20-year record for any December.,,,MODIS-Terra,,
Cheryl,Was the mean NDSI for Mount Fuji lower in December 2020 than December 2019?,,double reviewed,,,,verified,,https://earthobservatory.nasa.gov/images/147780/mount-fujis-missing-snow,,,,,MODIS-Terra,,
Cheryl,"Was the nightime brightness in San Juan lower on September 27-28, 2017 than September 1-2, 2017?",,verified,,,,double reviewed,,https://earthobservatory.nasa.gov/images/91044/pinpointing-where-lights-went-out-in-puerto-rico,,,,,VIIRS,,
Cheryl,"Was the nighttime brightness around the Blue Lagoon in Iceland on November 24, 2024, greater than the brightness over Reykjavík at 4 am local time?",,double reviewed,,,,verified,,https://www.earthobservatory.nasa.gov/images/153630/lava-nears-icelands-blue-lagoon,,,,,"VIIRS
Landsat 9",,
Cheryl,"Was the nighttime brightness over Mayfield, Kentucky higher in November 2021 than on December 10-12, 2021?",,double reviewed,,,,verified,,https://earthobservatory.nasa.gov/images/149215/nighttime-images-detail-kentucky-blackout,,,,,"VIIRS
Landsat 9",,
Cheryl,"Was the nighttime brightness over northern part of Isabela Island greater than the southern part of Isabela Island at 1:20 am local time on January 7, 2022?",,double reviewed,,,,verified,,https://earthobservatory.nasa.gov/images/149308/a-wolf-awakens-at-night,,"The image, acquired by the VIIRS “day-night band” at 1:20 a.m. local time (7:20 UTC) on January 7, 2022, shows lava spewing from Wolf Volcano, on the northern end of Isabela Island.",,,VIIRS,,
Chia-Hsiang,"Was the nighttime brightness over Wolf Volcano on Isabela Island brighter on January 7, 2022 then January 6 2022?",,,link: https://code.earthengine.google.com/0856d10288f0b33965ab31c0828977c1,double reviewed,,verified,,https://earthobservatory.nasa.gov/images/149308/a-wolf-awakens-at-night,,"The image, acquired by the VIIRS “day-night band” at 1:20 a.m. local time (7:20 UTC) on January 7, 2022, shows lava spewing from Wolf Volcano, on the northern end of Isabela Island.",,,VIIRS,https://code.earthengine.google.com/0856d10288f0b33965ab31c0828977c1,"// Wolf Volcano (Galápagos)
var wolfVolcano = ee.Geometry.Point([-91.33, 0.05]);

// Time range: January 1–7, 2022
var startDate = '2022-01-01';
var endDate = '2022-01-08';  // end date exclusive, so include Jan 7

// Load VIIRS Day/Night Band dataset
var dataset = ee.ImageCollection('NOAA/VIIRS/001/VNP46A1')
  .filterDate(startDate, endDate)
  .filterBounds(wolfVolcano)
  .select('DNB_At_Sensor_Radiance_500m');

// Visualization parameters
var dnbVis = {
  min: 0,
  max: 10,
  palette: ['black', 'purple', 'cyan', 'green', 'yellow', 'red', 'white'],
};

// Center map over Wolf Volcano
Map.setCenter(-91.33, 0.05, 8);

// Print available dates
var imageList = dataset.toList(dataset.size());
var n = imageList.size();
print('Number of images found:', n);
print('Dates available:', imageList.map(function(img) {
  return ee.Image(img).date().format('YYYY-MM-dd');
}));

// Add each image (each day) to the map
for (var i = 0; i < 7; i++) {
  var img = ee.Image(imageList.get(i));
  var date = ee.Date(img.get('system:time_start')).format('YYYY-MM-dd');
  Map.addLayer(img, dnbVis, 'DNB Radiance ' + date.getInfo());
}
"
Cheryl,"Was the number of fire detections in Pantanal, Brazil on June 11, 2024, greater than the number detected in any June from 2000 to 2023, as observed with MODIS Aqua?",,double reviewed,,,,verified,,https://www.earthobservatory.nasa.gov/images/152925/early-fires-in-brazils-pantanal,,"Using data from the MODIS (Moderate Resolution Imaging Spectroradiometer) instrument on NASA’s Aqua satellite, INPE detected 549 active fires as of June 11, which is more fire detections than any June in INPE’s record, going back to 1998. ",,,MODIS-Aqua,,
Cheryl,Was the NVDI lower in northern Kenya than in southern Kenya during May-June 2019?,,double reviewed,,,,verified,,https://earthobservatory.nasa.gov/images/147831/nasa-data-aid-food-security-assessments-in-kenya,,,,,MODIS-Terra,,
Cheryl,"Was the PM2.5 higher over Wuhan, China in February 2020 than in February 2019?",No,double reviewed,,,,verified,,https://earthobservatory.nasa.gov/images/148477/covid-19-lockdowns-cut-pollution-but-not-all-of-it,,"One example is shown on the map above, which compares PM2.5 levels across China in February 2020 versus February 2019. Note that although pollution levels dropped significantly in some of the most industrialized parts of China, they were actually higher near China’s desert regions. ",,,"MODIS-Terra
MODIS-Aqua
MISR-Terra",,
Chia-Hsiang,"Was the PM2.5 level higher in February 2020 than in February 2019 within a 50km radius of (40.923221, 104.238631)?",,,,double reviewed,,verified,,https://earthobservatory.nasa.gov/images/148477/covid-19-lockdowns-cut-pollution-but-not-all-of-it,,"One example is shown on the map above, which compares PM2.5 levels across China in February 2020 versus February 2019. Note that although pollution levels dropped significantly in some of the most industrialized parts of China, they were actually higher near China’s desert regions. ",,,"MODIS-Terra
MODIS-Aqua
MISR-Terra",,
Chia-Hsiang,Was the rainfall in Seattle between September through November in 2021 larger than that in 2020 and in 2019? ,,,,double reviewed,,verified,,https://earthobservatory.nasa.gov/images/149195/soggy-autumn-in-the-pacific-northwest,,"Just over 25 centimeters (10 inches) fell in November alone, raining on all but five days of the month

Ground-based observers in Seattle recorded about 48 centimeters (19 inches) of rain from September through November—the largest amount since records began in 1945",,,News (GRACE),,
Aarush,"Was the soil in Washington more moist on November 22, 2021 than November 15, 2021?",no,double reviewed,Note GEE can use GLDAS-2.1 but not GRACE,verified,,,,https://earthobservatory.nasa.gov/images/149195/soggy-autumn-in-the-pacific-northwest,,"Notice the vast expanse of wetter-than-usual (dark blue) soils on November 15, the third day of a potent storm.

Notice that by November 22, parts of western Washington and southern British Columbia do not look quite as wet.",,,News (GRACE),,
Cheryl,"Was the sulfer dioxide concentration higher over Cumbre Vieja than the Funchal Island on October 18, 2021?",,verified,,,,verified,,https://earthobservatory.nasa.gov/images/148978/sulfur-skies-over-la-palma,,,,,TOMS Merged,,
Cheryl,"Was the surface color of Lake Ijssel near Kornwerderzand visibly greener than near Afsluitdijk on July 8, 2023?",,verified,,,,verified,,https://earthobservatory.nasa.gov/images/151635/the-worlds-largest-freshwater-wind-farm,,"The 32-kilometer-long (20-mile-long) Afsluitdijk, which provides flood protection and separates the lake from the Wadden Sea, is also prominent in the image.",,,Landsat 8,,
Cheryl,"Was the surface water extent along the borders of Craighead and Jackson counties in northeastern Arkansas on April 13, 2025 greater than on April 13, 2023?",,verified,,,,verified,,https://www.earthobservatory.nasa.gov/images/154249/arkansas-farmers-face-lingering-floodwaters,,,,,Landsat 9,,
Cheryl,"Was the Swannanoa River visibly browner on October 2, 2024, than on August 30, 2024?",,verified,,,,double reviewed,,https://earthobservatory.nasa.gov/images/153416/flash-floods-swamp-north-carolina,,"Was the Swannanoa River visibly browner on October 2, 2024, than on August 30, 2024, due to suspended sediment and mud from flooding?",,,"Landsat 8
Sentinel 2",,
Cheryl,"Was the total rainfall in Grafton, New South Wales, greater than the total rainfall in Canberra from January 15, 2020 to January 21, 2020?",,verified,,,,verified,,https://earthobservatory.nasa.gov/images/146201/rain-brought-brief-relief-to-australia,,,,,GPM,,
Chia-Hsiang,Was the vegetation anomaly in February 21-28 2019 (compared to the long-term average of the same month from 2003-2017) worse in Namibia than Zimbabwe?,,,,verified,,double reviewed,,https://earthobservatory.nasa.gov/images/144704/drought-harms-corn-crops-in-southern-africa,,"The first map depicts soil moisture anomalies in February 2019; that is, areas that had more (green) or less (red) water in the upper layers of the ground than the norm for the month. Namibia and southern Angola show especially dry soils. In contrast, soil moisture in Botswana and South Africa appear to be above normal.",,,MODIS-Terra,,
Cheryl,Was the vegetation cover around Depok lower in 2019 than in 1990?,,verified,,,,verified,,https://earthobservatory.nasa.gov/images/148303/as-jakarta-grows-so-do-the-water-issues,,The widespread replacement of forests and other vegetation with impervious surfaces in inland areas along the Ciliwung and Cisadane rivers has reduced,,,"Landsat 5
Landsat 8",,
Chia-Hsiang,Was the vegetation cover near the Damietta branch of the Nile mouth greater in 1984 than in 2021? ,,,,double reviewed,,verified,,https://earthobservatory.nasa.gov/images/149183/the-nile-deltas-disappearing-farmland,,,,,"Landsat 5
Landsat 6
Landsat 7
Landsat 8",,
Cheryl,Was the vegetation cover near the Rosetta branch of the Nile mouth greater in 1984 than in 2021? ,,verified,,,,verified,,https://earthobservatory.nasa.gov/images/149183/the-nile-deltas-disappearing-farmland,,,,,"Landsat 5
Landsat 6
Landsat 7
Landsat 8",,
Aarush,"Was the vegetation health (NDVI) in Namibia worse in February 21-28 2019, compared to the long-term average for the same month period from 2003 to 2017?",,double reviewed,,verified,frame in terms of NDVI for consistency?,,,https://earthobservatory.nasa.gov/images/144704/drought-harms-corn-crops-in-southern-africa,https://eoimages.gsfc.nasa.gov/images/imagerecords/144000/144704/southernafrica_amo_2019059_lrg.png,"The drought’s toll on agriculture is clearer in the second map, which compares vegetation health in from February 21-28, 2019, to the long-term average for that week from 2003-2017. The image shows the Normalized Difference Vegetation Index (NDVI), which describes the health of vegetation based on how much red and near-infrared light plant leaves reflect. Healthy vegetation (green) reflects more infrared light and less visible light than stressed vegetation (brown).",,,"MODIS-Terra
MODIS-Aqua",,
Cheryl,"Was the water extent around the location (11.184384, 35.114837) greater on February 14, 2022 than on February 6, 2019?",,verified,,,,verified,,https://earthobservatory.nasa.gov/images/149699/keeping-a-satellite-eye-on-gerd,,,,,Landsat 8,,
Chia-Hsiang,"Was the water extent at the River Nene larger, specifically 5 km radius around (53.083908, -0.819876) on January 4,2024 than on January 5, 2022?",,,,double reviewed,,verified,,https://earthobservatory.nasa.gov/images/152295/flooding-along-the-river-trent,,"Near Northampton, to the east, the River Nene jumped to 1.63 meters on January 3, just 1 centimeter below the record high level recorded on December 24, 2020.",,,Landsat 9,,
Aarush,"Was there an active fire present in Monte Pisano in Northern Italy between February 24, 2019 and February 26, 2019?",,double reviewed,,verified,,,,https://earthobservatory.nasa.gov/images/144589/fire-burns-in-northern-italy,,"On the morning of February 25, 2019, a fire on the slopes of Monte Pisano sent smoke billowing across the western Italian coast. Reports estimate at least 180 hectares (less than 1 square mile) of forest and vegetation have been burned.",,,Landsat 8,,
Aarush,"Was there an active fire present near Paradise, California between November 7, 2018 to November 10, 2018?",,double reviewed,,verified,,,,https://earthobservatory.nasa.gov/images/144225/camp-fire-rages-in-california,,"On November 8, 2018, the Camp Fire erupted 90 miles (140 kilometers) north of Sacramento, California. As of 10 a.m. Pacific Standard Time on November 9, the fire had consumed 70,000 acres of land and was five percent contained, or surrounded by a barrier.",,,"Landsat 8
MODIS-Terra",,
Aarush,"Was there an algae bloom visible off the coast of Santa Monica on October 10,  2015?",,verified,,double reviewed,,,,https://earthobservatory.nasa.gov/images/144156/monitoring-outflow-and-algae,,"The Operational Land Imager (OLI) on Landsat 8 acquired a natural-color image of Santa Monica Bay (above) on October 10, 2015, midway through the shutdown. The green patches near the coast are phytoplankton blooms likely caused by an excess of nutrients from the nearshore wastewater discharge.",,,Landsat 8,,
Aarush,"Was there at least 35 millimeters of rain in areas of Wales and central and southern England on January 2, 2024?",,verified,,double reviewed,,,,https://earthobservatory.nasa.gov/images/152275/storm-batters-the-united-kingdom,,"The disturbance brought up to 40 millimeters of rain to areas of Wales and central and southern England on January 2, and the U.K.’s Environment Agency issued more than 250 flood warnings.",,,News,,
Cheryl,"Was there more green vegetation visible around Onemen Bay near Anadyr on August 9, 2025, than on September 11, 2025?",,verified,,,,verified,,https://earthobservatory.nasa.gov/images/154785/color-along-the-anadyr,,"The transition is apparent in this pair of images. On August 9 (left), lush, green vegetation spanned the landscape. About a month later (right), striking reds, yellows, and browns prevailed",,,MODIS-Terra,,
Aarush,"Was there more rainfall near Villarrica during January 1 and December 31, 2021 as compared to 5 years prior?",no,double reviewed,,verified,,,,https://earthobservatory.nasa.gov/images/149463/chilean-volcano-low-on-snow,,"“Many stations near Villarica and to the south recorded their lowest accumulations since 1960,” Garreaud said, referring to the precipitation measured by the Chilean Weather Service between January 1 and December 31, 2021.",,,"Landsat 8
MODIS-Terra",,
Cheryl,"Was there more sea ice visible in Hudson Bay (56.271030, -87.160422) on July 29, 2020 than on July 13, 2020?",No,verified,,,,verified,,https://earthobservatory.nasa.gov/images/147086/hunting-for-ice-on-hudson-bay,,,,,VIIRS,,
Chia-Hsiang,"Was there more sediment in the Mekong River, specifically at location (20.248364, 100.141422), in January 27, 2015 compared to January 25, 2020?",,,,verified,,double reviewed,,https://earthobservatory.nasa.gov/images/146209/mekong-turns-from-brown-to-blue-green,,"But for the past few months, the sediment loads have dropped and the Lower Mekong River has turned an unusual aquamarine color.

The color change was first reported in northern Thailand in November 2019, and has since spread along the Lower Mekong. The images above show the river near the town of Huay Xai in Laos. The left image shows the river under normal, sediment-laden conditions on January 27, 2015, compared to conditions on January 25, 2020.",,,Landsat 8,,
Aarush,"Was there more smoke on January 1, 2020 in the coastal regions of Victoria and New South Wales, Australia compared to July 24, 2019?",,double reviewed,,verified,,,,https://earthobservatory.nasa.gov/images/146096/thick-smoke-blankets-southeastern-australia,,"On January 1, 2020, the Operational Land Imager (OLI) on Landsat 8 acquired a natural-color image (above) of thick smoke blanketing southeastern Australia along the border of Victoria and New South Wales. For comparison, the second image shows what the same area looked like under cloud- and smoke-free conditions on July 24, 2019.",,,Landsat 8,,
Chia-Hsiang,"Was there more snow in the Sierra Nevada mountains on January 1, 2022, than on April 1 and May 4, 2022?",,,,double reviewed,,verified,,https://earthobservatory.nasa.gov/images/149798/wild-fluctuations-in-sierra-snow,,,,,"MODIS-Terra
MODIS-Aqua",,
Aarush,"Was there more snow water equivalent in a 30 mile radius around Kabul, Afghanistan in February 2018 in comparison to February 2017?",no,verified,,double reviewed,,,,https://earthobservatory.nasa.gov/images/91851/record-low-snowpack-in-afghanistan,,"In a reversal from abundant snow conditions in February 2017, the snowpack in Afghanistan in February 2018 was the lowest detected for the month since 2001.",,,MODIS-Aqua,,
Aarush,"Was there more soil moisture in regions near Beledweyne, Somalia in May 2018 compared to the same time last year?",,verified,,double reviewed,,,,https://earthobservatory.nasa.gov/images/92130/dramatic-flooding-in-eastern-africa,https://eoimages.gsfc.nasa.gov/images/imagerecords/92000/92130/somalia_smp_2018125_lrg.png,"The map below shows the change in soil moisture in Somalia from May 7, 2017, to May 5, 2018. The map was created with data from the Soil Moisture Active Passive (SMAP) satellite, which uses a radiometer to measure moisture in the top 5 centimeters of the ground.",,,SMAP?,,
Aarush,"Was there more than 12 mg/m^2 of black carbon concentrate at (40.190004, -122.555169) on August 25, 2020?",,double reviewed,,verified,,,,https://earthobservatory.nasa.gov/images/147182/august-fires-leave-vast-burn-scars-in-california,https://eoimages.gsfc.nasa.gov/images/imagerecords/147000/147182/casmoke_geos5_2020238.png,The map above shows the concentration of black carbon particulates—commonly called soot—on August 25.,,,GEOS?,,
Aarush,"Was there more than 12 mg/m^2 of black carbon concentrate at (40.575441, -122.403124) near Redding, CA on August 25, 2020?",,double reviewed,,verified,,,,https://earthobservatory.nasa.gov/images/147182/august-fires-leave-vast-burn-scars-in-california,https://eoimages.gsfc.nasa.gov/images/imagerecords/147000/147182/casmoke_geos5_2020238.png,The map above shows the concentration of black carbon particulates—commonly called soot—on August 25.,,,GEOS?,,
Chia-Hsiang,"Was there more visible turbudity around location (33.710618, 136.025799) than location (33.884848, 136.367495
) in September 15,2018, as captured by MODIS Terra?",,,,double reviewed,,verified,,https://earthobservatory.nasa.gov/images/92710/japans-waters-run-brown-after-typhoon-jebi,,"On September 5, 2018, the Moderate Resolution Imaging Spectroradiometer (MODIS) on NASA’s Terra satellite acquired this image of Osaka Bay and the Kansai region. Note the brown plumes of suspended sediment at several river mouths pouring into the sea and fading to teal as the sediment-rich water mixed with sea water.",,,MODIS-Terra,,
Chia-Hsiang,"Was there only snow and no clouds present in the Northern Tablelands in New South Wales, Australia on August 2, 2025?",no,,,verified,,double reviewed,,https://earthobservatory.nasa.gov/images/154644/fleeting-glimpse-of-rare-snow,,"The Northern Tablelands in New South Wales, Australia, transformed into a winter wonderland on August 2, 2025.",,,Landsat 8,,
Aarush,Was there snow present in the Atacama Desert during the months of June and July in 2025?,,verified,,double reviewed,,,,https://earthobservatory.nasa.gov/images/154562/rare-snowfall-in-the-atacama-desert,,"The MODIS (Moderate Resolution Imaging Spectroradiometer) on NASA’s Terra satellite captured an image (above left) of the snowfall on June 26, 2025, the day after the storm. The same sensor captured the second image on July 16, 2025.",,,"Landsat 9
MODIS-Terra",,
Aarush,"Was there snow present in the Northern Tablelands in New South Wales, Australia on August 2, 2025?",,verified,,double reviewed,,,,https://earthobservatory.nasa.gov/images/154644/fleeting-glimpse-of-rare-snow,,"The Northern Tablelands in New South Wales, Australia, transformed into a winter wonderland on August 2, 2025.",,,"Landsat 9
MODIS-Terra",,
Cheryl,"Was vegetation greenness (NDVI) within a 40 km raidus around Moroto, Uganda during August 2023 lower than its average for August between 1991 and 2010?",,verified,,,,verified,,https://earthobservatory.nasa.gov/images/151969/karamoja-beset-with-drought,,The map displays the difference between NDVI in August 2023 and the average NDVI for August from 1991 to 2010. ,,,"Landsat 5
Landsat 7
Landsat 8
Landsat 9",,
Aarush,"Was water extent in the Sudd wetlands, South Sudan near Bor on December 4, 2021 higher than on December 6, 2019?",,verified,,double reviewed,,,,https://earthobservatory.nasa.gov/images/149217/south-sudan-submerged,,"Radar altimetry data posted as part of NASA’s Global Water Monitor shows that water elevations above sea level in the Sudd wetlands near Bor reached as high as 420.5 meters (275.6 feet) in November 2021, a high for satellite data records that date to 1992.",,,MODIS-Aqua,,
Cheryl,"Were active fire counts in Punjab and Haryana during November 2024 lower than during November 2022, as observed with the VIIRS sensor?",,double reviewed,,,,verified,,https://earthobservatory.nasa.gov/images/153826/is-fire-activity-declining-in-northwestern-india,,"During the 2024 burning season, MODIS observed the lowest number of fires in Punjab and Haryana on record since the two sensors began collecting data in 2000 and 2002",,,"Landsat 9
VIIRS",,
Cheryl,"Were active fire counts in Punjab and Haryana lower in November 2024 than any other November from 2012 to 2023, as observed with the VIIRS sensor?",,verified,,,,double reviewed,,https://earthobservatory.nasa.gov/images/153826/is-fire-activity-declining-in-northwestern-india,,,,,VIIRS,,
Aarush,"Were black carbon AODs near the east of Australia, specifically within a 100km radius about (-34.344553, 157.706220), up during November 2019 to February 2020 in comparison to the same time the prior year? ",,double reviewed,,verified,,,,https://earthobservatory.nasa.gov/images/149039/australian-fires-fueled-unprecedented-blooms,," In those two regions, black carbon aerosol values were also 300 percent higher than normal, a level unprecedented in the 17-year aerosol record.",,,"MERIS
MODIS-Terra
VIIRS
SeaWiFS",,
Aarush,"Were blooms of phytoplankton visible in the Norwegian Sea during June 5, 2019?",,double reviewed,,verified,,,,https://earthobservatory.nasa.gov/images/145151/beauty-and-a-burden-in-the-norwegian-sea,,"Phytoplankton in the Norwegian Sea are visible in this image, acquired on June 5, 2019, with the Moderate Resolution Imaging Spectroradiometer (MODIS) on NASA’s Terra satellite. ",,,MODIS-Terra,,
Chia-Hsiang,"Were chlorophyll concertrations at 100km radius around (-41.729403, -125.410394) up during November 2019 to February 2020 in comparison to the same time the prior year?",,,,double reviewed,,verified,,https://earthobservatory.nasa.gov/images/149039/australian-fires-fueled-unprecedented-blooms,,The researchers identified two regions south and east of Australia where chlorophyll concentrations were double the normal seasonal levels—values never before observed in the 22-year satellite record.,,,MODIS-Aqua,https://code.earthengine.google.com/1d2175479cc2091d52e364566784c453,
Chia-Hsiang,"Were chlorophyll concertrations at 100km radius around (-45.432798, 140.468626) up during November 2019 to February 2020 in comparison to the same time the prior year?",,,,verified,,verified,,https://earthobservatory.nasa.gov/images/149039/australian-fires-fueled-unprecedented-blooms,,The researchers identified two regions south and east of Australia where chlorophyll concentrations were double the normal seasonal levels—values never before observed in the 22-year satellite record.,,,MODIS-Aqua,https://code.earthengine.google.com/bca35cac3d8ad699e2700abd2bbd48fb,
Aarush,"Were crops near the southern Iberian Peninsula healthier (indicated with NDVI) from March 25 to April 23, 2023 as compared to the longer-term average from 2000-2010?",no,verified,,double reviewed,,,,https://earthobservatory.nasa.gov/images/151366/spain-browned-by-drought,,"This map indicates where vegetation on the Iberian Peninsula was less healthy than usual (brown) in spring 2023. It shows anomalies in the Normalized Difference Vegetation Index (NDVI)—a satellite-derived product used to assess vegetation conditions.

NDVI depicts the health, or “greenness,” of vegetation based on how much red and near-infrared light the leaves reflect. Healthy vegetation reflects more infrared light and less visible light than stressed vegetation. This map, which uses MODIS data from NASA’s Terra satellite, compares NDVI from March 25 to April 23, 2023, with the longer-term average (2000–2010) for that period.",,,MODIS-Terra,,
Aarush,"Were Shebelle River's levels higher on May 9, 2018 in comparison to May 17,2015?",,double reviewed,,verified,,,,https://earthobservatory.nasa.gov/images/92130/dramatic-flooding-in-eastern-africa,,"Flooding burst the banks of the Shebelle River in several locations, destroying houses and crops and causing more than 120,000 people to flee their riverside homes since April 2018. The images above show the Shebelle River on May 17, 2015 (a relatively normal year) and on May 9, 2018. These false-color images (bands 6–5–3) were captured by the Operational Land Imager (OLI) on Landsat 8.",,,"Landsat 8
SMAP",,
Cheryl,"Were the agricultural fields between the Kakhovka and North Crimean Canals in Ukraine browner on June 18, 2023 than on May 17, 2023?",,double reviewed,,,,verified,,https://earthobservatory.nasa.gov/images/151622/canals-in-ukraine-are-drying-up,,,,,Landsat 9,,
Cheryl,"Were the mean tropospheric nitrogen dioxide levels higher over Shanghai than over Wuhan during April 20-May 12, 2020? ",,double reviewed,,,,verified,,https://earthobservatory.nasa.gov/images/146741/nitrogen-dioxide-levels-rebound-in-china,,,,,Sentinel 5P,,
Aarush,"Were the sea surface temperatures near the coast of La Jolla, California on August 1, 2018 higher than the same region's sea surface temperature the year prior?",,double reviewed,,verified,,,,https://earthobservatory.nasa.gov/images/92563/record-warm-waters-off-southern-california,,"On August 1, 2018, researchers from the Scripps Institution of Oceanography observed water temperatures of 25.9 degrees Celsius (78.6 degrees Fahrenheit) along the coast at La Jolla, exceeding the previous record of 25.8°C (78.4°F) set in 1931.",,,News,,
Aarush,"Were the water levels in Lake Kariba in December, 2019 higher than the water levels seen in December, 2018?",no,verified,,double reviewed,,,,https://earthobservatory.nasa.gov/images/146068/water-levels-keep-falling-at-lake-kariba,,"Straddling the border of Zambia and Zimbabwe, Lake Kariba is 223 kilometers (139 miles) long and stretches 40 kilometers (25 miles) across at its widest point. As of December 27, 2019, water levels in Lake Kariba stood at 8.36 percent of what is needed for power generation. In December 2018, the lake stood at 51 percent; in 2017, it was 37 percent.",,,Landsat 8,,
Aarush,"Were there fires in Pedrógão Grande during the any time between June 16 to June 20, 2017?",,double reviewed,,verified,,,,https://earthobservatory.nasa.gov/images/90427/wildfires-light-up-portugal,,"On June 17, 2017, lightning reportedly ignited a deadly wildfire that spread across the mountainous areas of Pedrógão Grande—a municipality in central Portugal located about 160 kilometers (100 miles) northeast of Lisbon.",,,VIIRS,,
Aarush,"Were there fires visible in a 50 mile radius around (latitude: 34.498828, longitude: -112.246886) between June 20, 2017 and June 30, 2017?",,verified,,double reviewed,,,,https://earthobservatory.nasa.gov/images/90501/fires-in-the-southwest,,"On June 27, 2017, the Moderate Resolution Imaging Spectroradiometer (MODIS) on NASA’s Aqua satellite captured this natural-color image of fires in the southwestern United States. They include the Brian Head Fire in Utah, which has consumed more than 50,000 acres of trees and brush, and the Goodwin Fire in Arizona, which has burned more than 20,000 acres.",,,MODIS-Aqua,,
Cheryl,"Were there more active fire counts in Punjab than Haryana on November 8, 2024?",,verified,,,,double reviewed,,https://earthobservatory.nasa.gov/images/153826/is-fire-activity-declining-in-northwestern-india,,,,,"Landsat 9
VIIRS",,
Chia-Hsiang,Were there more fire events detected with the VIIRS sensors in the southern Brazilian Amazon in 2020 than in 2019?,,,,double reviewed,,verified,,https://www.earthobservatory.nasa.gov/images/147946/fires-raged-in-the-amazon-again-in-2020,,,,,VIIRS,,
Chia-Hsiang,"Were there more snow in north-central Chile in July, 16 2022 than July 7, 2022?",,,,double reviewed,,verified,,https://earthobservatory.nasa.gov/images/150100/snow-blanket-for-the-andes,,"“Until 10 days ago, north-central Chile was experiencing one of its driest winters,” said René Garreaud, a scientist at the University of Chile. The change from dry to wet was swift and visibly striking. The Visible Infrared Imaging Radiometer Suite (VIIRS) on the NOAA-20 satellite acquired a view of the same area on July 7 (left), just prior to the storms. Notice the relatively sparse snow cover compared with the July 16 image (right) acquired after the storms.",,,VIIRS,,
Cheryl,"Were there more than 8 active fires in the Sakha Republic on August 6, 2020?",,verified,,,,verified,,https://earthobservatory.nasa.gov/images/147083/another-intense-summer-of-fires-in-siberia,,"As of August 6, approximately 19 fires were burning in the province.",,,"VIIRS
MODIS-Terra",,
Chia-Hsiang,"Were there two isolated islands within a 2 km radius of (27.245974, 140.878144) on December 8, 2013, which had merged into a single island by March 30, 2014?",,,,double reviewed,,verified,,"https://earthobservatory.nasa.gov/images/82607/new-island-in-the-ring-of-fire

https://earthobservatory.nasa.gov/images/83447/new-pacific-island-consumes-its-neighbor",,,,,Landsat 8,,
Chia-Hsiang,"Were there two isolated islands within a 2 km radius of (27.245974, 140.878144) on December 8, 2013?",,,,double reviewed,,verified,,https://earthobservatory.nasa.gov/images/82607/new-island-in-the-ring-of-fire,,,,,Landsat 8,,
Chia-Hsiang,"Were there two isolated islands within a 2 km radius of (27.245974, 140.878144) on March 30, 2014?",no,,,double reviewed,,verified,,https://earthobservatory.nasa.gov/images/83447/new-pacific-island-consumes-its-neighbor,,,,,Landsat 8,,
,,,,,,,,,,,,,,,,
,,,,,,,,,,,,,,,,
,,,Chia-Hsiang,,Cheryl,,Aarush,,,,Modalities,Count,,,,
,,,Total Reviewed:,86,Total Reviewed:,42,Total Reviewed:,131,,,Landsat,89,,,,
,,,Verified:,86,Verified:,42,Verified:,131,,,Sentinel,15,,,,
,,,Unreviewed:,0,Unreviewed:,0,Unreviewed:,0,,,VIIRS,45,,,,
,,,Need Revision:,0,Need Revision:,0,Need Revision:,0,,,MODIS,76,,,,
,,,Double reviewed:,44,Double reviewed:,52,Double reviewed:,50,,,NOAA,2,,,,
,,,,,,,# annotated modalities:,267,,,MISR,2,,,,
,,,,,,,# questions: ,267,,,GEOS,17,,,,
,,,,,,,,,,,News,25,,,,
,,,,,,,,,,,,,,,,
,,,,,,,,,,,,,,,,
,,,,,,,,,,,,,,,,
,,,,,,,,,,,Landsat ,Count,,,,
,,,,,,,,,,,4,1,,,,
,,,,,,,,,,,5,11,,,,
,,,,,,,,,,,6,2,,,,
,,,,,,,,,,,7,8,,,,
,,,,,,,,,,,8,61,,,,
,,,,,,,,,,,9,34,,,,
,,,,,,,,,,,,,,,,
,,,,,,,,,,,MODIS,Count,,,,
,,,,,,,,,,,Terra,46,,,,
,,,,,,,,,,,Aqua,42,,,,