Question,Answer,URL,Thumbnail URL,Supporting sentences,Post ID,Tag,Modality,Javascript URL,Javascript code,Version,UID
Does Australia show higher carbon monoxide concentration than Indonesia in October 2024?,,https://earthobservatory.nasa.gov/global-maps/MOP_CO_M/MOD14A1_M_FIRE,,"1. The carbon monoxide maps show the monthly averages of carbon monoxide at an altitude of about 12,000 feet, based on data from the MOPITT sensor on NASA’s Terra satellite. Concentrations of carbon monoxide are expressed in parts per billion by volume (ppbv).",,,,https://code.earthengine.google.com/639f0a6de5247561d62f79b39e26ae0f,"// Load Sentinel-5P Carbon Monoxide data for October 2024
var dataset = ee.ImageCollection('COPERNICUS/S5P/NRTI/L3_CO')
  .filter(ee.Filter.date('2024-10-01', '2024-10-31'))
  .select('CO_column_number_density');

// Define Australia and Indonesia boundaries
var australia = ee.FeatureCollection('USDOS/LSIB_SIMPLE/2017')
  .filter(ee.Filter.eq('country_na', 'Australia'));
  
var indonesia = ee.FeatureCollection('USDOS/LSIB_SIMPLE/2017')
  .filter(ee.Filter.eq('country_na', 'Indonesia'));

// Create visualization parameters for Carbon Monoxide
var coVis = {
  min: 0,
  max: 0.05,
  palette: ['black', 'blue', 'purple', 'cyan', 'green', 'yellow', 'red']
};

// Function to calculate mean CO for a specific region
function calculateMeanCO(dataset, region) {
  // Get the mean CO over the time period
  var meanCO = dataset.mean();
  
  // Calculate the average CO in the region
  var meanRegionalCO = meanCO.reduceRegion({
    reducer: ee.Reducer.mean(),
    geometry: region,
    scale: 10000,  // Scale in meters
    maxPixels: 1e12
  });
  
  return meanRegionalCO;
}

// Calculate the mean CO for both countries
var meanCO_Australia = calculateMeanCO(dataset, australia);
var meanCO_Indonesia = calculateMeanCO(dataset, indonesia);

// Get the CO values
var coValue_Australia = meanCO_Australia.get('CO_column_number_density');
var coValue_Indonesia = meanCO_Indonesia.get('CO_column_number_density');

// Compare the CO values
var difference = ee.Number(coValue_Australia).subtract(coValue_Indonesia);
var percentDifference = difference.divide(coValue_Indonesia).multiply(100);
var australiaHigher = ee.Number(coValue_Australia).gt(coValue_Indonesia);

// Print the results
print('Mean Australia CO (mol/m²):', coValue_Australia);
print('Mean Indonesia CO (mol/m²):', coValue_Indonesia);
print('Absolute Difference (mol/m²):', difference);
print('Percentage Difference (%):', percentDifference);
print('Does Australia show higher carbon monoxide than Indonesia?', australiaHigher);

// Calculate monthly mean CO
var meanCOImg = dataset.mean();

// Add layers to the map
Map.addLayer(meanCOImg.clip(australia), coVis, 'CO Australia Oct 2024');
Map.addLayer(meanCOImg.clip(indonesia), coVis, 'CO Indonesia Oct 2024');

// Add country boundaries
Map.addLayer(australia, {color: 'yellow'}, 'Australia Boundary');
Map.addLayer(indonesia, {color: 'white'}, 'Indonesia Boundary');

// Center the map to show both countries
// Use error margin for the union operation to avoid the error
var australiaBounds = australia.geometry().bounds();
var indonesiaBounds = indonesia.geometry().bounds();
var bothCountries = australiaBounds.union(indonesiaBounds, 1); // 1 meter error margin
Map.centerObject(bothCountries, 4);

// Additional analysis: Regional hotspots
// Create a threshold for high CO levels
var highCO = meanCOImg.gt(0.03); // Threshold for high CO (adjust as needed)

// Find high CO areas in both countries
var highCO_Australia = highCO.clip(australia);
var highCO_Indonesia = highCO.clip(indonesia);

// Calculate area of high CO in each country
var areaHighCO_Australia = highCO_Australia.multiply(ee.Image.pixelArea()).reduceRegion({
  reducer: ee.Reducer.sum(),
  geometry: australia,
  scale: 100000,
  maxPixels: 1e12
});

var areaHighCO_Indonesia = highCO_Indonesia.multiply(ee.Image.pixelArea()).reduceRegion({
  reducer: ee.Reducer.sum(),
  geometry: indonesia,
  scale: 100000,
  maxPixels: 1e12
});

// Print the high CO area results
print('Area with high CO in Australia (km²):', 
      ee.Number(areaHighCO_Australia.get('CO_column_number_density')).divide(1e6));
print('Area with high CO in Indonesia (km²):', 
      ee.Number(areaHighCO_Indonesia.get('CO_column_number_density')).divide(1e6));

// Additional visualization: Show high CO areas
var highCOVis = {
  palette: ['red']
};
Map.addLayer(highCO_Australia.selfMask(), highCOVis, 'High CO Areas Australia');
Map.addLayer(highCO_Indonesia.selfMask(), highCOVis, 'High CO Areas Indonesia');

// Analyze temporal variation within October 2024
var earlyOct = ee.ImageCollection('COPERNICUS/S5P/NRTI/L3_CO')
  .filter(ee.Filter.date('2024-10-01', '2024-10-15'))
  .select('CO_column_number_density')
  .mean();

var lateOct = ee.ImageCollection('COPERNICUS/S5P/NRTI/L3_CO')
  .filter(ee.Filter.date('2024-10-16', '2024-10-31'))
  .select('CO_column_number_density')
  .mean();

// Calculate mean CO for early and late October for each country
var earlyOct_Australia = earlyOct.reduceRegion({
  reducer: ee.Reducer.mean(),
  geometry: australia,
  scale: 10000,
  maxPixels: 1e12
}).get('CO_column_number_density');

var lateOct_Australia = lateOct.reduceRegion({
  reducer: ee.Reducer.mean(),
  geometry: australia,
  scale: 10000,
  maxPixels: 1e12
}).get('CO_column_number_density');

var earlyOct_Indonesia = earlyOct.reduceRegion({
  reducer: ee.Reducer.mean(),
  geometry: indonesia,
  scale: 10000,
  maxPixels: 1e12
}).get('CO_column_number_density');

var lateOct_Indonesia = lateOct.reduceRegion({
  reducer: ee.Reducer.mean(),
  geometry: indonesia,
  scale: 10000,
  maxPixels: 1e12
}).get('CO_column_number_density');

// Print temporal results
print('Early October Australia CO (mol/m²):', earlyOct_Australia);
print('Late October Australia CO (mol/m²):', lateOct_Australia);
print('Early October Indonesia CO (mol/m²):', earlyOct_Indonesia);
print('Late October Indonesia CO (mol/m²):', lateOct_Indonesia);",v1,1
"Does the valley fog coverage in the Upper Arrow Lake area decrease from morning to afternoon on October 22, 2018?",,https://earthobservatory.nasa.gov/images/144150/its-valley-fog-season,,"1. As the day progresses and temperatures rise, valley fog often fades away. The MODIS sensor on Aqua, which passed over the same area in early afternoon, highlighted the process. By afternoon, many of the areas that had been bathed in fog had cleared.
2. Website: https://worldview.earthdata.nasa.gov/?v=-121.31484440503583,48.58685804109225,-115.5889478009778,51.79486585359225&l=Reference_Labels_15m,Reference_Features_15m,Coastlines_15m,MODIS_Aqua_CorrectedReflectance_Bands721(hidden),MODIS_Terra_CorrectedReflectance_Bands721&lg=false&l1=Reference_Labels_15m,Reference_Features_15m,Coastlines_15m,MODIS_Aqua_CorrectedReflectance_Bands721,MODIS_Terra_CorrectedReflectance_Bands721&lg1=false&ca=false&cv=58&t=2018-10-22-T00%3A00%3A00Z&t1=2018-10-22-T00%3A00%3A00Z
",,,,https://code.earthengine.google.com/6983d57009ceba705b9a06450a998a24,"// Analysis of valley fog coverage in Upper Arrow Lake area
// comparing morning to afternoon on October 22, 2018

// Define the Upper Arrow Lake area in British Columbia, Canada
// var upperArrowLake = ee.Geometry.Rectangle([-118.35, 50.25, -117.75, 50.75]);
var upperArrowLake = ee.Geometry.Rectangle([-119.998, 49.570, -117.370, 50.999]);

// Load MODIS Terra (morning) and Aqua (afternoon) data for October 22, 2018
// Terra typically passes in the morning (~10:30 AM local time)
// Aqua typically passes in the afternoon (~1:30 PM local time)

// Morning data from Terra MODIS
var terraMorning = ee.ImageCollection('MODIS/061/MOD21A1D')
  .filter(ee.Filter.date('2018-10-22', '2018-10-23'))
  .first();

// Afternoon data from Aqua MODIS
var aquaAfternoon = ee.ImageCollection('MODIS/061/MYD21A1D')
  .filter(ee.Filter.date('2018-10-22', '2018-10-23'))
  .first();

// Function to extract cloud flag from QC band (bits 4-5)
function extractCloudFlag(image) {
  var qcBand = image.select('QC');
  // Extract bits 4-5 (cloud flag)
  // Shift right by 4 bits, then mask to keep only 2 bits
  var cloudFlag = qcBand.rightShift(4).bitwiseAnd(3);
  return cloudFlag;
}

// Extract cloud flags
var morningCloudFlag = extractCloudFlag(terraMorning);
var afternoonCloudFlag = extractCloudFlag(aquaAfternoon);

// Create masks for fog detection
// In valley fog analysis, we're looking for low clouds/fog in the morning
// that typically dissipate in the afternoon
// Valley fog would typically be classified as ""Cloudy pixel"" (value 3) in the cloud flag

// Create masks for fog (cloud flag = 3)
var morningFogMask = morningCloudFlag.eq(3);
var afternoonFogMask = afternoonCloudFlag.eq(3);

// Calculate fog coverage area for morning and afternoon
function calculateFogArea(fogMask, region) {
  var fogArea = fogMask.multiply(ee.Image.pixelArea()).reduceRegion({
    reducer: ee.Reducer.sum(),
    geometry: region,
    scale: 1000,  // MODIS resolution
    maxPixels: 1e12
  });
  return fogArea.get('QC');  // QC is the band name
}

var morningFogArea = calculateFogArea(morningFogMask, upperArrowLake);
var afternoonFogArea = calculateFogArea(afternoonFogMask, upperArrowLake);

// Calculate the change in fog coverage
var absoluteChange = ee.Number(afternoonFogArea).subtract(morningFogArea);
var percentChange = absoluteChange.divide(morningFogArea).multiply(100);

// Print results
print('Morning Fog Coverage Area (sq m):', morningFogArea);
print('Afternoon Fog Coverage Area (sq m):', afternoonFogArea);
print('Absolute Change in Fog Coverage (sq m):', absoluteChange);
print('Percentage Change in Fog Coverage (%):', percentChange);
print('Did fog coverage decrease from morning to afternoon?', 
      ee.Number(afternoonFogArea).lt(morningFogArea));

// Also calculate the percentage of the Upper Arrow Lake area covered by fog
var totalArea = upperArrowLake.area();
print('Total Upper Arrow Lake Area (sq m):', totalArea);
print('Morning Fog Coverage (% of area):', 
      ee.Number(morningFogArea).divide(totalArea).multiply(100));
print('Afternoon Fog Coverage (% of area):', 
      ee.Number(afternoonFogArea).divide(totalArea).multiply(100));

// Visualization
// Create a visualization of the cloud flag classes for both times
var cloudFlagVis = {
  min: 0,
  max: 3,
  palette: ['green', 'yellow', 'orange', 'white']
};

// Add false color composite for context (using LST and emissivity bands if available)
// If these bands aren't available, we'll use QC bands for visualization
var falseColorVis = {
  bands: ['QC'],
  min: 0,
  max: 255,
  gamma: 1.4
};

// Alternative visualization specifically for fog detection
var fogVis = {
  palette: ['000000', '0000FF']  // Black for no fog, blue for fog
};

// Center map on Upper Arrow Lake
Map.centerObject(upperArrowLake, 7);

// Add base layers
Map.addLayer(terraMorning, falseColorVis, 'Morning MODIS Terra Raw', false);
Map.addLayer(aquaAfternoon, falseColorVis, 'Afternoon MODIS Aqua Raw', false);

// Add cloud flag classification layers
Map.addLayer(morningCloudFlag, cloudFlagVis, 'Morning Cloud Flag', false);
Map.addLayer(afternoonCloudFlag, cloudFlagVis, 'Afternoon Cloud Flag', false);

// Add fog mask layers (the main result)
Map.addLayer(morningFogMask.selfMask(), fogVis, 'Morning Fog Coverage', true);
Map.addLayer(afternoonFogMask.selfMask(), {palette: ['FF0000']}, 'Afternoon Fog Coverage', true);

// Add the Upper Arrow Lake boundary
Map.addLayer(ee.FeatureCollection(upperArrowLake), {color: 'black'}, 'Upper Arrow Lake Area');

// Create a difference layer (fog present in morning but not afternoon)
var fogDissipated = morningFogMask.eq(1).and(afternoonFogMask.eq(0));
Map.addLayer(fogDissipated.selfMask(), {palette: ['yellow']}, 'Fog Dissipated', true);",v1,2
"Was there an algae bloom visible off the coast of Santa Monica on October 10,  2015?",,https://earthobservatory.nasa.gov/images/144156/monitoring-outflow-and-algae,,"The Operational Land Imager (OLI) on Landsat 8 acquired a natural-color image of Santa Monica Bay (above) on October 10, 2015, midway through the shutdown. The green patches near the coast are phytoplankton blooms likely caused by an excess of nutrients from the nearshore wastewater discharge.",,,,,,v2,3
"Does the snow cover in southern Siberia increase between October 14, 2018 and October 29, 2018?",,https://earthobservatory.nasa.gov/images/144186/october-snow-in-siberia,,"1. Image: The left image was taken on October 14, 2018, while the right image shows the region covered with snow on October 29.",,,,https://code.earthengine.google.com/7d1729cdf553c6cf087b76278307a553,"// Define Southern Siberia region (approximate bounds)
var southernSiberia = ee.Geometry.Rectangle([94.49481025986987, 51.69942865837741, 124.37762275986987, 67.79241448202215]);

// Get MODIS data for both dates
var dataset_Oct14 = ee.ImageCollection('MODIS/061/MOD09GA')
  .filter(ee.Filter.date('2018-10-14', '2018-10-15'))
  .map(function(img){
    return img.add(-100).multiply(0.0001);
  })
  .filterBounds(southernSiberia);

var dataset_Oct29 = ee.ImageCollection('MODIS/061/MOD09GA')
  .filter(ee.Filter.date('2018-10-29', '2018-10-30'))
  .map(function(img){
    return img.add(-100).multiply(0.0001);
  })
  .filterBounds(southernSiberia);

// Function to calculate NDSI (Normalized Difference Snow Index)
var calculateNDSI = function(image) {
  var green = image.select('sur_refl_b04'); // Band 4 (Green)
  var swir = image.select('sur_refl_b06'); // Band 6 (SWIR)
  var ndsi = green.subtract(swir).divide(green.add(swir));
  return ndsi.rename('NDSI');
};

// Calculate NDSI for both dates
var ndsi_Oct14 = dataset_Oct14.map(calculateNDSI).mosaic().clip(southernSiberia);
var ndsi_Oct29 = dataset_Oct29.map(calculateNDSI).mosaic().clip(southernSiberia);

// Define NDSI threshold for snow detection
var ndsiThreshold = 0.4;

// Create snow masks
var snowMask_Oct14 = ndsi_Oct14.gte(ndsiThreshold);
var snowMask_Oct29 = ndsi_Oct29.gte(ndsiThreshold);

// Calculate snow area (in pixels)
var snowArea_Oct14 = snowMask_Oct14.reduceRegion({
  reducer: ee.Reducer.sum(),
  geometry: southernSiberia,
  scale: 500, // MODIS resolution
  maxPixels: 1e13
}).get('NDSI');

var snowArea_Oct29 = snowMask_Oct29.reduceRegion({
  reducer: ee.Reducer.sum(),
  geometry: southernSiberia,
  scale: 500, // MODIS resolution
  maxPixels: 1e13
}).get('NDSI');

// Calculate the total area in km²
var pixelArea = 500 * 500 / 1000000; // area of one pixel in km²

// Convert snow pixels to area in km²
var snowAreaKm2_Oct14 = ee.Number(snowArea_Oct14).multiply(pixelArea);
var snowAreaKm2_Oct29 = ee.Number(snowArea_Oct29).multiply(pixelArea);

// Calculate percentage change
var snowChangePercent = ee.Number(snowAreaKm2_Oct29).subtract(snowAreaKm2_Oct14)
  .divide(snowAreaKm2_Oct14).multiply(100);

// Print snow areas and change
print(""Oct 14, 2018 snow area (pixels):"", snowArea_Oct14);
print(""Oct 29, 2018 snow area (pixels):"", snowArea_Oct29);
print(""Oct 14, 2018 snow area (km²):"", snowAreaKm2_Oct14);
print(""Oct 29, 2018 snow area (km²):"", snowAreaKm2_Oct29);
print(""Change in snow area (%):"", snowChangePercent);

// Determine if snow cover increased
var hasIncreased = ee.Number(snowArea_Oct29).gt(snowArea_Oct14);
print(""Did snow cover increase?"", hasIncreased);

// Visualize RGB image
var trueColorVis = {
  min: 0.0,
  max: 0.3,
  bands: ['sur_refl_b01', 'sur_refl_b04', 'sur_refl_b03'], // Red, Green, Blue
};

// Visualize NDSI
var ndsiVis = {
  min: -1,
  max: 1,
  palette: ['blue', 'white', 'green']
};

// Visualize snow mask
var snowMaskVis = {
  min: 0,
  max: 1,
  palette: ['black','white']
};

// Calculate the snow cover difference (positive values indicate increase)
var snowCoverDifference = snowMask_Oct29.subtract(snowMask_Oct14);

// Visualize the difference
var diffVis = {
  min: -1,
  max: 1,
  palette: ['red', 'black', 'blue'] // Decrease, No change, Increase
};

// Add layers to the map
Map.centerObject(southernSiberia, 5);

// Add true color images
var trueColor_Oct14 = dataset_Oct14.mosaic().clip(southernSiberia);
var trueColor_Oct29 = dataset_Oct29.mosaic().clip(southernSiberia);
Map.addLayer(trueColor_Oct14, trueColorVis, 'Oct 14 True Color');
Map.addLayer(trueColor_Oct29, trueColorVis, 'Oct 29 True Color');

// Add NDSI layers
Map.addLayer(ndsi_Oct14, ndsiVis, 'Oct 14 NDSI', false);
Map.addLayer(ndsi_Oct29, ndsiVis, 'Oct 29 NDSI', false);

// Add snow mask layers
Map.addLayer(snowMask_Oct14.updateMask(snowMask_Oct14), snowMaskVis, 'Oct 14 Snow Mask');
Map.addLayer(snowMask_Oct29.updateMask(snowMask_Oct29), snowMaskVis, 'Oct 29 Snow Mask');

// Add the snow cover difference layer
Map.addLayer(snowCoverDifference, diffVis, 'Snow Cover Change (blue = increase)');
",v1,4
"Was there an active fire present near Paradise, California between November 7, 2018 to November 10, 2018?",,https://earthobservatory.nasa.gov/images/144225/camp-fire-rages-in-california,,"On November 8, 2018, the Camp Fire erupted 90 miles (140 kilometers) north of Sacramento, California. As of 10 a.m. Pacific Standard Time on November 9, the fire had consumed 70,000 acres of land and was five percent contained, or surrounded by a barrier.",,,,,,v2,5
"Did Wilmington, North Carolina receive at least 90 inches of rainfall during the year of 2018?",,https://earthobservatory.nasa.gov/images/144417/soggy-2018-for-the-eastern-us,,"Wilmington, North Carolina, has received a whopping 99.98 inches so far this year.",,,,,,v2,6
"During the year of 2018, did Washington D.C. experience at least 50 inches of rainfall?",,https://earthobservatory.nasa.gov/images/144417/soggy-2018-for-the-eastern-us,,"Several major cities received exceptional rainfall in 2018. Washington, D.C., surpassed the previous annual rainfall record of 61.33 inches set in 1889, accumulating 64.22 inches by the date of this map",,,,,,v2,7
"Between January 29 and February 5, 2019, was there at least a 22 degree Celcius difference in the highest daily air temperature at 2 meters in Boston, MA?",,https://earthobservatory.nasa.gov/images/144516/wild-winter-temperature-swings,,Measurements reported by the National Weather Service show that the daily high temperature in Boston jumped 26°C (47°F) between January 29 and February 5. New York and Washington D.C. warmed warmed by about 27°C.,,,,,,v2,8
"Between January 29 and February 5, 2019, was there at least a 30 degree Celcius difference in the highest daily air temperature at 2 meters in Boston, MA?",no,https://earthobservatory.nasa.gov/images/144516/wild-winter-temperature-swings,,Measurements reported by the National Weather Service show that the daily high temperature in Boston jumped 26°C (47°F) between January 29 and February 5. New York and Washington D.C. warmed warmed by about 27°C.,,,,,,v2,9
"Did New York experience an air temperature difference of at least 24 degrees Celcius between January 29 and February 5, 2019?",,https://earthobservatory.nasa.gov/images/144516/wild-winter-temperature-swings,,Measurements reported by the National Weather Service show that the daily high temperature in Boston jumped 26°C (47°F) between January 29 and February 5. New York and Washington D.C. warmed warmed by about 27°C.,,,,,,v2,10
"Did Washington D.C. experience an air temperature difference of at least 24 degrees Celcius between January 29 and February 5, 2019?",,https://earthobservatory.nasa.gov/images/144516/wild-winter-temperature-swings,,Measurements reported by the National Weather Service show that the daily high temperature in Boston jumped 26°C (47°F) between January 29 and February 5. New York and Washington D.C. warmed warmed by about 27°C.,,,,,,v2,11
Does the green leaf area in China increase during 2017 compared to 2000?,,https://earthobservatory.nasa.gov/images/144540/china-and-india-lead-the-way-in-greening,,"1. The maps on this page show the increase or decrease in green vegetation—measured in average leaf area per year—in different regions of the world between 2000 and 2017.
2. China and India account for one-third of the greening, but contain only 9 percent of the planet’s land area covered in vegetation
",,,,https://code.earthengine.google.com/eb828d30727f29807c807d37e1dde2b1,"// Define China boundary
var countries = ee.FeatureCollection(""USDOS/LSIB_SIMPLE/2017"");
var china = countries.filter(ee.Filter.eq('country_na', 'China'));

// Load MODIS Vegetation Index product (provides better coverage for actual green leaf area)
var modis2000 = ee.ImageCollection(""MODIS/006/MOD13A2"")
  .filterDate('2000-01-01', '2000-12-31')
  .filterBounds(china);
  
var modis2017 = ee.ImageCollection(""MODIS/006/MOD13A2"")
  .filterDate('2017-01-01', '2017-12-31')
  .filterBounds(china);

// Create composites of maximum annual EVI (Enhanced Vegetation Index)
// EVI is better for dense vegetation areas compared to NDVI
var evi2000 = modis2000.select('EVI').max().divide(10000); // Scale factor for MODIS EVI
var evi2017 = modis2017.select('EVI').max().divide(10000);

// Calculate the change in green leaf area
var eviChange = evi2017.subtract(evi2000);

// Load Hansen Global Forest Change dataset for additional context
var hansen = ee.Image('UMD/hansen/global_forest_change_2023_v1_11');
var treeCover2000 = hansen.select('treecover2000');
var forestGain = hansen.select('gain'); // Forest gain 2000-2023
var forestLoss = hansen.select('loss'); // Forest loss 2000-2023

// Calculate area with EVI increase and decrease
var eviIncrease = eviChange.gt(0.05); // Areas with significant EVI increase (threshold: 0.05)
var eviDecrease = eviChange.lt(-0.05); // Areas with significant EVI decrease (threshold: 0.05)

// Calculate areas in square kilometers
var areaImage = ee.Image.pixelArea().divide(1e6); // Convert to square kilometers

// Calculate total area of China
var totalArea = areaImage.reduceRegion({
  reducer: ee.Reducer.sum(),
  geometry: china,
  scale: 10000,
  maxPixels: 1e12
});

// Calculate area of EVI increase
var increaseArea = eviIncrease.multiply(areaImage).reduceRegion({
  reducer: ee.Reducer.sum(),
  geometry: china,
  scale: 1000,
  maxPixels: 1e12
});

// Calculate area of EVI decrease
var decreaseArea = eviDecrease.multiply(areaImage).reduceRegion({
  reducer: ee.Reducer.sum(),
  geometry: china,
  scale: 10000,
  maxPixels: 1e12
});

// Calculate area with forest gain and loss (Hansen dataset)
var gainArea = forestGain.multiply(areaImage).reduceRegion({
  reducer: ee.Reducer.sum(),
  geometry: china,
  scale: 3000,
  maxPixels: 1e12
});

var lossArea = forestLoss.multiply(areaImage).reduceRegion({
  reducer: ee.Reducer.sum(),
  geometry: china,
  scale: 3000,
  maxPixels: 1e12
});

// Calculate mean EVI for both years
var meanEvi2000 = evi2000.reduceRegion({
  reducer: ee.Reducer.mean(),
  geometry: china,
  scale: 10000,
  maxPixels: 1e12
});

var meanEvi2017 = evi2017.reduceRegion({
  reducer: ee.Reducer.mean(),
  geometry: china,
  scale: 10000,
  maxPixels: 1e12
});

// Print results
print('Total area of China (sq km):', totalArea);
print('Area with significant green leaf increase (sq km):', increaseArea);
print('Area with significant green leaf decrease (sq km):', decreaseArea);
print('Mean EVI in 2000:', meanEvi2000);
print('Mean EVI in 2017:', meanEvi2017);
print('Forest gain area 2000-2023 (sq km):', gainArea);
print('Forest loss area 2000-2023 (sq km):', lossArea);

// Calculate net change percentage
var totalAreaValue = ee.Number(totalArea.get('area'));
var increaseAreaValue = ee.Number(increaseArea.get('EVI'));
var decreaseAreaValue = ee.Number(decreaseArea.get('EVI'));

var netChangeArea = increaseAreaValue.subtract(decreaseAreaValue);
var netChangePercent = netChangeArea.divide(totalAreaValue).multiply(100);

var meanEvi2000Value = ee.Number(meanEvi2000.get('EVI'));
var meanEvi2017Value = ee.Number(meanEvi2017.get('EVI'));
var eviPercentChange = meanEvi2017Value.subtract(meanEvi2000Value)
  .divide(meanEvi2000Value).multiply(100);

print('Net green leaf area change (sq km):', netChangeArea);
print('Net green leaf area change (% of China):', netChangePercent);
print('Percent change in mean EVI:', eviPercentChange);

// Create a thematic visualization of the EVI change
var changeVisParams = {
  min: -0.2,
  max: 0.2,
  palette: ['red', 'white', 'green']
};

var eviIncreaseDecreaseVis = {
  min: 1,
  max: 2,
  palette: ['red', 'green']
};

// Create a combined image showing increase vs decrease
var increaseDecrease = eviDecrease.multiply(1).add(eviIncrease.multiply(2));

// Visualize the results
Map.centerObject(china, 4);
Map.addLayer(evi2000, {min: 0, max: 0.8, palette: ['white', 'green']}, 'EVI 2000', false);
Map.addLayer(evi2017, {min: 0, max: 0.8, palette: ['white', 'green']}, 'EVI 2017', false);
Map.addLayer(eviChange, changeVisParams, 'EVI Change (2000-2017)');
Map.addLayer(increaseDecrease.selfMask(), eviIncreaseDecreaseVis, 'Significant Increase/Decrease');
Map.addLayer(china, {}, 'China Boundary', false);

// Add a title
var title = ui.Label('Green Leaf Area Change in China (2000-2017)', 
  {fontWeight: 'bold', fontSize: '18px', margin: '10px 5px'});
Map.add(title);

// Add a legend
var legend = ui.Panel({
  style: {
    position: 'bottom-left',
    padding: '8px 15px'
  }
});

var makeRow = function(color, name) {
  var colorBox = ui.Label({
    style: {
      backgroundColor: color,
      padding: '8px',
      margin: '0 0 4px 0'
    }
  });
  
  var description = ui.Label({
    value: name,
    style: {margin: '0 0 4px 6px'}
  });
  
  return ui.Panel({
    widgets: [colorBox, description],
    layout: ui.Panel.Layout.Flow('horizontal')
  });
};

var legendTitle = ui.Label({
  value: 'Legend',
  style: {
    fontWeight: 'bold',
    fontSize: '16px',
    margin: '0 0 4px 0',
    padding: '0'
  }
});

legend.add(legendTitle);
legend.add(makeRow('green', 'Significant Increase (>0.05 EVI)'));
legend.add(makeRow('red', 'Significant Decrease (>0.05 EVI)'));
legend.add(makeRow('white', 'Little Change'));

Map.add(legend);

// Create a regional analysis panel
var regions = [
  'Northeast China (Dongbei)',
  'North China Plain',
  'Loess Plateau',
  'Qinghai-Tibet Plateau',
  'Southwest China',
  'Southern China'
];

// Load a finer provinces dataset for regional analysis
var provinces = ee.FeatureCollection(""USDOS/LSIB/2017"");
var chinaProvinces = provinces.filter(ee.Filter.eq('COUNTRY_NA', 'China'));

// Print the provinces to help with analysis
print('China Provinces:', chinaProvinces);",v1,12
"Did the regions around Mount Isa and Townsville in Queensland experience at least 45 centimeters of rainfall between January 27 to February 10, 2019?",,https://earthobservatory.nasa.gov/images/144545/summer-floods-in-australia,,The map above shows the tremendous amount of rain that fell around the Mount Isa and Townsville areas from January 27 to February 10—as much as 55 centimeters (22 inches) in places.,,,,,,v2,13
"Did the regions around Mount Isa and Townsville in Queensland experience over 65 centimeters of rainfall between January 27 to February 10, 2019?",no,https://earthobservatory.nasa.gov/images/144545/summer-floods-in-australia,,The map above shows the tremendous amount of rain that fell around the Mount Isa and Townsville areas from January 27 to February 10—as much as 55 centimeters (22 inches) in places.,,,,,,v2,14
"Did Lake Menindee, Australia shrink from January 27, 2017 to February 2, 2019?",,https://earthobservatory.nasa.gov/images/144577/australias-disappearing-lakes-disappear-even-more,,"1. In December 2016, the Menindee Lakes of New South Wales were nearly brimming with water. More than two years later, these Australian lakes are almost desiccated.",,,,https://code.earthengine.google.com/2b524d773db36f5b8f305a6d63772951,"// Define the location of Lake Menindee, Australia
var menindee = ee.Geometry.Point([142.325654, -32.338791]);

// Create a buffer around Lake Menindee to capture the entire lake system
var buffer = menindee.buffer(8000);  // 30km buffer to include the Menindee Lakes system

// Load Landsat 8 imagery for the two dates
var before = ee.ImageCollection('LANDSAT/LC08/C02/T1_L2')
  .filterDate('2017-01-20', '2017-02-05')  // Around January 27, 2017
  .filterBounds(buffer)
  .mosaic();

var after = ee.ImageCollection('LANDSAT/LC08/C02/T1_L2')
  .filterDate('2019-01-25', '2019-02-10')  // Around February 2, 2019
  .filterBounds(buffer)
  .mosaic();

// Function to mask clouds using the quality band
function maskL8(image) {
  // Bit 0 - Fill
  // Bit 1 - Dilated Cloud
  // Bit 2 - Cirrus
  // Bit 3 - Cloud
  // Bit 4 - Cloud Shadow
  var qaMask = image.select('QA_PIXEL').bitwiseAnd(parseInt('11111', 2)).eq(0);
  var saturationMask = image.select('QA_RADSAT').eq(0);

  // Apply the scaling factors to the appropriate bands
  var opticalBands = image.select('SR_B.').multiply(0.0000275).add(-0.2);
  var thermalBands = image.select('ST_B.*').multiply(0.00341802).add(149.0);

  // Replace the original bands with the scaled ones and apply the masks
  return image.addBands(opticalBands, null, true)
    .addBands(thermalBands, null, true)
    .updateMask(qaMask)
    .updateMask(saturationMask);
}

// Apply cloud mask
var beforeCloudMasked = maskL8(before);
var afterCloudMasked = maskL8(after);

// Calculate NDWI (Normalized Difference Water Index) for water detection
// Using Green (B3) and NIR (B5) bands
var ndwiBefore = beforeCloudMasked.normalizedDifference(['SR_B3', 'SR_B5']).rename('NDWI');
var ndwiAfter = afterCloudMasked.normalizedDifference(['SR_B3', 'SR_B5']).rename('NDWI');

// Apply threshold to identify water (NDWI > 0.1 typically indicates water)
var waterBefore = ndwiBefore.gt(0.1);
var waterAfter = ndwiAfter.gt(0.1);

// Calculate water area for both dates
var areaBefore = waterBefore.multiply(ee.Image.pixelArea()).reduceRegion({
  reducer: ee.Reducer.sum(),
  geometry: buffer,
  scale: 30,
  maxPixels: 1e13  // Increased max pixels for larger area
});

var areaAfter = waterAfter.multiply(ee.Image.pixelArea()).reduceRegion({
  reducer: ee.Reducer.sum(),
  geometry: buffer,
  scale: 30,
  maxPixels: 1e13
});

// Print the water area in square kilometers
print('Water area in January 2017 (sq km):', ee.Number(areaBefore.get('NDWI')).divide(1e6));
print('Water area in February 2019 (sq km):', ee.Number(areaAfter.get('NDWI')).divide(1e6));

// Calculate and print the percentage change in water area
var areaBeforeValue = ee.Number(areaBefore.get('NDWI')).divide(1e6);
var areaAfterValue = ee.Number(areaAfter.get('NDWI')).divide(1e6);
var areaDifference = areaAfterValue.subtract(areaBeforeValue);
var percentChange = areaDifference.divide(areaBeforeValue).multiply(100);

print('Absolute difference (sq km):', areaDifference);
print('Percentage change (%):', percentChange);

// Add a condition to explicitly answer the question
print('Does Lake Menindee shrink from January 27, 2017 to February 2, 2019?',
      ee.Algorithms.If(areaDifference.lt(0), 'Yes, Lake Menindee has shrunk', 'No, Lake Menindee has not shrunk'));

// Create visualization parameters for water extent
var waterVisPalette = ['white', 'blue'];
var waterVis = {
  min: 0,
  max: 1,
  palette: waterVisPalette
};

// Create RGB visualization parameters for natural color imagery
var rgbVis = {
  bands: ['SR_B4', 'SR_B3', 'SR_B2'],
  min: 0.0,
  max: 0.3
};

// Create visualization for water change
// Blue = Water in both periods
// Cyan = Water only in 2017 (lost water)
// Red = Water only in 2019 (gained water)
var waterChange = waterBefore.add(waterAfter.multiply(2));
var changeVis = {
  min: 0,
  max: 3,
  palette: ['white', 'cyan', 'red', 'blue']
};

// Center the map on Lake Menindee, Australia
Map.centerObject(buffer, 10);

// Add layers to the map
Map.addLayer(beforeCloudMasked, rgbVis, 'Landsat 8 - January 2017 (RGB)');
Map.addLayer(afterCloudMasked, rgbVis, 'Landsat 8 - February 2019 (RGB)');
Map.addLayer(waterBefore, waterVis, 'Water Extent - January 2017');
Map.addLayer(waterAfter, waterVis, 'Water Extent - February 2019');
Map.addLayer(waterChange, changeVis, 'Water Change (Blue=Both, Cyan=Lost, Red=Gained)');
Map.addLayer(buffer, {color: 'yellow'}, 'Buffer around Lake Menindee');",v1,15
"The Landsat 8 satellite captures pictures of active fire in Monte Pisano, Italy on February 25, 2019, around 10:58 a.m. local time. Was the smoke plume moving in an eastern direction?",no,https://earthobservatory.nasa.gov/images/144589/fire-burns-in-northern-italy,,"On the morning of February 25, 2019, a fire on the slopes of Monte Pisano sent smoke billowing across the western Italian coast. Reports estimate at least 180 hectares (less than 1 square mile) of forest and vegetation have been burned.",,,,,,v2,16
"Was there an active fire present in Monte Pisano in Northern Italy between February 24, 2019 and February 26, 2019?",,https://earthobservatory.nasa.gov/images/144589/fire-burns-in-northern-italy,,"On the morning of February 25, 2019, a fire on the slopes of Monte Pisano sent smoke billowing across the western Italian coast. Reports estimate at least 180 hectares (less than 1 square mile) of forest and vegetation have been burned.",,,,,,v2,17
"Was surface water extent higher on February 25, 2019 as compared to February 27, 2014 in the Mississippi River near the Memphis, Tennesse?",,https://earthobservatory.nasa.gov/images/144598/early-flooding-along-the-mississippi,"https://eoimages.gsfc.nasa.gov/images/imagerecords/144000/144598/memphis_oli_2014058.jpg

https://eoimages.gsfc.nasa.gov/images/imagerecords/144000/144598/memphis_oli_2019056.jpg","On February 25, 2019, the Operational Land Imager on Landsat 8 acquired a false-color view (bands 6-5-4) of flooding near Memphis, Tennessee. For comparison, the first image shows the area under more typical winter conditions on February 27, 2014. Flood waters appear blue; vegetation is green; and bare ground is brown.",,,,,,v2,18
"Does the land surface temperature in the United Kingdom increase in February 11-25, 2019 compared to the same period average from 2000-2012?",,https://earthobservatory.nasa.gov/images/144611/an-unusually-warm-february-in-the-united-kingdom,,"1. The month started with snow and freezing temperatures in the United Kingdom, but provisional statistics from the UK Met Office indicate February 2019 was the second warmest February on record for the country.
2. The maps on this page show land surface temperature anomalies for February 11-25, 2019. Reds and oranges depict areas that were hotter than average for the same two-week period from 2000-2012; blues were colder than average",,,,https://code.earthengine.google.com/7f9219da6567ebe46bb453fd37cad024,"// Define United Kingdom boundary
var uk = ee.FeatureCollection(""USDOS/LSIB_SIMPLE/2017"")
  .filter(ee.Filter.eq('country_na', 'United Kingdom'));

// Load MODIS Land Surface Temperature dataset
var modisLST = ee.ImageCollection(""MODIS/006/MOD11A2"");

// Define the target period (February 11-25, 2019)
var targetStartDate = ee.Date('2019-02-11');
var targetEndDate = ee.Date('2019-02-25');

// Define the historical reference period (2000-2012)
var startYear = 2000;
var endYear = 2012;

// Select land surface temperature band
var lstBand = 'LST_Day_1km';

// Function to convert MODIS LST to Celsius
var convertToCelsius = function(image) {
  var lst = image.select(lstBand);
  // MODIS LST is stored as Kelvin * 0.02, so multiply by 0.02 to get Kelvin
  // then subtract 273.15 to convert to Celsius
  var lstCelsius = lst.multiply(0.02).subtract(273.15);
  return image.addBands(lstCelsius.rename('LST_Celsius'), null, true);
};

// Get LST data for February 11-25, 2019
var lst2019 = modisLST
  .filter(ee.Filter.date(targetStartDate, targetEndDate))
  .map(convertToCelsius)
  .select('LST_Celsius')
  .mean();

// Function to get February 11-25 data for a given year
var getFebData = function(year) {
  var startDate = ee.Date.fromYMD(year, 2, 11);
  var endDate = ee.Date.fromYMD(year, 2, 25);
  return modisLST
    .filter(ee.Filter.date(startDate, endDate))
    .map(convertToCelsius)
    .select('LST_Celsius')
    .mean()
    .set('year', year);
};

// Create a list of years for the reference period
var years = ee.List.sequence(startYear, endYear);

// Get February 11-25 LST data for each year in the reference period
var historicalCollection = ee.ImageCollection.fromImages(
  years.map(function(year) {
    return getFebData(year);
  })
);

// Calculate the historical average for February 11-25
var historicalAverage = historicalCollection.mean();

// Calculate the anomaly (difference from historical average)
var lstAnomaly = lst2019.subtract(historicalAverage);

// Define visualization parameters
var lstVis = {
  min: -5,
  max: 15,
  palette: ['blue', 'purple', 'cyan', 'green', 'yellow', 'red']
};

var anomalyVis = {
  min: -3,
  max: 3,
  palette: ['blue', 'white', 'red']
};

// Center the map on the UK
Map.centerObject(uk, 5);

// Add UK boundary
Map.addLayer(uk, {color: 'black'}, 'UK Boundary');

// Add layers to the map
Map.addLayer(lst2019.clip(uk), lstVis, 'LST Feb 11-25, 2019', false);
Map.addLayer(historicalAverage.clip(uk), lstVis, 'LST Historical Average (2000-2012)', false);
Map.addLayer(lstAnomaly.clip(uk), anomalyVis, 'LST Anomaly', true);

// Calculate regional statistics
var calculateRegionalStats = function(image, name) {
  return image.reduceRegion({
    reducer: ee.Reducer.mean(),
    geometry: uk,
    scale: 10000,
    maxPixels: 1e9
  });
};

// Get statistics
var current2019Stats = calculateRegionalStats(lst2019, '2019');
var historicalStats = calculateRegionalStats(historicalAverage, 'Historical');
var anomalyStats = calculateRegionalStats(lstAnomaly, 'Anomaly');

// Print results to console
print('===== LAND SURFACE TEMPERATURE ANALYSIS FOR UK =====');
print('Current (Feb 11-25, 2019):', current2019Stats.get('LST_Celsius'), '°C');
print('Historical Average (2000-2012):', historicalStats.get('LST_Celsius'), '°C');
print('Anomaly:', anomalyStats.get('LST_Celsius'), '°C');

// Determine if there was an increase
var tempIncrease = ee.Number(anomalyStats.get('LST_Celsius')).gt(0);
print('Was UK warmer in Feb 11-25, 2019 compared to 2000-2012?', tempIncrease);",v1,19
"Does the surface water extent increase in the area between the Elkhorn and Platte Rivers near Omaha in March 16, 2019 compared to March 2018?",,https://earthobservatory.nasa.gov/images/144691/historic-floods-inundate-nebraska,,"1. Nebraska has been particularly hard hit. On March 16, 2019, the Operational Land Imager (OLI) on Landsat 8 captured a false-color image that underscores the extent of the flooding on the Platte, Missouri, and Elkhorn Rivers. 
2. For comparison, the second image shows the same area in March 2018.",,,,https://code.earthengine.google.com/f366bd4b6ce2efe1a00e39417444a07f,"var dataset_2018 = ee.ImageCollection('LANDSAT/LC08/C02/T1_L2')
    .filterDate('2018-03-01', '2018-03-15');
var dataset_2019 = ee.ImageCollection('LANDSAT/LC08/C02/T1_L2')
    .filterDate('2019-03-16', '2019-03-17');

// Applies scaling factors.
function applyScaleFactors(image) {
  var opticalBands = image.select('SR_B.').multiply(0.0000275).add(-0.2);
  var thermalBands = image.select('ST_B.*').multiply(0.00341802).add(149.0);
  return image.addBands(opticalBands, null, true)
              .addBands(thermalBands, null, true);
}

dataset_2018 = dataset_2018.map(applyScaleFactors);
dataset_2019 = dataset_2019.map(applyScaleFactors);

var visualization = {
  bands: ['SR_B4', 'SR_B3', 'SR_B2'],
  min: 0.0,
  max: 0.3,
};

// Map.setCenter(-96.092384, 41.225797, 10);
// Map.setCenter(-95.932015, 41.121154, 12);

// Map.addLayer(dataset_2018, visualization, '2018');
// Map.addLayer(dataset_2019, visualization, '2019');

// Assuming you have your geometry defined as 'geometry'
// If not, you'll need to define it, for example:
// var geometry = ee.Geometry.Polygon([[-95.95, 41.13], [-95.90, 41.13], [-95.90, 41.10], [-95.95, 41.10], [-95.95, 41.13]]);

// Calculate MNDWI for both datasets
function calculateMNDWI(image) {
  // MNDWI = (Green - SWIR) / (Green + SWIR)
  // For Landsat 8, Green is B3 and SWIR1 is B6
  var green = image.select('SR_B3');
  var swir1 = image.select('SR_B6');
  var mndwi = green.subtract(swir1).divide(green.add(swir1)).rename('MNDWI');
  return image.addBands(mndwi);
}

// Apply MNDWI calculation to both datasets
var dataset_2018_with_mndwi = dataset_2018.map(calculateMNDWI);
var dataset_2019_with_mndwi = dataset_2019.map(calculateMNDWI);

// Create a binary water mask where MNDWI > 0
function createWaterMask(image) {
  var waterMask = image.select('MNDWI').gt(0);
  return waterMask.rename('water_mask');
}

// Get the most recent image from each collection for analysis
var image_2018 = dataset_2018_with_mndwi.median();
var image_2019 = dataset_2019_with_mndwi.median();

// Create water masks
var waterMask_2018 = createWaterMask(image_2018);
var waterMask_2019 = createWaterMask(image_2019);

// Calculate the area of water within the polygon
// Scale is set to 30 meters (Landsat resolution)
var area_2018 = waterMask_2018.multiply(ee.Image.pixelArea()).reduceRegion({
  reducer: ee.Reducer.sum(),
  geometry: geometry,
  scale: 30,
  maxPixels: 1e9
});

var area_2019 = waterMask_2019.multiply(ee.Image.pixelArea()).reduceRegion({
  reducer: ee.Reducer.sum(),
  geometry: geometry,
  scale: 30,
  maxPixels: 1e9
});

// Get area in square meters
var waterArea_2018 = area_2018.get('water_mask');
var waterArea_2019 = area_2019.get('water_mask');

// Convert to square kilometers for easier interpretation
var waterAreaSqKm_2018 = ee.Number(waterArea_2018).divide(1e6);
var waterAreaSqKm_2019 = ee.Number(waterArea_2019).divide(1e6);

// Print results
print('Water Area 2018 (sq km):', waterAreaSqKm_2018);
print('Water Area 2019 (sq km):', waterAreaSqKm_2019);

// Visualize MNDWI
var mndwiVis = {
  min: -1,
  max: 1,
  palette: ['red', 'white', 'blue']
};

// Add MNDWI layers to the map
Map.addLayer(image_2018.select('MNDWI'), mndwiVis, 'MNDWI 2018');
Map.addLayer(image_2019.select('MNDWI'), mndwiVis, 'MNDWI 2019');

// Add water mask layers to the map
Map.addLayer(waterMask_2018, {palette: ['white', 'blue']}, 'Water Mask 2018');
Map.addLayer(waterMask_2019, {palette: ['white', 'blue']}, 'Water Mask 2019');

// Optional: Calculate the change in water area between 2018 and 2019
var waterAreaChange = waterAreaSqKm_2019.subtract(waterAreaSqKm_2018);
print('Change in Water Area 2018-2019 (sq km):', waterAreaChange);",v1,20
"Through the months of December 2018 and January 2019, did northern part of Madagascar (between latitude of -12 to -15) recieve less rain than the long-term average for the same two-month period from 2000 to 2019?",no,https://earthobservatory.nasa.gov/images/144704/drought-harms-corn-crops-in-southern-africa,,The map above shows rainfall anomalies from December 2018 through January 2019. It shows several months of dryness culminating in a deficit of as much as 100 millimeters less rain than average for the same two-month period from 2000 to 2019.,,,CHIRPS,,,v2,21
"Through the months of December 2018 and January 2019, did sourthern African countries (Namibia, Botswana, Lesotho) recieve less rain than the long-term average for the same two-month period from 2000 to 2019?",,https://earthobservatory.nasa.gov/images/144704/drought-harms-corn-crops-in-southern-africa,,The map above shows rainfall anomalies from December 2018 through January 2019. It shows several months of dryness culminating in a deficit of as much as 100 millimeters less rain than average for the same two-month period from 2000 to 2019.,,,,,,v2,22
Was the vegetation anomaly in February 21-28 2019 (compared to the long-term average of the same month from 2003-2017) worse in Namibia than Zimbabwe?,,https://earthobservatory.nasa.gov/images/144704/drought-harms-corn-crops-in-southern-africa,,"The first map depicts soil moisture anomalies in February 2019; that is, areas that had more (green) or less (red) water in the upper layers of the ground than the norm for the month. Namibia and southern Angola show especially dry soils. In contrast, soil moisture in Botswana and South Africa appear to be above normal.",,,MODIS-Terra,,,v2,23
"Was the vegetation health (NDVI) in Namibia worse in February 21-28 2019, compared to the long-term average for the same month period from 2003 to 2017?",,https://earthobservatory.nasa.gov/images/144704/drought-harms-corn-crops-in-southern-africa,https://eoimages.gsfc.nasa.gov/images/imagerecords/144000/144704/southernafrica_amo_2019059_lrg.png,"The drought’s toll on agriculture is clearer in the second map, which compares vegetation health in from February 21-28, 2019, to the long-term average for that week from 2003-2017. The image shows the Normalized Difference Vegetation Index (NDVI), which describes the health of vegetation based on how much red and near-infrared light plant leaves reflect. Healthy vegetation (green) reflects more infrared light and less visible light than stressed vegetation (brown).",,,,,,v2,24
"Was nighttime light intensity lower on March 24, 2019, compared to March 9, 2019, in Beira and Manga, Mozambique?",,https://earthobservatory.nasa.gov/images/144743/global-fires,,"1. The storm caused catastrophic flooding, landslides, and large numbers of casualties across Mozambique, Malawi, and Zimbabwe. One of the most affected areas was Beira, Mozambique’s second-largest port city of 530,000 people, where the cyclone made landfall on March 14.",,,,https://code.earthengine.google.com/4ae64735cc70ea5c6ce38c8c3a0f2476,"// Define the study areas: Beira and Manga in Mozambique
var beira = ee.Geometry.Point([34.8376, -19.8317]).buffer(2000);  // Coordinates for Beira
var manga = ee.Geometry.Point([34.872350, -19.764657]).buffer(2000);  // Coordinates for Manga

// Load VIIRS nighttime light data for March 2019
var viirs = ee.ImageCollection('NOAA/VIIRS/001/VNP46A1')
  .select('DNB_At_Sensor_Radiance_500m');

// Get data for March 9, 2019 (before Cyclone Idai)
var viirs_before = viirs.filterDate('2019-03-09', '2019-03-10').first();

// Get data for March 24, 2019 (after Cyclone Idai)
var viirs_after = viirs.filterDate('2019-03-24', '2019-03-25').first();

// Clip the data to our regions of interest
var beira_before = viirs_before.clip(beira);
var manga_before = viirs_before.clip(manga);
var beira_after = viirs_after.clip(beira);
var manga_after = viirs_after.clip(manga);

// Set visualization parameters for the nighttime lights
var lightsVis = {
  min: 0,
  max: 20,
  palette: ['black', 'navy', 'blue', 'aqua', 'yellow', 'white']
};

// Set map center to Beira
Map.setCenter(34.8376, -19.8317, 11);

// Add the nighttime light layers
Map.addLayer(viirs_before, lightsVis, 'Nighttime Lights March 9, 2019', false);
Map.addLayer(viirs_after, lightsVis, 'Nighttime Lights March 24, 2019', true);
Map.addLayer(beira, {color: 'red'}, 'Beira', true);
Map.addLayer(manga, {color: 'green'}, 'Manga', true);

// Calculate statistics for both regions before the cyclone
var beira_stats_before = beira_before.reduceRegion({
  reducer: ee.Reducer.mean().combine({
    reducer2: ee.Reducer.max(),
    sharedInputs: true
  }).combine({
    reducer2: ee.Reducer.min(),
    sharedInputs: true
  }),
  geometry: beira,
  scale: 500,  // VIIRS resolution
  maxPixels: 1e9
});

var manga_stats_before = manga_before.reduceRegion({
  reducer: ee.Reducer.mean().combine({
    reducer2: ee.Reducer.max(),
    sharedInputs: true
  }).combine({
    reducer2: ee.Reducer.min(),
    sharedInputs: true
  }),
  geometry: manga,
  scale: 500,
  maxPixels: 1e9
});

// Calculate statistics for both regions after the cyclone
var beira_stats_after = beira_after.reduceRegion({
  reducer: ee.Reducer.mean().combine({
    reducer2: ee.Reducer.max(),
    sharedInputs: true
  }).combine({
    reducer2: ee.Reducer.min(),
    sharedInputs: true
  }),
  geometry: beira,
  scale: 500,
  maxPixels: 1e9
});

var manga_stats_after = manga_after.reduceRegion({
  reducer: ee.Reducer.mean().combine({
    reducer2: ee.Reducer.max(),
    sharedInputs: true
  }).combine({
    reducer2: ee.Reducer.min(),
    sharedInputs: true
  }),
  geometry: manga,
  scale: 500,
  maxPixels: 1e9
});

// Print results to console
print('BEFORE CYCLONE - March 9, 2019:');
print('Beira Nighttime Light Statistics (nW/cm²/sr):', beira_stats_before);
print('Manga Nighttime Light Statistics (nW/cm²/sr):', manga_stats_before);

print('AFTER CYCLONE - March 24, 2019:');
print('Beira Nighttime Light Statistics (nW/cm²/sr):', beira_stats_after);
print('Manga Nighttime Light Statistics (nW/cm²/sr):', manga_stats_after);

// Calculate the ratio of before vs after for each area
var beira_ratio = ee.Number(beira_stats_after.get('DNB_At_Sensor_Radiance_500m_mean'))
  .divide(ee.Number(beira_stats_before.get('DNB_At_Sensor_Radiance_500m_mean')));
  
var manga_ratio = ee.Number(manga_stats_after.get('DNB_At_Sensor_Radiance_500m_mean'))
  .divide(ee.Number(manga_stats_before.get('DNB_At_Sensor_Radiance_500m_mean')));

print('Ratio of mean light intensity in Beira (March 24 / March 9):', beira_ratio);
print('Ratio of mean light intensity in Manga (March 24 / March 9):', manga_ratio);

// Calculate percent change for each area
var beira_percent_change = ee.Number(beira_ratio).subtract(1).multiply(100);
var manga_percent_change = ee.Number(manga_ratio).subtract(1).multiply(100);

print('Percent change in Beira light intensity:', beira_percent_change);
print('Percent change in Manga light intensity:', manga_percent_change);

// Add a conclusion text about whether nighttime light intensity is lower after the cyclone
var beira_comparison = ee.Algorithms.If(
  ee.Number(beira_stats_after.get('DNB_At_Sensor_Radiance_500m_mean'))
    .lt(ee.Number(beira_stats_before.get('DNB_At_Sensor_Radiance_500m_mean'))),
  'Yes, Beira shows lower nighttime light intensity on March 24 compared to March 9, 2019.',
  'No, Beira does not show lower nighttime light intensity on March 24 compared to March 9, 2019.'
);

var manga_comparison = ee.Algorithms.If(
  ee.Number(manga_stats_after.get('DNB_At_Sensor_Radiance_500m_mean'))
    .lt(ee.Number(manga_stats_before.get('DNB_At_Sensor_Radiance_500m_mean'))),
  'Yes, Manga shows lower nighttime light intensity on March 24 compared to March 9, 2019.',
  'No, Manga does not show lower nighttime light intensity on March 24 compared to March 9, 2019.'
);

print('Answer to Research Question for Beira:', beira_comparison);
print('Answer to Research Question for Manga:', manga_comparison);

// Create a difference image to visualize changes
var difference = viirs_after.subtract(viirs_before);
var diffVis = {
  min: -10,
  max: 10,
  palette: ['blue', 'white', 'red']  // Blue: decrease, Red: increase
};

Map.addLayer(difference, diffVis, 'Light Intensity Change (March 24 - March 9)', false);

// Optional: Add a chart comparing before and after values
var chart = ui.Chart.array.values({
  array: ee.Array([
    [ee.Number(beira_stats_before.get('DNB_At_Sensor_Radiance_500m_mean')), 
     ee.Number(beira_stats_after.get('DNB_At_Sensor_Radiance_500m_mean'))],
    [ee.Number(manga_stats_before.get('DNB_At_Sensor_Radiance_500m_mean')), 
     ee.Number(manga_stats_after.get('DNB_At_Sensor_Radiance_500m_mean'))]
  ]),
  axis: 0,
  xLabels: ['March 9, 2019', 'March 24, 2019']
}).setChartType('ColumnChart')
  .setOptions({
    title: 'Nighttime Light Intensity Comparison',
    hAxis: {title: 'Date'},
    vAxis: {title: 'Light Intensity (nW/cm²/sr)'},
    series: {
      0: {color: 'red', visibleInLegend: true, labelInLegend: 'Beira'},
      1: {color: 'green', visibleInLegend: true, labelInLegend: 'Manga'}
    }
  });

print(chart);",v1,25
Does forest cover in the Madre de Dios region of Peru decrease in 2018 compared to 2013?,,https://earthobservatory.nasa.gov/images/144841/tracking-peruvian-forest-loss-from-space,,"1. Nicolau found that roughly 206 square kilometers (79 square miles) of forest were cleared in the five-year study period, with the greatest loss occurring in the last year. ",,,,https://code.earthengine.google.com/337cfa92095ae8e2cefcb66610564cb6,"// Define the area of interest: Madre de Dios region in Peru
var madreDeDios = geometry; // Approximate bounds for Madre de Dios

// Load Hansen Global Forest Change dataset (2023 version)
var dataset = ee.Image('UMD/hansen/global_forest_change_2023_v1_11');

// Get various bands from the dataset
var treeCover = dataset.select(['treecover2000']); // Tree cover in 2000
var loss = dataset.select(['loss']); // Forest loss 2000-2023
var lossYear = dataset.select(['lossyear']); // Year of loss
var gain = dataset.select(['gain']); // Forest gain 2000-2023

// Load Sentinel-2 imagery for RGB visualization
var sentinel2 = ee.ImageCollection('COPERNICUS/S2_SR_HARMONIZED')
  .filter(ee.Filter.date('2019-01-01', '2019-12-31'))
  .filter(ee.Filter.lt('CLOUDY_PIXEL_PERCENTAGE', 10))
  .median();

// Create a mask for areas that had forest in 2000 (with at least 30% tree cover)
var forestMask = treeCover.gte(30);

// Apply the mask to the loss year data
var lossYearMasked = lossYear.updateMask(forestMask);

// Calculate total forest area in 2000 (baseline)
var forestArea2000 = forestMask.multiply(ee.Image.pixelArea()).reduceRegion({
  reducer: ee.Reducer.sum(),
  geometry: madreDeDios,
  scale: 300,
  maxPixels: 1e13,
});

// Calculate forest loss up to 2013 (to get forest cover in 2013)
var lossUntil2013 = lossYear.lte(13).and(forestMask);
var forestLossUntil2013 = lossUntil2013.multiply(ee.Image.pixelArea()).reduceRegion({
  reducer: ee.Reducer.sum(),
  geometry: madreDeDios,
  scale: 300,
  maxPixels: 1e13,
});

// Calculate forest loss up to 2018 (to get forest cover in 2018)
var lossUntil2018 = lossYear.lte(18).and(forestMask);
var forestLossUntil2018 = lossUntil2018.multiply(ee.Image.pixelArea()).reduceRegion({
  reducer: ee.Reducer.sum(),
  geometry: madreDeDios,
  scale: 300,
  maxPixels: 1e13,
});

// Calculate specifically the loss between 2013 and 2018
var loss2013to2018 = lossYear.gt(13).and(lossYear.lte(18)).and(forestMask);
var forestLoss2013to2018 = loss2013to2018.multiply(ee.Image.pixelArea()).reduceRegion({
  reducer: ee.Reducer.sum(),
  geometry: madreDeDios,
  scale: 300,
  maxPixels: 1e13,
});

// Convert to square kilometers
var forestAreaSqKm = ee.Number(forestArea2000.get('treecover2000')).divide(1e6);
var forestLossUntil2013SqKm = ee.Number(forestLossUntil2013.get('lossyear')).divide(1e6);
var forestLossUntil2018SqKm = ee.Number(forestLossUntil2018.get('lossyear')).divide(1e6);
var forestLoss2013to2018SqKm = ee.Number(forestLoss2013to2018.get('lossyear')).divide(1e6);

// Calculate forest cover in 2013 and 2018
var forestCover2013 = forestAreaSqKm.subtract(forestLossUntil2013SqKm);
var forestCover2018 = forestAreaSqKm.subtract(forestLossUntil2018SqKm);

// Calculate percentage decrease from 2013 to 2018
var percentDecrease = forestLoss2013to2018SqKm.divide(forestCover2013).multiply(100);

// Print results
print('Total forest area in 2000 (sq km):', forestAreaSqKm);
print('Forest cover in 2013 (sq km):', forestCover2013);
print('Forest cover in 2018 (sq km):', forestCover2018);
print('Forest loss between 2013 and 2018 (sq km):', forestLoss2013to2018SqKm);
print('Percentage decrease from 2013 to 2018 (%):', percentDecrease);

// Determine if forest cover decreased from 2013 to 2018
var hasDecreased = forestCover2018.lt(forestCover2013);
print('Did forest cover decrease from 2013 to 2018?', hasDecreased);

// Calculate annual forest loss between 2013 and 2018
var annualLoss = {};
for (var year = 14; year <= 18; year++) {
  var yearLoss = lossYear.eq(year).and(forestMask);
  var yearLossArea = yearLoss.multiply(ee.Image.pixelArea()).reduceRegion({
    reducer: ee.Reducer.sum(),
    geometry: madreDeDios,
    scale: 300,
    maxPixels: 1e13,
  });
  var yearLossSqKm = ee.Number(yearLossArea.get('lossyear')).divide(1e6);
  annualLoss['20' + (year + 2000)] = yearLossSqKm;
}

// Visualization parameters
var treeCoverVisParam = {
  bands: ['treecover2000'],
  min: 0,
  max: 100,
  palette: ['black', 'green']
};

var rgbVisParam = {
  bands: ['B4', 'B3', 'B2'],
  min: 0,
  max: 3000
};

var loss2013Param = {
  palette: ['red'],
  opacity: 0.5
};

var loss2018Param = {
  palette: ['orange'],
  opacity: 0.5
};

var loss2013to2018Param = {
  palette: ['yellow'],
  opacity: 0.7
};

// Center map on Madre de Dios
Map.centerObject(madreDeDios, 8);

// Add layers to map
Map.addLayer(treeCover.updateMask(forestMask), treeCoverVisParam, 'Forest Cover 2000 (>30%)');
Map.addLayer(sentinel2, rgbVisParam, 'Sentinel-2 RGB Composite');
Map.addLayer(lossUntil2013.selfMask(), loss2013Param, 'Forest Loss until 2013');
Map.addLayer(lossUntil2018.selfMask(), loss2018Param, 'Forest Loss until 2018');
Map.addLayer(loss2013to2018.selfMask(), loss2013to2018Param, 'Forest Loss 2013-2018');
Map.addLayer(madreDeDios, {color: 'blue', opacity: 0.3}, 'Madre de Dios Region');",v1,26
"Did the nighttime brightness at Biju Patnaik Airport decrease more than the brightness at Saheed Nagar (20.290813, 85.848691) between April 30, 2019 and May 5, 2019?",,https://earthobservatory.nasa.gov/images/145017/lights-out-after-cyclone-fani,,"The images above show Bhubaneswar, the capital and largest city in the state. According to media reports on May 8, only a few percent of the people in the city have electricity. The Biju Patnaik International Airport suffered considerable damage to the passenger terminal, while the roof of the air traffic control tower was blown away.",,,VIIRS,,,v2,27
"Did the nighttime brightness at Cuttack, Odisha decrease from April 30, 2019 to May 4, 2019?",,https://earthobservatory.nasa.gov/images/145017/lights-out-after-cyclone-fani,,"The images above show Bhubaneswar, the capital and largest city in the state. According to media reports on May 8, only a few percent of the people in the city have electricity. The Biju Patnaik International Airport suffered considerable damage to the passenger terminal, while the roof of the air traffic control tower was blown away.",,,VIIRS,,,v2,28
Does Somalia show lower soil moisture in April 2019 compared to the average April conditions?,,https://earthobservatory.nasa.gov/images/145116/food-crisis-grows-from-dry-soils,,"1. This map shows soil moisture anomalies in April 2019—an expression of drought and how it affects conditions for growing crops. Areas in green had more moisture in the upper layers of soil than the norm for April, while areas in red had less.
2. In Somalia, rainfall was spotty, with just a few measuring stations in the north recording significant accumulations in April.",,,,https://code.earthengine.google.com/afa171e505892d133f7c13f3ed8b3d2c,"// Define Somalia boundary
var somalia = ee.FeatureCollection(""USDOS/LSIB_SIMPLE/2017"")
  .filter(ee.Filter.eq('country_na', 'Somalia'));

// Load ERA5-Land Monthly dataset
var era5Land = ee.ImageCollection(""ECMWF/ERA5_LAND/MONTHLY_AGGR"");

// Define the target month (April 2019)
var targetDate = ee.Date('2019-04-01');

// Define the historical reference period (e.g., 1991-2018)
var startYear = 1991;
var endYear = 2018;

// Define all soil moisture layers
var soilLayers = [
  'volumetric_soil_water_layer_1',
  'volumetric_soil_water_layer_2',
  'volumetric_soil_water_layer_3',
  'volumetric_soil_water_layer_4'
];

// Get soil moisture data for April 2019 (all layers)
var soilMoisture2019 = era5Land
  .filter(ee.Filter.date(targetDate, targetDate.advance(1, 'month')))
  .select(soilLayers)
  .median();

// Function to get April data for a given year (all layers)
var getAprilData = function(year) {
  var startDate = ee.Date.fromYMD(year, 4, 1);
  var endDate = startDate.advance(1, 'month');
  return era5Land
    .filter(ee.Filter.date(startDate, endDate))
    .select(soilLayers)
    .median()
    .set('year', year);
};

// Create a list of years for the reference period
var years = ee.List.sequence(startYear, endYear);

// Get April soil moisture data for each year in the reference period
var historicalCollection = ee.ImageCollection.fromImages(
  years.map(function(year) {
    return getAprilData(year);
  })
);

// Calculate the historical average for April (all layers)
var historicalAverage = historicalCollection.mean();

// Calculate the anomaly (difference from historical average) for all layers
var soilMoistureAnomaly = soilMoisture2019.subtract(historicalAverage);

// Calculate the percent difference for all layers
var percentDifference = soilMoistureAnomaly.divide(historicalAverage).multiply(100);

// Define visualization parameters
var soilMoistureVis = {
  min: 0,
  max: 0.5,
  palette: ['red', 'orange', 'yellow', 'green', 'blue']
};

var anomalyVis = {
  min: -0.1,
  max: 0.1,
  palette: ['red', 'white', 'blue']
};

var percentVis = {
  min: -50,
  max: 50,
  palette: ['red', 'white', 'blue']
};

// Center the map on Somalia
Map.centerObject(somalia, 6);

// Add Somalia boundary
Map.addLayer(somalia, {color: 'black'}, 'Somalia Boundary');

// Add layers to the map with UI controls
// Create a panel for layer visibility controls
var panel = ui.Panel({
  style: {
    position: 'top-right',
    padding: '8px'
  }
});

// Function to add a layer with a checkbox
var addLayerWithCheckbox = function(image, visParams, name) {
  var checkbox = ui.Checkbox({
    label: name,
    value: false,
    onChange: function(checked) {
      if (checked) {
        Map.addLayer(image.clip(somalia), visParams, name);
      } else {
        // Find and remove the layer
        Map.layers().forEach(function(layer) {
          if (layer.getName() === name) {
            Map.remove(layer);
          }
        });
      }
    }
  });
  panel.add(checkbox);
};

// Add layers for each soil moisture layer
soilLayers.forEach(function(layer, index) {
  var layerNum = index + 1;
  // Current conditions
  addLayerWithCheckbox(
    soilMoisture2019.select(layer), 
    soilMoistureVis, 
    'Layer ' + layerNum + ' - Soil Moisture April 2019'
  );
  
  // Historical average
  addLayerWithCheckbox(
    historicalAverage.select(layer), 
    soilMoistureVis, 
    'Layer ' + layerNum + ' - Historical Average'
  );
  
  // Anomaly
  addLayerWithCheckbox(
    soilMoistureAnomaly.select(layer), 
    anomalyVis, 
    'Layer ' + layerNum + ' - Anomaly'
  );
  
  // Percent difference
  addLayerWithCheckbox(
    percentDifference.select(layer), 
    percentVis, 
    'Layer ' + layerNum + ' - Percent Difference'
  );
});

Map.add(panel);

// Calculate regional statistics for all layers
var calculateRegionalStats = function(image, name) {
  return image.reduceRegion({
    reducer: ee.Reducer.mean(),
    geometry: somalia,
    scale: 1000000,
    maxPixels: 1e9
  });
};

// Get statistics for all soil layers
var regionalStats = calculateRegionalStats(soilMoistureAnomaly, 'Anomaly');
var regionalPercentStats = calculateRegionalStats(percentDifference, 'Percent');
var current2019Stats = calculateRegionalStats(soilMoisture2019, '2019');
var historicalStats = calculateRegionalStats(historicalAverage, 'Historical');

// Create a panel to display statistics
var statsPanel = ui.Panel({
  style: {
    position: 'bottom-left',
    padding: '8px',
    width: '300px'
  }
});

// Add title
statsPanel.add(ui.Label('Soil Moisture Statistics for Somalia', {fontWeight: 'bold'}));

// Print detailed statistical results to console
print('===== DETAILED SOIL MOISTURE ANALYSIS =====');
soilLayers.forEach(function(layer, index) {
  print('--- LAYER ' + (index + 1) + ' ---');
  print('Current (April 2019):', current2019Stats.get(layer));
  print('Historical Average:', historicalStats.get(layer));
  print('Anomaly:', regionalStats.get(layer));
  print('Percent Difference:', regionalPercentStats.get(layer));
  
  var isLower = ee.Number(regionalStats.get(layer)).lt(0);
  print('Is Layer ' + (index + 1) + ' drier in 2019?', isLower);
});",v1,29
"Were blooms of phytoplankton visible in the Norwegian Sea during June 5, 2019?",,https://earthobservatory.nasa.gov/images/145151/beauty-and-a-burden-in-the-norwegian-sea,,"Phytoplankton in the Norwegian Sea are visible in this image, acquired on June 5, 2019, with the Moderate Resolution Imaging Spectroradiometer (MODIS) on NASA’s Terra satellite. ",,,,,,v2,30
"Did the water extent of Lake Sambhar, India, decrease between 2018 and 2019?",,https://earthobservatory.nasa.gov/images/145180/lake-sambhar,,The number of flamingos and other birds has been dropping because of inconsistent monsoons and reduction of habitat. The lake has been included on a list of the planet’s large salt lakes that are in decline due to water diversions and climate change.,,,,,,v2,31
"In areas across the northeastern Pacific Ocean, were sea surface temperatures cooler in August 2019 than the average for the same month from 1985-2012?",no,https://earthobservatory.nasa.gov/images/145602/marine-heat-wave-returns-to-the-northeast-pacific,,"From 2014-2016, a marine heat wave spread across the northeastern Pacific Ocean—an ocean weather event that researchers coined “the blob.” In the summer of 2019, an expanse of warm surface water returned to the region.

The unusual conditions are visible in the maps above and below, which shows sea surface temperature anomalies across the northeastern Pacific in August 2019. Red colors depict areas that were hotter than average for the same month from 1985-2012; blues were colder than average.",,,,,,v2,32
"In the Norwegian Sea during Septermber 1, 2019, is the water color at (50.282684, -58.944881) more milky than (50.415337, -54.128047)?",,https://earthobservatory.nasa.gov/images/145634/late-bloomers,,"The Moderate Resolution Imaging Spectroradiometer (MODIS) on NASA’s Aqua satellite acquired these natural-color images of Newfoundland and surrounding waters on September 1 and 19, 2019. The brightest bloom appears southeast of the island, but fainter milky streaks are visible on nearly all sides. (The bloom was still visible through cloudy skies on September 22.)",,,,,,v2,33
"In the Norwegian Sea during Septermber 19, 2019, is the water color at (46.694935, -50.925784) more milky than (46.809436, -58.528990)?",,https://earthobservatory.nasa.gov/images/145634/late-bloomers,,"The Moderate Resolution Imaging Spectroradiometer (MODIS) on NASA’s Aqua satellite acquired these natural-color images of Newfoundland and surrounding waters on September 1 and 19, 2019. The brightest bloom appears southeast of the island, but fainter milky streaks are visible on nearly all sides. (The bloom was still visible through cloudy skies on September 22.)",,,,,,v2,34
Did the land area of Great Fox Island decrease between 1999 and 2019?,,https://earthobservatory.nasa.gov/images/145927/great-fox-is-disappearing,,"When the island was first discovered in 1773, it spanned more than 400 acres (1.6 square kilometers). By 2019, just 34 acres (0.1 square kilometers) remained.",,,Landsat 7/8,,,v2,35
Did the land area of Smith Island decrease between 1999 and 2019?,,https://earthobservatory.nasa.gov/images/145927/great-fox-is-disappearing,,"When the island was first discovered in 1773, it spanned more than 400 acres (1.6 square kilometers). By 2019, just 34 acres (0.1 square kilometers) remained.",,,Landsat 7/8,,,v2,36
"Were the water levels in Lake Kariba in December, 2019 higher than the water levels seen in December, 2018?",no,https://earthobservatory.nasa.gov/images/146068/water-levels-keep-falling-at-lake-kariba,,"Straddling the border of Zambia and Zimbabwe, Lake Kariba is 223 kilometers (139 miles) long and stretches 40 kilometers (25 miles) across at its widest point. As of December 27, 2019, water levels in Lake Kariba stood at 8.36 percent of what is needed for power generation. In December 2018, the lake stood at 51 percent; in 2017, it was 37 percent.",,,,,,v2,37
"Was there more smoke on January 1, 2020 in the coastal regions of Victoria and New South Wales, Australia compared to July 24, 2019?",,https://earthobservatory.nasa.gov/images/146096/thick-smoke-blankets-southeastern-australia,,"On January 1, 2020, the Operational Land Imager (OLI) on Landsat 8 acquired a natural-color image (above) of thick smoke blanketing southeastern Australia along the border of Victoria and New South Wales. For comparison, the second image shows what the same area looked like under cloud- and smoke-free conditions on July 24, 2019.",,,,,,v2,38
"Between January 8 and January 15, 2020, did Sistan-Baluchestan experience over 3 inches of rainfall?",,https://earthobservatory.nasa.gov/images/146150/flash-flooding-in-iran,,"According to a news report, more than 100 millimeters (4 inches) of rain fell in three days in Sistan-Baluchestan—the amount that typically falls during a full year in the region.",,,,,,v2,39
"Did did the total rainfall exceed 6 inches in Grafton, New South Wales during January 14, 2020 to January 22, 2020?",,https://earthobservatory.nasa.gov/images/146201/rain-brought-brief-relief-to-australia,,"According to news reports, the largest accumulations in New South Wales occurred north of Sydney, where rainfall averaged between 20 and 30 centimeters (8 and 12 inches).",,,GPM,,,v2,40
"Did did the total rainfall exceed 8 inches in Canberra, Australia during January 14, 2020 to January 22, 2020?",no,https://earthobservatory.nasa.gov/images/146201/rain-brought-brief-relief-to-australia,,,,,GPM,,,v2,41
"Was the total rainfall in Grafton, New South Wales, greater than the total rainfall in Canberra from January 15, 2020 to January 21, 2020?",,https://earthobservatory.nasa.gov/images/146201/rain-brought-brief-relief-to-australia,,,,,GPM,,,v2,42
"Was there more sediment in the Mekong River, specifically at location (20.248364, 100.141422), in January 27, 2015 compared to January 25, 2020?",,https://earthobservatory.nasa.gov/images/146209/mekong-turns-from-brown-to-blue-green,,"But for the past few months, the sediment loads have dropped and the Lower Mekong River has turned an unusual aquamarine color.

The color change was first reported in northern Thailand in November 2019, and has since spread along the Lower Mekong. The images above show the river near the town of Huay Xai in Laos. The left image shows the river under normal, sediment-laden conditions on January 27, 2015, compared to conditions on January 25, 2020.",,,Landsat 8,,,v2,43
Did Arrachart in Madagascar recieve more than 22 inches of rainfall during the month of January 2020?,no,https://earthobservatory.nasa.gov/images/146225/flood-waters-overwhelm-northern-madagascar,,Arrachart received 192 mm (7.55 inches) from January 19-25 and 495 mm (19.50 inches) throughout January (normal is 159 mm/6.25 inches).,,,,,,v2,44
"Did the town of Marovoay have higher water extent in January 27, 2020 than January 18, 2017?",,https://earthobservatory.nasa.gov/images/146225/flood-waters-overwhelm-northern-madagascar,,,,,Landsat 8,,,v2,45
"In Janaury 2020, did the city of Mahajanga experience more than 12 inches of rainfall?",,https://earthobservatory.nasa.gov/images/146225/flood-waters-overwhelm-northern-madagascar,,"According to Accuweather, the town of Mahajanga reported 358 millimeters (14.09 inches) of rain from January 19-25, and 592 mm (23.29 inches) for the month of January.",,,,,,v2,46
Were there fewer fire detections in Brazil in 2019 than in 2007?,,https://earthobservatory.nasa.gov/images/146355/reflecting-on-a-tumultuous-amazon-fire-season,,"If you are comparing fire detections or burned area from 2019 to the full MODIS record,” said Morton, “realize that you are comparing a year without extreme drought or uncontrolled forest fires to years such as 2005, 2007, and 2010 when there were.”",,,,https://code.earthengine.google.com/c9cc4908239d1e7f22c260ab00029369,"// Define Brazil boundary using the LSIB dataset
var brazil = ee.FeatureCollection('USDOS/LSIB_SIMPLE/2017')
  .filter(ee.Filter.eq('country_na', 'Brazil'));

// Load MODIS Thermal Anomalies & Fire product (MCD14ML)
var fireHotspots2007 = ee.ImageCollection('MODIS/006/MOD14A1')
  .filterDate('2007-01-01', '2007-12-31')  // Full year 2007
  .select('MaxFRP')  // Maximum Fire Radiative Power
  .filterBounds(brazil);

var fireHotspots2019 = ee.ImageCollection('MODIS/006/MOD14A1')
  .filterDate('2019-01-01', '2019-12-31')  // Full year 2019
  .select('MaxFRP')
  .filterBounds(brazil);

// Create binary masks where fire hotspots are present (MaxFRP > 0)
var hotspots2007 = fireHotspots2007.map(function(image) {
  return image.gt(0);
}).sum().clip(brazil);

var hotspots2019 = fireHotspots2019.map(function(image) {
  return image.gt(0);
}).sum().clip(brazil);

// Set visualization parameters for the fire hotspots
var hotspotVis = {
  min: 0,
  max: 20,
  palette: ['white', 'yellow', 'orange', 'red']
};

// Set map center to Brazil
Map.centerObject(brazil, 4);

// Add the fire hotspot layers
Map.addLayer(hotspots2007, hotspotVis, 'Brazil Fire Hotspots 2007');
Map.addLayer(hotspots2019, hotspotVis, 'Brazil Fire Hotspots 2019');
Map.addLayer(brazil, {color: 'blue'}, 'Brazil Boundary', true);

// Count the number of hotspots for both years
var count2007 = hotspots2007.gt(0).reduceRegion({
  reducer: ee.Reducer.sum(),
  geometry: brazil,
  scale: 1000,
  maxPixels: 1e12
});

var count2019 = hotspots2019.gt(0).reduceRegion({
  reducer: ee.Reducer.sum(),
  geometry: brazil,
  scale: 1000,
  maxPixels: 1e12
});

// Extract the hotspot count values
var hotspots2007_count = count2007.get('MaxFRP');
var hotspots2019_count = count2019.get('MaxFRP');

// Print hotspot count results to console
print('Brazil Fire Hotspots in 2007:', hotspots2007_count);
print('Brazil Fire Hotspots in 2019:', hotspots2019_count);

// Calculate the difference in hotspot counts
var count_difference = ee.Number(hotspots2019_count).subtract(hotspots2007_count);
print('Difference in Fire Hotspot Count (2019 - 2007):', count_difference);

// Calculate percent change
var percent_change = ee.Number(hotspots2019_count).subtract(hotspots2007_count)
  .divide(hotspots2007_count).multiply(100);
print('Percent change in Fire Hotspot Count (2007 to 2019):', percent_change);

// Answer the research question
var is_2019_lower = ee.Number(hotspots2019_count).lt(ee.Number(hotspots2007_count));
print('Is the number of fire detections in Brazil in 2019 lower than that in 2007?', is_2019_lower);

// Create a difference map to visualize changes
var hotspotDifference = hotspots2019.subtract(hotspots2007);
var diffVis = {
  min: -10,
  max: 10,
  palette: ['blue', 'white', 'red']
};
Map.addLayer(hotspotDifference, diffVis, 'Hotspot Difference (2019 - 2007)');

// Create a chart comparing the fire hotspots between 2007 and 2019 by month
// First, create a function to get monthly hotspot counts
var getMonthlyHotspots = function(year) {
  var startDate = ee.Date.fromYMD(year, 1, 1);
  var endDate = ee.Date.fromYMD(year, 12, 31);
  
  var months = ee.List.sequence(1, 12);
  
  return months.map(function(month) {
    var start = ee.Date.fromYMD(year, month, 1);
    var end = start.advance(1, 'month').advance(-1, 'day');
    
    var collection = ee.ImageCollection('MODIS/006/MOD14A1')
      .filterDate(start, end)
      .select('MaxFRP')
      .filterBounds(brazil);
      
    var hotspots = collection.map(function(image) {
      return image.gt(0);
    }).sum().clip(brazil);
    
    var count = hotspots.gt(0).reduceRegion({
      reducer: ee.Reducer.sum(),
      geometry: brazil,
      scale: 1000,
      maxPixels: 1e12
    }).get('MaxFRP');
    
    return ee.Feature(null, {
      'month': month,
      'year': year,
      'count': count
    });
  });
};

var hotspots2007_monthly = ee.FeatureCollection(getMonthlyHotspots(2007));
var hotspots2019_monthly = ee.FeatureCollection(getMonthlyHotspots(2019));

// Merge the collections for charting
var allHotspots = hotspots2007_monthly.merge(hotspots2019_monthly);

// Create the chart
var chart = ui.Chart.feature.groups(allHotspots, 'month', 'count', 'year')
  .setChartType('ColumnChart')
  .setOptions({
    title: 'Monthly Fire Hotspots in Brazil (2007 vs 2019)',
    hAxis: {title: 'Month', gridlines: {count: 12}},
    vAxis: {title: 'Number of Fire Hotspots'},
    legend: {position: 'top'},
    series: {
      0: {color: 'blue'},
      1: {color: 'red'}
    }
  });
  
print(chart);

// Alternative approach: Use MODIS burned area product for comparison
// Load MCD64A1 Burned Area Monthly Global 500m
var burnedArea2007 = ee.ImageCollection('MODIS/006/MCD64A1')
  .filterDate('2007-01-01', '2007-12-31')
  .select('BurnDate')
  .filterBounds(brazil);

var burnedArea2019 = ee.ImageCollection('MODIS/006/MCD64A1')
  .filterDate('2019-01-01', '2019-12-31')
  .select('BurnDate')
  .filterBounds(brazil);

// Create binary masks where burn dates are valid (BurnDate > 0)
var burned2007 = burnedArea2007.map(function(image) {
  return image.gt(0);
}).sum().clip(brazil);

var burned2019 = burnedArea2019.map(function(image) {
  return image.gt(0);
}).sum().clip(brazil);

// Calculate total burned area in sq km for both years
var area2007 = burned2007.gt(0).multiply(ee.Image.pixelArea()).reduceRegion({
  reducer: ee.Reducer.sum(),
  geometry: brazil,
  scale: 50000,
  maxPixels: 1e12
});

var area2019 = burned2019.gt(0).multiply(ee.Image.pixelArea()).reduceRegion({
  reducer: ee.Reducer.sum(),
  geometry: brazil,
  scale: 50000,
  maxPixels: 1e12
});

// Convert to square kilometers
var burnedArea2007_sqkm = ee.Number(area2007.get('BurnDate')).divide(1e6);
var burnedArea2019_sqkm = ee.Number(area2019.get('BurnDate')).divide(1e6);

print('Burned Area in Brazil in 2007 (sq km):', burnedArea2007_sqkm);
print('Burned Area in Brazil in 2019 (sq km):', burnedArea2019_sqkm);

// Calculate the difference in burned area
var area_difference = burnedArea2019_sqkm.subtract(burnedArea2007_sqkm);
print('Difference in Burned Area (2019 - 2007) in sq km:', area_difference);

// Calculate percent change in burned area
var area_percent_change = burnedArea2019_sqkm.subtract(burnedArea2007_sqkm)
  .divide(burnedArea2007_sqkm).multiply(100);
print('Percent change in Burned Area (2007 to 2019):', area_percent_change);

// Final conclusion
var is_burned_area_2019_lower = burnedArea2019_sqkm.lt(burnedArea2007_sqkm);
print('Is the burned area in Brazil in 2019 lower than that in 2007?', is_burned_area_2019_lower);",v1,47
"Did the mean tropospheric nitrogen dioxide levels in Beijing all decrease during February 10-25, 2020 compared to January 1-20, 2020?",,https://earthobservatory.nasa.gov/images/146362/airborne-nitrogen-dioxide-plummets-over-china,,,,,Sentinel 5P,,,v2,48
"Did the mean tropospheric nitrogen dioxide levels in Beijing, Chongqing, and Wuhan all decrease during February 10-25, 2020 compared to January 1-20, 2020?",,https://earthobservatory.nasa.gov/images/146362/airborne-nitrogen-dioxide-plummets-over-china,,,,,Sentinel 5P,,,v2,49
"Did the mean tropospheric nitrogen dioxide levels in Hong Kong decrease during February 10-25, 2020 compared to January 1-20, 2020?",,https://earthobservatory.nasa.gov/images/146362/airborne-nitrogen-dioxide-plummets-over-china,,,,,Sentinel 5P,,,v2,50
"Does nitrogen dioxide concentration in Wuhan city, China decrease during February 10-25, 2020 compared to January 1-20, 2020?",,https://earthobservatory.nasa.gov/images/146362/airborne-nitrogen-dioxide-plummets-over-china,,"1. According to NASA scientists, the reduction in NO2 pollution was first apparent near Wuhan, but eventually spread across the country.",,,,https://code.earthengine.google.com/c1ea6ba256886b7b73ea8a047fd41462,"// Load Sentinel-5P TROPOMI NO2 data for the two time periods
var dataset_feb = ee.ImageCollection('COPERNICUS/S5P/NRTI/L3_NO2')
                  .filter(ee.Filter.date('2020-02-10', '2020-02-25'))
                  .filter(ee.Filter.bounds(ee.Geometry.Point([114.3055, 30.5928]))); // Wuhan coordinates

var dataset_apr_may = ee.ImageCollection('COPERNICUS/S5P/NRTI/L3_NO2')
                  .filter(ee.Filter.date('2020-04-20', '2020-05-12'))
                  .filter(ee.Filter.bounds(ee.Geometry.Point([114.3055, 30.5928]))); // Wuhan coordinates

// Select the tropospheric NO2 column density band
var no2_feb = dataset_feb.select('tropospheric_NO2_column_number_density');
var no2_apr_may = dataset_apr_may.select('tropospheric_NO2_column_number_density');

// Create a visualization parameter for NO2 data
var no2Vis = {
  min: 0,
  max: 0.0002, // Adjust based on typical NO2 range (in mol/m^2)
  palette: ['black', 'blue', 'purple', 'cyan', 'green', 'yellow', 'red']
};

// Define Wuhan region (using a buffer around city center to capture the metropolitan area)
var wuhan_region = ee.Geometry.Point([114.3055, 30.5928]).buffer(30000); 

// Function to calculate mean NO2 concentration for a dataset
function calculateMeanNO2(dataset) {
  // Get the mean NO2 concentration over the time period
  var meanNO2 = dataset.mean();
  
  // Calculate the mean value within the region
  var regionalMean = meanNO2.reduceRegion({
    reducer: ee.Reducer.mean(),
    geometry: wuhan_region,
    scale: 5000,
    maxPixels: 1e12
  });
  
  return regionalMean.get('tropospheric_NO2_column_number_density');
}

// Calculate the mean NO2 concentration for both periods
var mean_feb = calculateMeanNO2(no2_feb);
var mean_apr_may = calculateMeanNO2(no2_apr_may);

// Calculate the percentage change
var absoluteChange = ee.Number(mean_apr_may).subtract(mean_feb);
var percentChange = absoluteChange.divide(mean_feb).multiply(100);

// Print the results
print('Mean NO2 Concentration February 10-25, 2020 (mol/m²):', mean_feb);
print('Mean NO2 Concentration April 20-May 12, 2020 (mol/m²):', mean_apr_may);
print('Absolute Change (mol/m²):', absoluteChange);
print('Percentage Change (%):', percentChange);
print('Did NO2 concentration increase in April-May?', ee.Number(mean_apr_may).gt(mean_feb));

// Visualization
Map.setCenter(114.3055, 30.5928, 8); // Center on Wuhan

// Calculate mean NO2 for both periods
var meanNO2_feb = no2_feb.mean();
var meanNO2_apr_may = no2_apr_may.mean();

// Add layers to the map
Map.addLayer(meanNO2_feb, no2Vis, 'Mean NO2 February 10-25, 2020');
Map.addLayer(meanNO2_apr_may, no2Vis, 'Mean NO2 April 20-May 12, 2020');

// Create a difference image to show changes
var no2Difference = meanNO2_apr_may.subtract(meanNO2_feb);
var diffVis = {
  min: -0.0001,
  max: 0.0001,
  palette: ['blue', 'white', 'red']
};

Map.addLayer(no2Difference, diffVis, 'NO2 Change (Apr-May - Feb 2020)', true);

// Add the Wuhan region boundary
Map.addLayer(ee.FeatureCollection(wuhan_region), {color: 'black'}, 'Wuhan Metropolitan Area', false);

// Create masks showing areas of NO2 increase and decrease
var increaseThreshold = 0.00002; // Adjust based on observed values
var decreaseThreshold = -0.00002; // Adjust based on observed values

var increaseMask = no2Difference.gt(increaseThreshold);
var decreaseMask = no2Difference.lt(decreaseThreshold);

Map.addLayer(increaseMask.selfMask(), {palette: ['darkred']}, 'Areas with NO2 Increase', false);
Map.addLayer(decreaseMask.selfMask(), {palette: ['darkblue']}, 'Areas with NO2 Decrease', false);

// Add a chart showing the time series of NO2 values for both periods
var no2_chart = ui.Chart.image.seriesByRegion({
  imageCollection: ee.ImageCollection('COPERNICUS/S5P/NRTI/L3_NO2')
                  .filter(ee.Filter.date('2020-02-01', '2020-05-15'))
                  .select('tropospheric_NO2_column_number_density'),
  regions: ee.FeatureCollection(wuhan_region),
  reducer: ee.Reducer.mean(),
  scale: 5000,
  xProperty: 'system:time_start'
})
.setOptions({
  title: 'NO2 Levels Over Time in Wuhan (Feb-May 2020)',
  vAxis: {title: 'NO2 Concentration (mol/m²)'},
  hAxis: {title: 'Date', format: 'MM-dd'},
  lineWidth: 1,
  pointSize: 3
});

print(no2_chart);",v1,51
"Does the snow cover in northwestern Pennsylvania increase between February 22, 2020, and March 1, 2020?",,https://earthobservatory.nasa.gov/images/146382/a-burst-of-lake-effect-snow,,"1. The pair of natural-color satellite images at the top of the page were acquired on February 22 (left) and March 1, 2020 (right). While snow covered sizable parts of upstate New York and northwestern Pennsylvania on March 1, do not expect it to stay for long
",,,,https://code.earthengine.google.com/7c9248b61c000675777b6c8641cb1b5b,"var dataset_Feb = ee.ImageCollection('MODIS/061/MOD09GA')
                  .filter(ee.Filter.date('2020-02-22', '2020-02-23'))
                  .map(function(img){return img.add(-100).multiply(0.0001)})
                  .filterBounds(geometry); // Filter by geometry

var dataset_March = ee.ImageCollection('MODIS/061/MOD09GA')
                  .filter(ee.Filter.date('2020-03-01', '2020-03-02'))
                  .map(function(img){return img.add(-100).multiply(0.0001)})
                  .filterBounds(geometry); // Filter by geometry

// Function to calculate NDSI
var calculateNDSI = function(image) {
  var green = image.select('sur_refl_b04'); // Band 4 (Green)
  var swir = image.select('sur_refl_b06');  // Band 6 (SWIR)
  var ndsi = green.subtract(swir).divide(green.add(swir));
  return ndsi.rename('NDSI');
};

// Calculate NDSI for February and March
var ndsi_Feb = dataset_Feb.map(calculateNDSI).mosaic().clip(geometry);
var ndsi_March = dataset_March.map(calculateNDSI).mosaic().clip(geometry);

// Define NDSI threshold for snow detection (adjust as needed)
var ndsiThreshold = 0.4;

// Create snow mask
var snowMask_Feb = ndsi_Feb.gte(ndsiThreshold);
var snowMask_March = ndsi_March.gte(ndsiThreshold);

// Calculate snow area
var snowArea_Feb = snowMask_Feb.reduceRegion({
  reducer: ee.Reducer.sum(),
  geometry: geometry,
  scale: 500, // MODIS resolution
  maxPixels: 1e13
}).get('NDSI');

var snowArea_March = snowMask_March.reduceRegion({
  reducer: ee.Reducer.sum(),
  geometry: geometry,
  scale: 500, // MODIS resolution
  maxPixels: 1e13
}).get('NDSI');

// Print snow area
print(""Feb snowing area:"", snowArea_Feb);
print(""March snowing area:"", snowArea_March);

// Visualize RGB image (143)
var trueColor143Vis = {
  min: 0.0,
  max: 0.3,
  bands: ['sur_refl_b01', 'sur_refl_b04', 'sur_refl_b03'], // Red, Green, Blue
};

var trueColor143_Feb = dataset_Feb.mosaic().clip(geometry);
var trueColor143_March = dataset_March.mosaic().clip(geometry);

// Visualize NDSI mask
var ndsiVis = {
  min: -1,
  max: 1,
  palette: ['blue', 'white', 'green']
};

var snowMaskVis = {
  min:0,
  max:1,
  palette: ['black','white']
};

// Add layers to the map
Map.setCenter(-78.546851, 41.247029, 8);
Map.addLayer(trueColor143_Feb, trueColor143Vis, 'Feb True Color (143)');
Map.addLayer(ndsi_Feb, ndsiVis, 'Feb NDSI');
Map.addLayer(snowMask_Feb.updateMask(snowMask_Feb), snowMaskVis, 'Feb Snow Mask');

Map.addLayer(trueColor143_March, trueColor143Vis, 'March True Color (143)');
Map.addLayer(ndsi_March, ndsiVis, 'March NDSI');
Map.addLayer(snowMask_March.updateMask(snowMask_March), snowMaskVis, 'March Snow Mask');",v1,52
"Did the Jianghan District of Wuhan show lower nightime light intensity on February 4, 2020, compared to January 19, 2020?",,https://earthobservatory.nasa.gov/images/146481/nighttime-images-capture-change-in-china,,"The images were acquired before and after transportation networks and most business activities were shut down in the province of 60 million people. In the wide views above, note how highways and metropolitan areas grow dimmer after the lockdown. The detailed images below focus on lighting changes in Jianghan District, a commercial area of Wuhan, and nearby residential areas.",,,,,,v2,53
Does the built-up area east of the Nile River in Cairo increase from July 1984 to September 2019?,,https://earthobservatory.nasa.gov/images/146521/new-ground-for-an-ancient-city,,"1. Between 1984 and 2020, the population of greater Cairo grew from roughly 12 million people to more than 20 million, making it the largest city in Africa and the 15th largest in the world
2. The Thematic Mapper (TM) on Landsat 5 acquired the first image in 1984; the Operational Land Imager (OLI) on Landsat 8 collected the second image in 2019. With so many roads and buildings, densely developed areas appear gray. Undeveloped desert areas are beige. Farmland is green.",,,,https://code.earthengine.google.com/a50e5c5b32903f704bc7587df268875d,"// Define the study area (Cairo, focusing east of the Nile)
var cairo = ee.Geometry.Rectangle([31.2, 29.9, 31.5, 30.2]);

// ----- GHSL BUILT VOLUME ANALYSIS (1985-2020) -----

// Load GHSL built volume datasets
var image_1985 = ee.Image('JRC/GHSL/P2023A/GHS_BUILT_V/1985');
var image_2020 = ee.Image('JRC/GHSL/P2023A/GHS_BUILT_V/2020');

// Select the built_volume_total band
var volume_total_1985 = image_1985.select('built_volume_total').clip(cairo);
var volume_total_2020 = image_2020.select('built_volume_total').clip(cairo);

// Calculate areas with significant built-up volume (using a threshold)
// We define built-up areas as those with volume > 1000 m3 per cell
var builtup_threshold = 1000;
var builtup_1985 = volume_total_1985.gt(builtup_threshold);
var builtup_2020 = volume_total_2020.gt(builtup_threshold);

// Visualization parameters for built volume
var volumeVisParams = {
  min: 0,
  max: 80000,
  palette: ['000004', '51127c', 'b73779', 'fc8961', 'fcfdbf'],
};

// Visualization parameters for binary built-up areas
var builtupVisParams = {
  min: 0,
  max: 1,
  palette: ['white', 'red']
};

// ----- LANDSAT RGB ANALYSIS (1984/1985-2019/2020) -----

// 1984 Landsat 5 TM data
var dataset_1984 = ee.ImageCollection('LANDSAT/LT05/C02/T1_L2')
    .filterDate('1984-07-01', '1985-07-31') // Extended to include 1984-1985
    .filterBounds(cairo);

// 2019 Landsat 8 OLI data
var dataset_2019 = ee.ImageCollection('LANDSAT/LC08/C02/T1_L2')
    .filterDate('2019-07-01', '2020-07-31') // Extended to include 2019-2020
    .filterBounds(cairo);

// Function to apply scale factors for surface reflectance bands
function applyScaleFactors(image) {
  var opticalBands = image.select('SR_B.').multiply(0.0000275).add(-0.2);
  return image.addBands(opticalBands, null, true);
}

// Apply scale factors
dataset_1984 = dataset_1984.map(applyScaleFactors);
dataset_2019 = dataset_2019.map(applyScaleFactors);

// Create single composite images by taking the median value
var image_ls_1984 = dataset_1984.median().clip(cairo);
var image_ls_2019 = dataset_2019.median().clip(cairo);

// RGB visualization for Landsat 5 (1984/85)
var rgbVis_1984 = {
  bands: ['SR_B3', 'SR_B2', 'SR_B1'], // Landsat 5 RGB (Red, Green, Blue)
  min: 0,
  max: 0.3
};

// RGB visualization for Landsat 8 (2019/20)
var rgbVis_2019 = {
  bands: ['SR_B4', 'SR_B3', 'SR_B2'], // Landsat 8 RGB (Red, Green, Blue)
  min: 0,
  max: 0.3
};

// ----- COMBINED ANALYSIS & VISUALIZATION -----

// Set map center to Cairo, focusing east of the Nile
Map.centerObject(cairo, 11);

// Add Landsat RGB layers
Map.addLayer(image_ls_1984, rgbVis_1984, 'Landsat RGB 1984/85', true);
Map.addLayer(image_ls_2019, rgbVis_2019, 'Landsat RGB 2019/20', true);

// Add GHSL building volume layers
Map.addLayer(volume_total_1985, volumeVisParams, 'Total building volume [m3], 1985', false);
Map.addLayer(volume_total_2020, volumeVisParams, 'Total building volume [m3], 2020', false);

// Add binary built-up area layers
Map.addLayer(builtup_1985, builtupVisParams, 'Built-up area 1985', false);
Map.addLayer(builtup_2020, builtupVisParams, 'Built-up area 2020', false);

// Calculate and add urban growth layer
var growth = builtup_2020.subtract(builtup_1985);
Map.addLayer(growth.selfMask(), {palette: 'darkred'}, 'Urban growth 1985-2020', true);

// Calculate area statistics
var pixelArea = ee.Image.pixelArea();

var area_1985 = builtup_1985.multiply(pixelArea).reduceRegion({
  reducer: ee.Reducer.sum(),
  geometry: cairo,
  scale: 100,  // GHSL resolution is 100m
  maxPixels: 1e9
});

var area_2020 = builtup_2020.multiply(pixelArea).reduceRegion({
  reducer: ee.Reducer.sum(),
  geometry: cairo,
  scale: 100,
  maxPixels: 1e9
});

// Calculate volume statistics
var totalVolume_1985 = volume_total_1985.reduceRegion({
  reducer: ee.Reducer.sum(),
  geometry: cairo,
  scale: 100,
  maxPixels: 1e9
});

var totalVolume_2020 = volume_total_2020.reduceRegion({
  reducer: ee.Reducer.sum(),
  geometry: cairo,
  scale: 100,
  maxPixels: 1e9
});

// Convert area to square kilometers
var builtupArea_1985_km2 = ee.Number(area_1985.get('built_volume_total')).divide(1e6);
var builtupArea_2020_km2 = ee.Number(area_2020.get('built_volume_total')).divide(1e6);

// Calculate changes in area and volume
var areaChange_km2 = builtupArea_2020_km2.subtract(builtupArea_1985_km2);
var areaPercentChange = areaChange_km2.divide(builtupArea_1985_km2).multiply(100);

var volumeChange = ee.Number(totalVolume_2020.get('built_volume_total'))
                    .subtract(ee.Number(totalVolume_1985.get('built_volume_total')));
var volumePercentChange = volumeChange.divide(ee.Number(totalVolume_1985.get('built_volume_total'))).multiply(100);

// Print results to console
print('Built-up area in 1985 (km²):', builtupArea_1985_km2);
print('Built-up area in 2020 (km²):', builtupArea_2020_km2);
print('Change in built-up area (km²):', areaChange_km2);
print('Percentage change in area (%):', areaPercentChange);

print('Total building volume in 1985 (m³):', totalVolume_1985.get('built_volume_total'));
print('Total building volume in 2020 (m³):', totalVolume_2020.get('built_volume_total'));
print('Change in building volume (m³):', volumeChange);
print('Percentage change in volume (%):', volumePercentChange);
",v1,54
"Does the location at coordinates 34.770153, -118.423217 (with a 300-meter radius) show a solar farm, rather than a water pond based on Landsat imagery from April 14, 2020?",,https://earthobservatory.nasa.gov/images/146642/orange-you-glad-its-spring,,1. Refer to picture in the article.,,,,https://code.earthengine.google.com/c67499c47f1a4cb32971441aeac45aed,"// Analysis to determine if location is more likely a solar farm than a water pond
// Location: 34.770153, -118.423217 with 300m radius
// Date: April 14, 2020
// Using Landsat imagery

// Define the point of interest and buffer area (300m radius)
var point = ee.Geometry.Point([-118.423217, 34.770153]);
var area = point.buffer(300);

// Load Landsat 8 collection
var landsat = ee.ImageCollection('LANDSAT/LC08/C02/T1_L2')
  .filterDate('2020-04-14', '2020-04-15')  // Specific date requested
  .filterBounds(area);

// Print the collection to check available images
print('Available Landsat images:', landsat);

// Get the first image (if available)
var image = landsat.first();

// Function to scale the surface reflectance bands
function scaleImage(image) {
  // Select the surface reflectance bands
  var opticalBands = image.select(['SR_B2', 'SR_B3', 'SR_B4', 'SR_B5', 'SR_B6', 'SR_B7'])
    .multiply(0.0000275).add(-0.2);  // Scale factor for Collection 2
  
  // Select thermal bands
  var thermalBand = image.select(['ST_B10'])
    .multiply(0.00341802).add(149.0);  // Scale factor for Collection 2
  
  return image.addBands(opticalBands, null, true)
              .addBands(thermalBand, null, true);
}

// Scale the image if available
if (image) {
  image = scaleImage(image);
}

// Calculate indices useful for distinguishing water and solar panels
function calculateIndices(image) {
  // NDWI (Normalized Difference Water Index)
  var ndwi = image.normalizedDifference(['SR_B3', 'SR_B5']).rename('NDWI');
  
  // NDVI (Normalized Difference Vegetation Index)
  var ndvi = image.normalizedDifference(['SR_B5', 'SR_B4']).rename('NDVI');
  
  // Add brightness and specular reflection measures (helpful for solar panels)
  var brightness = image.select(['SR_B4', 'SR_B5', 'SR_B6']).reduce(ee.Reducer.sum()).rename('brightness');
  
  // Calculate standard deviation of reflectance (solar panels often have high variation)
  var stdDev = image.select(['SR_B2', 'SR_B3', 'SR_B4', 'SR_B5', 'SR_B6', 'SR_B7'])
                    .reduce(ee.Reducer.stdDev()).rename('stdDev');
  
  return image.addBands([ndwi, ndvi, brightness, stdDev]);
}

// Calculate indices if image is available
if (image) {
  image = calculateIndices(image);
  
  // Sample the region to get statistics
  var stats = image.select(['NDWI', 'NDVI', 'brightness', 'stdDev', 'ST_B10']).reduceRegion({
    reducer: ee.Reducer.mean(),
    geometry: area,
    scale: 30,
    maxPixels: 1e9
  });
  
  print('Region statistics:', stats);
  
  // Criteria for classification:
  // 1. Solar farms typically have:
  //    - Low NDWI (not water)
  //    - Low NDVI (little vegetation)
  //    - High brightness (reflective)
  //    - High standard deviation (panel structure creates variation)
  //    - Potentially higher surface temperature than water
  
  // 2. Water ponds typically have:
  //    - High NDWI (water presence)
  //    - Low NDVI (unless algae/vegetation present)
  //    - Low brightness (absorbs light)
  //    - Low standard deviation (uniform surface)
  //    - Lower surface temperature (thermal inertia of water)
  
  // Evaluate the criteria
  var ndwiValue = ee.Number(stats.get('NDWI'));
  var ndviValue = ee.Number(stats.get('NDVI'));
  var brightnessValue = ee.Number(stats.get('brightness'));
  var stdDevValue = ee.Number(stats.get('stdDev'));
  var temperatureValue = ee.Number(stats.get('ST_B10'));
  
  // Visualization for the map
  Map.centerObject(area, 15);
  Map.addLayer(image, {bands: ['SR_B4', 'SR_B3', 'SR_B2'], min: 0, max: 0.3}, 'True Color');
  Map.addLayer(image, {bands: ['SR_B5', 'SR_B4', 'SR_B3'], min: 0, max: 0.3}, 'False Color');
  Map.addLayer(image.select('NDWI'), {min: -1, max: 1, palette: ['red', 'white', 'blue']}, 'NDWI');
  Map.addLayer(image.select('brightness'), {min: 0, max: 1, palette: ['black', 'white']}, 'Brightness');
  Map.addLayer(image.select('stdDev'), {min: 0, max: 0.1, palette: ['black', 'white']}, 'Standard Deviation');
  Map.addLayer(area, {color: 'yellow'}, 'Area of Interest');
  
  // Evaluation logic:
  // Higher probability of being solar farm if:
  // - NDWI is negative (not water)
  // - Brightness is high
  // - Standard deviation is relatively high
  // - Temperature is higher than typical water
  
  // Simple decision based on NDWI and brightness
  var isSolarFarmProbability = ee.Algorithms.If(
    ndwiValue.lt(0).and(brightnessValue.gt(0.5).or(stdDevValue.gt(0.03))),
    'High probability of being a solar farm',
    ee.Algorithms.If(
      ndwiValue.gt(0.1),
      'High probability of being a water pond',
      'Inconclusive, but more likely a solar farm than water pond'
    )
  );
  
  print('Classification result:', isSolarFarmProbability);
  
  // Export a feature with the results
  var resultFeature = ee.Feature(area, {
    'NDWI': ndwiValue,
    'NDVI': ndviValue,
    'Brightness': brightnessValue,
    'StdDev': stdDevValue,
    'Temperature': temperatureValue,
    'Classification': isSolarFarmProbability
  });
  
  // Export a more detailed view for analysis
  Map.addLayer(image.normalizedDifference(['SR_B2', 'SR_B4']), 
              {min: -0.5, max: 0.5, palette: ['brown', 'yellow', 'green']}, 
              'B2-B4 Difference (helpful for solar panels)', false);
} else {
  print('No Landsat 8 image available for the specified date and location.');
  print('Consider expanding the date range or switching to another satellite (e.g., Sentinel-2).');
  
  // Try with a date range if no direct match
  var landsatRange = ee.ImageCollection('LANDSAT/LC08/C02/T1_L2')
    .filterDate('2020-04-01', '2020-04-30')  // Expanded range to April 2020
    .filterBounds(area);
  
  print('Available Landsat images in April 2020:', landsatRange);
}

// Additional helper analysis: historical NDWI pattern
// Solar farms maintain consistently low NDWI while ponds may vary seasonally
var timeSeriesCollection = ee.ImageCollection('LANDSAT/LC08/C02/T1_L2')
  .filterDate('2020-01-01', '2020-12-31')
  .filterBounds(area)
  .map(function(img) {
    var scaled = scaleImage(img);
    var ndwi = scaled.normalizedDifference(['SR_B3', 'SR_B5']).rename('NDWI');
    return scaled.addBands(ndwi).set('date', img.date().format('YYYY-MM-dd'));
  });

print('Historical images count:', timeSeriesCollection.size());

// Generate time series of NDWI
var ndwiTimeSeries = ui.Chart.image.series({
  imageCollection: timeSeriesCollection.select('NDWI'),
  region: area,
  reducer: ee.Reducer.mean(),
  scale: 30
}).setOptions({
  title: 'NDWI Time Series for 2020',
  vAxis: {title: 'NDWI'},
  hAxis: {title: 'Date'}
});

print(ndwiTimeSeries);",v1,55
"Does vegetation cover increase in the Taklamakan Desert near Hotan from February 23, 2020 to April 29, 2020?",,https://earthobservatory.nasa.gov/images/146660/spring-greening-in-the-taklamakan-desert,,"1. But even in this dry, dangerous desert nicknamed the “Sea of Death,” plant life sprouts in the springtime. 
2. The images above show a portion of the Taklamakan Desert by the oasis town of Hotan on February 23 and April 29, 2020, as vegetation sprouted on the landscape.",,,,https://code.earthengine.google.com/5f90b94501877e101dc35308e2e3e484,"// Define the area of interest near Hotan, Taklamakan Desert
var hotanArea = geometry;

// Date range for analysis
var startDate = '2020-02-23';
var endDate = '2020-04-29';

// Load MODIS Terra NDVI dataset
var modisNDVI = ee.ImageCollection('MODIS/006/MOD13Q1')
  .filter(ee.Filter.bounds(hotanArea))
  .filter(ee.Filter.date(startDate, endDate));

// Load MODIS Terra Surface Reflectance dataset for RGB
var modisSR = ee.ImageCollection('MODIS/006/MOD09GA')
  .filter(ee.Filter.bounds(hotanArea))
  .filter(ee.Filter.date(startDate, endDate));

// Function to calculate average NDVI for the start and end periods
var calculatePeriodNDVI = function(collection) {
  return collection.select('NDVI')
    .mean()
    .multiply(0.0001)  // Scale factor for MODIS NDVI
    .clip(hotanArea);
};

// Function to get median surface reflectance for a period
var calculatePeriodRGB = function(collection) {
  return collection
    .select(['sur_refl_b01', 'sur_refl_b04', 'sur_refl_b03'])
    .median()
    .clip(hotanArea);
};

// Get start and end period NDVI
var startPeriodNDVI = calculatePeriodNDVI(
  modisNDVI.filter(ee.Filter.date(startDate, '2020-03-10'))
);

var endPeriodNDVI = calculatePeriodNDVI(
  modisNDVI.filter(ee.Filter.date('2020-04-15', endDate))
);

// Get start and end period RGB
var startPeriodRGB = calculatePeriodRGB(
  modisSR.filter(ee.Filter.date(startDate, '2020-03-15'))
);

var endPeriodRGB = calculatePeriodRGB(
  modisSR.filter(ee.Filter.date('2020-04-15', endDate))
);

// Calculate NDVI change
var ndviChange = endPeriodNDVI.subtract(startPeriodNDVI);

// Visualization parameters
var ndviVis = {
  min: -0.2,
  max: 0.8,
  palette: ['blue', 'white', 'green']
};

var ndviChangeVis = {
  min: -0.2,
  max: 0.2,
  palette: ['red', 'white', 'green']
};

var rgbVis = {
  bands: ['sur_refl_b01', 'sur_refl_b04', 'sur_refl_b03'],
  min: 0,
  max: 3000
};

// Statistical analysis of NDVI change
var ndviChangeStats = ndviChange.reduceRegion({
  reducer: ee.Reducer.mean(),
  geometry: hotanArea,
  scale: 250,
  maxPixels: 1e9
});

// Determine if vegetation increased
var meanNDVIChange = ee.Number(ndviChangeStats.get('NDVI'));
var hasIncreased = meanNDVIChange.gt(0);

// Print results
print('Hotan Area Geometry:', hotanArea);
print('Start Date:', startDate);
print('End Date:', endDate);
print('Mean NDVI Change:', meanNDVIChange);
print('Vegetation Increased:', hasIncreased);

// Add layers to the map
Map.centerObject(hotanArea, 8);

// NDVI Layers
Map.addLayer(startPeriodNDVI, ndviVis, 'Start Period NDVI');
Map.addLayer(endPeriodNDVI, ndviVis, 'End Period NDVI');
Map.addLayer(ndviChange, ndviChangeVis, 'NDVI Change');

// RGB Layers
Map.addLayer(startPeriodRGB, rgbVis, 'Start Period RGB');
Map.addLayer(endPeriodRGB, rgbVis, 'End Period RGB');
Map.addLayer(hotanArea, {color: 'red', opacity: 0.3}, 'Hotan Area');",v1,56
Does forest cover decrease in Argentina's Salta Province from December 2000 to December 2019?,,https://earthobservatory.nasa.gov/images/146731/deforestation-in-argentinas-gran-chaco,,"1. The images above show deforestation over a span of two decades around the Salta Province of northern Argentina. The image from December 18, 2000, shows a mix of cleared land and greener areas. The image from December 24, 2019, shows much of the forest replaced by large fields.",,,,https://code.earthengine.google.com/0e7760d3b4db5f3dbcc89fc76e1df734,"// Define the area of interest: Salta Province, Argentina
var saltaProvince = ee.FeatureCollection('FAO/GAUL/2015/level2')
  .filter(ee.Filter.and(
    ee.Filter.eq('ADM1_NAME', 'Salta'),
    ee.Filter.eq('ADM0_NAME', 'Argentina')
  )).first().geometry();

// Load Hansen Global Forest Change dataset
var forestChange = ee.Image('UMD/hansen/global_forest_change_2019_v1_7');

// Load Sentinel-2 imagery for RGB visualization
var sentinel2 = ee.ImageCollection('COPERNICUS/S2_SR_HARMONIZED')
  .filter(ee.Filter.bounds(saltaProvince))
  .filter(ee.Filter.date('2019-12-01', '2019-12-31'))
  .filter(ee.Filter.lt('CLOUDY_PIXEL_PERCENTAGE', 10))
  .median();

// Extract relevant bands
var treeCover2000 = forestChange.select(['treecover2000']);
var lossYear = forestChange.select(['lossyear']);
var gain = forestChange.select(['gain']);

// Create a forest mask for 2000 (at least 30% tree cover)
var forestMask2000 = treeCover2000.gte(30);

// Calculate total forest area in 2000
var forestArea2000 = forestMask2000
  .multiply(ee.Image.pixelArea())
  .reduceRegion({
    reducer: ee.Reducer.sum(),
    geometry: saltaProvince,
    scale: 30,
    maxPixels: 1e13
  });

// Calculate forest loss from 2000 to 2019
var forestLossUntil2019 = lossYear.lte(19).and(forestMask2000);
var forestLossArea2000to2019 = forestLossUntil2019
  .multiply(ee.Image.pixelArea())
  .reduceRegion({
    reducer: ee.Reducer.sum(),
    geometry: saltaProvince,
    scale: 30,
    maxPixels: 1e13
  });

// Convert areas to square kilometers
var forestArea2000SqKm = ee.Number(forestArea2000.get('treecover2000')).divide(1e6);
var forestLossAreaSqKm = ee.Number(forestLossArea2000to2019.get('lossyear')).divide(1e6);

// Calculate remaining forest area in 2019
var forestArea2019 = forestArea2000SqKm.subtract(forestLossAreaSqKm);

// Calculate percentage of forest loss
var percentForestLoss = forestLossAreaSqKm.divide(forestArea2000SqKm).multiply(100);

// Determine if forest cover decreased
var hasDecreased = forestLossAreaSqKm.gt(0);

// Visualization parameters
var treeCoverVis = {
  bands: ['treecover2000'],
  min: 0,
  max: 100,
  palette: ['black', 'green']
};

var rgbVis = {
  bands: ['B4', 'B3', 'B2'],
  min: 0,
  max: 3000
};

var lossVis = {
  palette: ['red'],
  opacity: 0.7
};

// Print results
print('Salta Province Forest Analysis:');
print('Total Forest Area in 2000 (sq km):', forestArea2000SqKm);
print('Forest Loss 2000-2019 (sq km):', forestLossAreaSqKm);
print('Remaining Forest Area in 2019 (sq km):', forestArea2019);
print('Percentage of Forest Loss:', percentForestLoss, '%');
print('Forest Cover Decreased:', hasDecreased);

// Detailed annual forest loss analysis
var annualLoss = {};
for (var year = 1; year <= 19; year++) {
  var yearLoss = lossYear.eq(year).and(forestMask2000);
  var yearLossArea = yearLoss
    .multiply(ee.Image.pixelArea())
    .reduceRegion({
      reducer: ee.Reducer.sum(),
      geometry: saltaProvince,
      scale: 30,
      maxPixels: 1e13
    });
  var yearLossSqKm = ee.Number(yearLossArea.get('lossyear')).divide(1e6);
  annualLoss['20' + (year)] = yearLossSqKm;
}
print('Annual Forest Loss (sq km):', annualLoss);

// Mapping
Map.centerObject(saltaProvince, 7);
Map.addLayer(treeCover2000.updateMask(forestMask2000), treeCoverVis, 'Forest Cover 2000');
Map.addLayer(forestLossUntil2019.selfMask(), lossVis, 'Forest Loss 2000-2019');
Map.addLayer(sentinel2, rgbVis, 'Sentinel-2 RGB Composite 2019');
Map.addLayer(saltaProvince, {color: 'blue', opacity: 0.3}, 'Salta Province');",v1,57
"Did the mean tropospheric nitrogen dioxide levels over Hong Kong increase between February 10-25, 2020 and April 20-May 12, 2020? ",,https://earthobservatory.nasa.gov/images/146741/nitrogen-dioxide-levels-rebound-in-china,,,,,Sentinel 5P,,,v2,58
"Did the mean tropospheric nitrogen dioxide levels over Shanghai increase between February 10-25, 2020 and April 20-May 12, 2020? ",,https://earthobservatory.nasa.gov/images/146741/nitrogen-dioxide-levels-rebound-in-china,,,,,Sentinel 5P,,,v2,59
"Did the mean tropospheric nitrogen dioxide levels over Taiwan increase between February 10-25, 2020 and April 20-May 12, 2020? ",no,https://earthobservatory.nasa.gov/images/146741/nitrogen-dioxide-levels-rebound-in-china,,,,,Sentinel 5P,,,v2,60
"Were the mean tropospheric nitrogen dioxide levels higher over Shanghai than over Wuhan during April 20-May 12, 2020? ",,https://earthobservatory.nasa.gov/images/146741/nitrogen-dioxide-levels-rebound-in-china,,,,,Sentinel 5P,,,v2,61
"Were there more than 8 active fires in the Sakha Republic on August 6, 2020?",,https://earthobservatory.nasa.gov/images/147083/another-intense-summer-of-fires-in-siberia,,"As of August 6, approximately 19 fires were burning in the province.",,,,,,v2,62
"Was there more sea ice visible in Hudson Bay (56.271030, -87.160422) on July 29, 2020 than on July 13, 2020?",No,https://earthobservatory.nasa.gov/images/147086/hunting-for-ice-on-hudson-bay,,,,,VIIRS,,,v2,63
"Does the surface soil moisture in Utah decrease in August 2020, compare to long-term records for the same month?",,https://earthobservatory.nasa.gov/images/147118/a-third-of-the-us-faces-drought,,"1. The colors depict the wetness percentile; that is, how the levels of soil moisture compare to long-term records for the month. Blue areas have more abundant water than usual, and orange and red areas have less. The darkest reds represent dry conditions that should occur only 2 percent of the time (about once every 50 years).
2. According to the Weather Channel, Las Vegas has not seen measurable rainfall since mid-April, and Cedar City, Utah, has recorded just 0.05 inches of rain this summer, making it the driest on record.
",,,,https://code.earthengine.google.com/c286e6f41c9304784d7af0f4a37b6d08,"// Define Utah boundary
var utah = ee.FeatureCollection(""TIGER/2018/States"")
  .filter(ee.Filter.eq('NAME', 'Utah'));

// Load ERA5-Land Monthly dataset
var era5Land = ee.ImageCollection(""ECMWF/ERA5_LAND/MONTHLY_AGGR"");

// Define the target month (August 2020)
var targetDate = ee.Date('2020-08-01');

// Define the historical reference period (e.g., 1991-2019)
var startYear = 1991;
var endYear = 2019;

// Define surface soil moisture layer (layer 1 represents surface soil moisture)
var soilLayer = 'volumetric_soil_water_layer_1';

// Get soil moisture data for August 2020 (surface layer only)
var soilMoisture2020 = era5Land
  .filter(ee.Filter.date(targetDate, targetDate.advance(1, 'month')))
  .select(soilLayer)
  .median();

// Function to get August data for a given year (surface layer only)
var getAugustData = function(year) {
  var startDate = ee.Date.fromYMD(year, 8, 1);
  var endDate = startDate.advance(1, 'month');
  return era5Land
    .filter(ee.Filter.date(startDate, endDate))
    .select(soilLayer)
    .median()
    .set('year', year);
};

// Create a list of years for the reference period
var years = ee.List.sequence(startYear, endYear);

// Get August soil moisture data for each year in the reference period
var historicalCollection = ee.ImageCollection.fromImages(
  years.map(function(year) {
    return getAugustData(year);
  })
);

// Calculate the historical average for August (surface layer only)
var historicalAverage = historicalCollection.mean();

// Calculate the anomaly (difference from historical average)
var soilMoistureAnomaly = soilMoisture2020.subtract(historicalAverage);

// Calculate the percent difference
var percentDifference = soilMoistureAnomaly.divide(historicalAverage).multiply(100);

// Define visualization parameters
var soilMoistureVis = {
  min: 0,
  max: 0.4,
  palette: ['red', 'orange', 'yellow', 'green', 'blue']
};

var anomalyVis = {
  min: -0.1,
  max: 0.1,
  palette: ['red', 'white', 'blue']
};

var percentVis = {
  min: -50,
  max: 50,
  palette: ['red', 'white', 'blue']
};

// Center the map on Utah
Map.centerObject(utah, 6);

// Add Utah boundary
Map.addLayer(utah, {color: 'black'}, 'Utah Boundary');

// Create a panel for layer visibility controls
var panel = ui.Panel({
  style: {
    position: 'top-right',
    padding: '8px'
  }
});

// Function to add a layer with a checkbox
var addLayerWithCheckbox = function(image, visParams, name) {
  var checkbox = ui.Checkbox({
    label: name,
    value: false,
    onChange: function(checked) {
      if (checked) {
        Map.addLayer(image.clip(utah), visParams, name);
      } else {
        // Find and remove the layer
        Map.layers().forEach(function(layer) {
          if (layer.getName() === name) {
            Map.remove(layer);
          }
        });
      }
    }
  });
  panel.add(checkbox);
};

// Add layers with checkboxes
addLayerWithCheckbox(
  soilMoisture2020, 
  soilMoistureVis, 
  'Surface Soil Moisture August 2020'
);

addLayerWithCheckbox(
  historicalAverage, 
  soilMoistureVis, 
  'Historical Average (1991-2019)'
);

addLayerWithCheckbox(
  soilMoistureAnomaly, 
  anomalyVis, 
  'Anomaly (difference from historical average)'
);

addLayerWithCheckbox(
  percentDifference, 
  percentVis, 
  'Percent Difference'
);

Map.add(panel);

// Calculate regional statistics
var calculateRegionalStats = function(image, name) {
  return image.reduceRegion({
    reducer: ee.Reducer.mean(),
    geometry: utah,
    scale: 10000,
    maxPixels: 1e9
  });
};

// Get statistics for Utah
var current2020Stats = calculateRegionalStats(soilMoisture2020, '2020');
var historicalStats = calculateRegionalStats(historicalAverage, 'Historical');
var regionalStats = calculateRegionalStats(soilMoistureAnomaly, 'Anomaly');
var regionalPercentStats = calculateRegionalStats(percentDifference, 'Percent');

// Create a panel to display statistics
var statsPanel = ui.Panel({
  style: {
    position: 'bottom-left',
    padding: '8px',
    width: '300px'
  }
});

// Add title
statsPanel.add(ui.Label('Surface Soil Moisture Statistics for Utah', {fontWeight: 'bold'}));
Map.add(statsPanel);

// Print detailed statistical results to console
print('===== SURFACE SOIL MOISTURE ANALYSIS FOR UTAH =====');
print('Current (August 2020):', current2020Stats.get(soilLayer));
print('Historical Average (1991-2019):', historicalStats.get(soilLayer));
print('Anomaly:', regionalStats.get(soilLayer));
print('Percent Difference:', regionalPercentStats.get(soilLayer));

// Determine if surface soil moisture decreased in August 2020
var moistureDecreased = ee.Number(regionalStats.get(soilLayer)).lt(0);
print('Did surface soil moisture decrease in August 2020?', moistureDecreased);

// Generate a chart showing historical August values and the 2020 value
var chartPanel = ui.Panel({
  style: {
    position: 'bottom-right',
    padding: '8px',
    width: '400px',
    height: '240px'
  }
});

// For charting, get historical values as a time series
var timeSeriesValues = historicalCollection.map(function(image) {
  var meanVal = image.reduceRegion({
    reducer: ee.Reducer.mean(),
    geometry: utah,
    scale: 10000,
    maxPixels: 1e9
  }).get(soilLayer);
  
  return ee.Feature(null, {
    'year': image.get('year'),
    'soil_moisture': meanVal
  });
}).sort('year');

// Add the 2020 value
var value2020 = ee.Feature(null, {
  'year': 2020,
  'soil_moisture': current2020Stats.get(soilLayer)
});

// Combine historical and current
var allValues = timeSeriesValues.merge(ee.FeatureCollection([value2020]));

// Create chart
var chart = ui.Chart.feature.byFeature(allValues, 'year', ['soil_moisture'])
  .setChartType('LineChart')
  .setOptions({
    title: 'August Surface Soil Moisture in Utah (1991-2020)',
    vAxis: {title: 'Volumetric Soil Moisture (m³/m³)'},
    hAxis: {title: 'Year', format: '####'},
    pointSize: 3,
    series: {
      0: {color: '1d6b99'}
    }
  });

print(chart);",v1,64
"Did burn scars near San Jose, California on August 26, 2020 expand in comparison to the same region in June?",,https://earthobservatory.nasa.gov/images/147182/august-fires-leave-vast-burn-scars-in-california,https://eoimages.gsfc.nasa.gov/images/imagerecords/147000/147182/cafires_tmo_2020239.png,"The LNU Lightning Complex near Santa Rosa and the SCU Lightning Complex near San Jose had each burned more than 360,000 acres (140,000 square kilometers) as of August 27—making them the second and third largest fires by acreage in state history.",,,,,,v2,65
"Was there more than 12 mg/m^2 of black carbon concentrate at (40.190004, -122.555169) on August 25, 2020?",,https://earthobservatory.nasa.gov/images/147182/august-fires-leave-vast-burn-scars-in-california,https://eoimages.gsfc.nasa.gov/images/imagerecords/147000/147182/casmoke_geos5_2020238.png,The map above shows the concentration of black carbon particulates—commonly called soot—on August 25.,,,,,,v2,66
"Was there more than 12 mg/m^2 of black carbon concentrate at (40.575441, -122.403124) near Redding, CA on August 25, 2020?",,https://earthobservatory.nasa.gov/images/147182/august-fires-leave-vast-burn-scars-in-california,https://eoimages.gsfc.nasa.gov/images/imagerecords/147000/147182/casmoke_geos5_2020238.png,The map above shows the concentration of black carbon particulates—commonly called soot—on August 25.,,,,,,v2,67
"Does the surface water extent in Sindh province, Pakistan increase in September 21, 2020 compared to September 21, 2019?",,https://earthobservatory.nasa.gov/images/147330/extreme-monsoon-rains-in-pakistan,,"1. The Sindh province in southeastern Pakistan, which received historic amounts of rain, has been the most affected region. 
2. The images above show a portion of Sindh on (September 21, 2020) compared to the same time last year (September 21, 2019). The false-color images,",,,,https://code.earthengine.google.com/31d76fee9c2107575be9161c0fe45ce0,"// Define the Sindh province boundary (approximate polygon)
var sindh = ee.Geometry.Polygon([
  [[66.6, 24.8], [70.9, 24.8], [70.9, 28.5], [66.6, 28.5], [66.6, 24.8]]
]);

// Define time periods for analysis
var date_2019 = '2019-09-21';
var date_2020 = '2020-09-21';

// Create date ranges (using 1-day windows)
var date_range_2019 = ee.DateRange(date_2019, ee.Date(date_2019).advance(1, 'day'));
var date_range_2020 = ee.DateRange(date_2020, ee.Date(date_2020).advance(1, 'day'));

// Load MODIS surface reflectance data
var modis_2019 = ee.ImageCollection('MODIS/006/MOD09GA')
  .filterDate(date_range_2019)
  .filterBounds(sindh);
  
var modis_2020 = ee.ImageCollection('MODIS/006/MOD09GA')
  .filterDate(date_range_2020)
  .filterBounds(sindh);

// Get median composite (in case there are multiple images in the day)
var image_2019 = modis_2019.median();
var image_2020 = modis_2020.median();

// Function to calculate MNDWI (Modified Normalized Difference Water Index)
// MNDWI = (Green - SWIR) / (Green + SWIR)
// For MODIS, Green is band 4 (sur_refl_b04) and SWIR is band 6 (sur_refl_b06)
function calculateMNDWI(image) {
  var green = image.select('sur_refl_b04');
  var swir = image.select('sur_refl_b06');
  var mndwi = green.subtract(swir).divide(green.add(swir)).rename('MNDWI');
  return image.addBands(mndwi);
}

// Apply MNDWI calculation to images
var image_2019_with_mndwi = calculateMNDWI(image_2019);
var image_2020_with_mndwi = calculateMNDWI(image_2020);

// Create water masks (MNDWI > 0 typically indicates water)
function createWaterMask(image) {
  var waterMask = image.select('MNDWI').gt(0);
  return waterMask.rename('water_mask');
}

var waterMask_2019 = createWaterMask(image_2019_with_mndwi);
var waterMask_2020 = createWaterMask(image_2020_with_mndwi);

// Calculate water area for both years
var area_2019 = waterMask_2019.multiply(ee.Image.pixelArea()).reduceRegion({
  reducer: ee.Reducer.sum(),
  geometry: sindh,
  scale: 500, // MODIS resolution in meters
  maxPixels: 1e12
});

var area_2020 = waterMask_2020.multiply(ee.Image.pixelArea()).reduceRegion({
  reducer: ee.Reducer.sum(),
  geometry: sindh,
  scale: 500,
  maxPixels: 1e12
});

// Convert to square kilometers
var waterArea_2019 = ee.Number(area_2019.get('water_mask')).divide(1e6);
var waterArea_2020 = ee.Number(area_2020.get('water_mask')).divide(1e6);

// Calculate change in water area
var waterAreaChange = waterArea_2020.subtract(waterArea_2019);
var percentChange = waterAreaChange.divide(waterArea_2019).multiply(100);

// Display results
print('Water Area 2019 (sq km):', waterArea_2019);
print('Water Area 2020 (sq km):', waterArea_2020);
print('Change in Water Area (sq km):', waterAreaChange);
print('Percent Change:', percentChange);

// Visualization parameters
var mndwiVis = {
  min: -1,
  max: 1,
  palette: ['red', 'white', 'blue']
};

var waterMaskVis = {
  palette: ['white', 'blue']
};

// True color visualization
var trueColorVis = {
  bands: ['sur_refl_b01', 'sur_refl_b04', 'sur_refl_b03'],
  min: 0,
  max: 3000
};

// Center map on Sindh province
Map.centerObject(sindh, 7);

// Add layers to map
Map.addLayer(image_2019, trueColorVis, 'True Color 2019');
Map.addLayer(image_2020, trueColorVis, 'True Color 2020');
Map.addLayer(image_2019_with_mndwi.select('MNDWI'), mndwiVis, 'MNDWI 2019');
Map.addLayer(image_2020_with_mndwi.select('MNDWI'), mndwiVis, 'MNDWI 2020');
Map.addLayer(waterMask_2019, waterMaskVis, 'Water Mask 2019');
Map.addLayer(waterMask_2020, waterMaskVis, 'Water Mask 2020');

// Create a difference map to show where water has increased/decreased
var waterDifference = waterMask_2020.subtract(waterMask_2019);
var waterChangePalette = {
  palette: ['red', 'white', 'blue'],
  min: -1,
  max: 1
};
Map.addLayer(waterDifference, waterChangePalette, 'Water Change (2020-2019)');

// Add the Sindh province boundary for reference
Map.addLayer(sindh, {color: 'black'}, 'Sindh Province', false);

// Optional: Export the results as a CSV for further analysis
Export.table.toDrive({
  collection: ee.FeatureCollection([
    ee.Feature(null, {
      'water_area_2019_sqkm': waterArea_2019,
      'water_area_2020_sqkm': waterArea_2020,
      'water_area_change_sqkm': waterAreaChange,
      'percent_change': percentChange
    })
  ]),
  description: 'Sindh_Water_Change_2019_2020',
  fileFormat: 'CSV'
});",v1,68
"Does the cloud cover increase in the Rocky Mountain region (specifically centered at coordinates 50.332360, -116.939238, with a radius of 60 km) on December 5th, 2020, compared to December 2nd, 2020?",,https://earthobservatory.nasa.gov/images/147651/foggy-mountain-breakdown,,"1. Not all areas remained cloud free. The animation above, composed with MODIS images from the Terra and Aqua satellites, shows the area once daily from December 1-5. Notice that clouds show up across the mountain valleys—filling in over the Columbia River, the Kootenay River, and along the Rocky Mountain Trench. Some of these clouds could also be fog, in areas where the base of the cloud is close to the ground.",,,,https://code.earthengine.google.com/bce879a4ec90eb1c69b9f0d904120541,,v1,69
Does the vegetation cover in Robinson Crusoe Island show higher greenness compared to Santa Clara Island in November 2018?,,https://earthobservatory.nasa.gov/images/147731/robinson-crusoe-island,,"1. For an island spanning just 48 square kilometers (19 square miles), Robinson Crusoe Island has a remarkable amount of plant biodiversity.
2. Nearby, Isla Santa Clara appears entirely brown. This is in part because the island is covered in non-woody vegetation that dries up between November and March. ",,,,https://code.earthengine.google.com/a97eb6a86a0389517785c47d2cac9805,"var santaClara = ee.Geometry.Point([-78.943494, -33.707518]).buffer(1500);

var robinsonCrusoe = ee.Geometry.Polygon(
  [[[-78.952651, -33.604949],
    [-78.952651, -33.682448],
    [-78.766735, -33.682448],
    [-78.766735, -33.604949],
    ]], null, false);

// Get MODIS surface reflectance data for November 2018
var dataset = ee.ImageCollection('MODIS/061/MOD09GA')
  .filter(ee.Filter.date('2018-11-01', '2018-11-30'))
  .map(function(img){
    return img.add(-100).multiply(0.0001); // Scale factor for MODIS data
  });

// Function to calculate NDVI
var calculateNDVI = function(image) {
  var nir = image.select('sur_refl_b02'); // Band 2 (NIR)
  var red = image.select('sur_refl_b01'); // Band 1 (Red)
  var ndvi = nir.subtract(red).divide(nir.add(red)).rename('NDVI');
  return ndvi;
};

// Calculate NDVI and create a mosaic
var ndvi = dataset.map(calculateNDVI).median();

// Get the RGB image
var rgbImage = dataset.select(['sur_refl_b01', 'sur_refl_b04', 'sur_refl_b03']).median();

// Create a better land mask to exclude sea while preserving all land pixels
// Using the MOD44W land/water mask product
var waterMask = ee.Image('MODIS/MOD44W/MOD44W_005_2000_02_24').select('water_mask');
var landMask = waterMask.eq(0); // 0 = land, 1 = water

// Alternative using SRTM elevation data (more detailed)
var srtm = ee.Image('USGS/SRTMGL1_003');
var elevationMask = srtm.gt(0); // Areas with elevation > 0 are land

// Combine both approaches for a more robust mask
var combinedLandMask = landMask.or(elevationMask);

// Apply combined land mask to NDVI
var ndviLand = ndvi.updateMask(combinedLandMask);

// Define a vegetation threshold (adjust as needed)
var vegThreshold = 0.1;

// Create vegetation mask
var vegMask = ndvi.gte(vegThreshold).updateMask(combinedLandMask);

// Calculate statistics for each island
var ndviStats_robinsonCrusoe = ndvi.updateMask(combinedLandMask).reduceRegion({
  reducer: ee.Reducer.mean(),
  geometry: robinsonCrusoe,
  scale: 500, // MODIS resolution
  maxPixels: 1e13,
  tileScale: 4  // Add tileScale parameter to prevent computation errors
});

var ndviStats_santaClara = ndvi.updateMask(combinedLandMask).reduceRegion({
  reducer: ee.Reducer.mean(),
  geometry: santaClara,
  scale: 500, // MODIS resolution
  maxPixels: 1e13,
  tileScale: 4  // Add tileScale parameter to prevent computation errors
});

// Also calculate area of vegetation for each island
var vegArea_robinsonCrusoe = vegMask.reduceRegion({
  reducer: ee.Reducer.sum(),
  geometry: robinsonCrusoe,
  scale: 500,
  maxPixels: 1e13,
  tileScale: 1  // Add tileScale parameter
}).get('NDVI');

var vegArea_santaClara = vegMask.reduceRegion({
  reducer: ee.Reducer.sum(),
  geometry: santaClara,
  scale: 500,
  maxPixels: 1e13,
  tileScale: 1  // Add tileScale parameter
}).get('NDVI');

// Print results
print(""Robinson Crusoe Island mean NDVI:"", ndviStats_robinsonCrusoe.get('NDVI'));
print(""Santa Clara Island mean NDVI:"", ndviStats_santaClara.get('NDVI'));
print(""Robinson Crusoe vegetation area (pixels):"", vegArea_robinsonCrusoe);
print(""Santa Clara vegetation area (pixels):"", vegArea_santaClara);

// Visualization parameters
var ndviVis = {
  min: -0.2,
  max: 0.8,
  palette: ['blue', 'white', 'green', 'darkgreen']
};

var rgbVis = {
  min: 0.0,
  max: 0.3,
  bands: ['sur_refl_b01', 'sur_refl_b04', 'sur_refl_b03'], // Red, Green, Blue
};

var vegMaskVis = {
  min: 0,
  max: 1,
  palette: ['black', 'green']
};

// Center map on the point location
Map.setCenter(-78.903494, -33.680518, 12);

// Add layers to map
Map.addLayer(rgbImage, rgbVis, 'RGB Image (November 2018)');
Map.addLayer(combinedLandMask, {min: 0, max: 1, palette: ['blue', 'gray']}, 'Land Mask');
Map.addLayer(ndviLand, ndviVis, 'NDVI (Land Only)');
Map.addLayer(vegMask, vegMaskVis, 'Vegetation Mask (NDVI >= ' + vegThreshold + ')');

// Add island boundaries
Map.addLayer(robinsonCrusoe, {color: 'red'}, 'Robinson Crusoe Island');
Map.addLayer(santaClara, {color: 'yellow'}, 'Santa Clara Point with 1km Buffer');
// Map.addLayer(point, {color: 'cyan'}, 'Santa Clara Point');",v1,70
Was the mean NDSI for Mount Fuji in December 2020 lower than in any other December from 2005 to 2015?,,https://earthobservatory.nasa.gov/images/147780/mount-fujis-missing-snow,,Terra satellite indicate that snow cover on the mountain last month was among the lowest in the satellite's 20-year record for any December.,,,MODIS-Terra,,,v2,71
Was the mean NDSI for Mount Fuji lower in December 2020 than December 2019?,,https://earthobservatory.nasa.gov/images/147780/mount-fujis-missing-snow,,,,,MODIS-Terra,,,v2,72
Was the NVDI lower in northern Kenya than in southern Kenya during May-June 2019?,,https://earthobservatory.nasa.gov/images/147831/nasa-data-aid-food-security-assessments-in-kenya,,,,,MODIS-Terra,,,v2,73
"Did the area around Walvis Bay, Nambia during February, 2021 show higher NDVI than the 2010 to 2020 average for the same month?",no,https://earthobservatory.nasa.gov/images/147924/abundant-rain-turns-namibia-green,,"January 2021 saw rainfall totals double to triple the norm in the northeastern, central, and southern parts of Namibia. According to a weather monitor in Windhoek, 228 millimeters (9 inches) of rain fell in January; the long-term average is 85 millimeters (3 inches).",,,MODIS-Terra,,,v2,74
"Did the area around Windhoek, Nambia appear greener on February 7, 2021 as compared to the same region on January 29, 2020?",,https://earthobservatory.nasa.gov/images/147924/abundant-rain-turns-namibia-green,,"January 2021 saw rainfall totals double to triple the norm in the northeastern, central, and southern parts of Namibia. According to a weather monitor in Windhoek, 228 millimeters (9 inches) of rain fell in January; the long-term average is 85 millimeters (3 inches).",,,MODIS-Terra,,,v2,75
"Did the area around Windhoek, Nambia during February, 2021 show higher NDVI than the 2010 to 2020 average for the same month?",,https://earthobservatory.nasa.gov/images/147924/abundant-rain-turns-namibia-green,,"January 2021 saw rainfall totals double to triple the norm in the northeastern, central, and southern parts of Namibia. According to a weather monitor in Windhoek, 228 millimeters (9 inches) of rain fell in January; the long-term average is 85 millimeters (3 inches).",,,MODIS-Terra,,,v2,76
"In January 2021, did Nambia experience over 7 inches of rainfall?",,https://earthobservatory.nasa.gov/images/147924/abundant-rain-turns-namibia-green,,"January 2021 saw rainfall totals double to triple the norm in the northeastern, central, and southern parts of Namibia. According to a weather monitor in Windhoek, 228 millimeters (9 inches) of rain fell in January; the long-term average is 85 millimeters (3 inches).",,,,,,v2,77
"Does the area around (43.244129, -79.198692) apprear greener than (43.263113, -79.069485) in Lake Ontario on February 4, 2021?",,https://earthobservatory.nasa.gov/images/147933/winter-along-the-niagara-river,,,,,Landsat 8,,,v2,78
"There was a volcanic plume visible over Mount Etna at 1:37 am local time on February 23, 2021. Did the plume go to the western side?",,https://earthobservatory.nasa.gov/images/147996/a-glowing-plume-over-mount-etna,,"At 1:37 a.m. local time (00:37 Universal Time) on February 23, 2021, the Visible Infrared Imaging Radiometer Suite (VIIRS) on the NOAA-20 satellite captured an image (above) showing one of several volcanic plumes Etna has produced recently.",,,VIIRS,,,v2,79
"Did the water extent of Elephant Butte Reservoir decrease between June 12, 1986 and June 9, 2020",,https://earthobservatory.nasa.gov/images/147999/river-colors-are-changing,,,,,Landsat 5/78,,,v2,80
"Does the ice coverage of the Great Lakes decrease from February 20, 2021 to March 3, 2021?",,https://earthobservatory.nasa.gov/images/148011/wild-swings-in-great-lakes-ice,,"1. On February 20 (left image), total ice cover across the lakes was near the season’s maximum extent of 46.5 percent. 
2. By March 3 (right), ice covered just 15 percent of the lake surfaces.",,,,https://code.earthengine.google.com/1d074824bb3b719839989c8ffb74e20f,"
var greatLakesROI = ee.Geometry.MultiPolygon([
  geometry.coordinates(),
  geometry2.coordinates(),
  geometry3.coordinates(),
  geometry4.coordinates(),
]);

// Define the date ranges.
var dateFeb = ee.Date('2021-02-20');
var dateMarch = ee.Date('2021-03-03');

// Function to calculate NDSI from MOD09GA.
function calculateNDSI(image) {
  var green = image.select('sur_refl_b04'); // Band 4 (Green)
  var swir = image.select('sur_refl_b06'); // Band 6 (SWIR)

  var ndsi = green.subtract(swir).divide(green.add(swir)).rename('NDSI');
  return image.addBands(ndsi);
}

// Load and filter MOD09GA for February.
var datasetFeb = ee.ImageCollection('MODIS/061/MOD09GA')
  .filterDate(dateFeb, dateFeb.advance(1, 'day'))
  .map(function(img){return img.add(-100).multiply(0.0001)}) // Scale the reflectance values.
  .map(calculateNDSI)
  .filterBounds(greatLakesROI); // Filter to the Great Lakes region.

// Load and filter MOD09GA for March.
var datasetMarch = ee.ImageCollection('MODIS/061/MOD09GA')
  .filterDate(dateMarch, dateMarch.advance(1, 'day'))
  .map(function(img){return img.add(-100).multiply(0.0001)}) // Scale the reflectance values.
  .map(calculateNDSI)
  .filterBounds(greatLakesROI); // Filter to the Great Lakes region.

// Get the NDSI band from the collections.
var ndsiFeb = datasetFeb.select('NDSI').mosaic();
var ndsiMarch = datasetMarch.select('NDSI').mosaic();

// Calculate areas with NDSI > 0.
var areaFeb = ndsiFeb.gt(0).multiply(ee.Image.pixelArea()).reduceRegion({
  reducer: ee.Reducer.sum(),
  geometry: greatLakesROI,
  scale: 1000, // Adjust scale as needed
  maxPixels: 1e13
}).get('NDSI');

var areaMarch = ndsiMarch.gt(0).multiply(ee.Image.pixelArea()).reduceRegion({
  reducer: ee.Reducer.sum(),
  geometry: greatLakesROI,
  scale: 1000, // Adjust scale as needed
  maxPixels: 1e13
}).get('NDSI');

// Convert area to square kilometers.
var areaFebKm2 = ee.Number(areaFeb).divide(1e6); // 1e6 square meters in 1 square kilometer
var areaMarchKm2 = ee.Number(areaMarch).divide(1e6);

// Print the results in square kilometers.
print('Area with NDSI > 0 (Feb) [km²]:', areaFebKm2);
print('Area with NDSI > 0 (March) [km²]:', areaMarchKm2);

// Visualization parameters.
var ndsiVis = {
  min: 0,
  max: 1,
  palette: ['white', 'red'],
};

// Center the map and add the layers.
Map.centerObject(greatLakesROI, 6);
Map.addLayer(ndsiFeb, ndsiVis, 'NDSI (Feb)');
Map.addLayer(ndsiMarch, ndsiVis, 'NDSI (March)');
Map.addLayer(greatLakesROI, {color: 'blue'}, 'Great Lakes ROI');",v1,81
Does forest cover decrease in the area near Banamepe along the Digul River between November 2002 and November 2019?,,https://earthobservatory.nasa.gov/images/148021/deforestation-in-papua,,"1. The images above show forest clearing along the Digul River near Banamepe, an area that was cleared between 2011 and 2016. 
2. The data used in the earlier image (left) was acquired by the Thematic Mapper (TM) on Landsat 5 in 2002; the later image (right) was acquired by the Operational Land Imager (OLI) on Landsat 8 in 2019.",,,,https://code.earthengine.google.com/7c397512f56d4bbd12de8826e2bc7932,"// Define the area of interest: Banamepe along the Digul River in Papua
var banamepe = ee.Geometry.Point([139.755433, -7.371745]).buffer(10000); // 10km buffer around Banamepe

// Load Hansen Global Forest Change dataset (2023 version)
var dataset = ee.Image('UMD/hansen/global_forest_change_2023_v1_11');

// Get various bands from the dataset
var treeCover = dataset.select(['treecover2000']); // Tree cover in 2000
var loss = dataset.select(['loss']); // Forest loss 2000-2023
var lossYear = dataset.select(['lossyear']); // Year of loss
var gain = dataset.select(['gain']); // Forest gain 2000-2023

// Create a mask for areas that had forest in 2000 (with at least 30% tree cover)
var forestMask = treeCover.gte(30);

// Apply the mask to the loss year data
var lossYearMasked = lossYear.updateMask(forestMask);

// Filter loss to only include 2002-2019 period
var lossStart = lossYear.gte(2).and(forestMask); // 2002 (Hansen data starts at year 2000, so 2 = 2002)
var lossEnd = lossYear.lte(19).and(forestMask); // 2019 (19 = 2019)
var lossPeriod = lossStart.and(lossEnd);

// Calculate total forest area in 2000 (baseline)
var forestArea2000 = forestMask.multiply(ee.Image.pixelArea()).reduceRegion({
  reducer: ee.Reducer.sum(),
  geometry: banamepe,
  scale: 30,
  maxPixels: 1e13,
});

// Calculate forest loss by year
var forestLossArea = lossPeriod.multiply(ee.Image.pixelArea()).reduceRegion({
  reducer: ee.Reducer.sum(),
  geometry: banamepe,
  scale: 30,
  maxPixels: 1e13,
});

// Calculate forest loss in different time periods
var loss2002to2010 = lossYear.gte(2).and(lossYear.lte(10)).and(forestMask);
var loss2011to2019 = lossYear.gte(11).and(lossYear.lte(19)).and(forestMask);

var loss2002to2010Area = loss2002to2010.multiply(ee.Image.pixelArea()).reduceRegion({
  reducer: ee.Reducer.sum(),
  geometry: banamepe,
  scale: 30,
  maxPixels: 1e13,
});

var loss2011to2019Area = loss2011to2019.multiply(ee.Image.pixelArea()).reduceRegion({
  reducer: ee.Reducer.sum(),
  geometry: banamepe,
  scale: 30,
  maxPixels: 1e13,
});

// Calculate percent forest loss
var forestAreaSqKm = ee.Number(forestArea2000.get('treecover2000')).divide(1e6);
var forestLossAreaSqKm = ee.Number(forestLossArea.get('lossyear')).divide(1e6);
var loss2002to2010AreaSqKm = ee.Number(loss2002to2010Area.get('lossyear')).divide(1e6);
var loss2011to2019AreaSqKm = ee.Number(loss2011to2019Area.get('lossyear')).divide(1e6);

var percentLoss = forestLossAreaSqKm.divide(forestAreaSqKm).multiply(100);

// Count the number of pixels lost in each year
var lossYearHistogram = lossYearMasked.reduceRegion({
  reducer: ee.Reducer.frequencyHistogram(),
  geometry: banamepe,
  scale: 30,
  maxPixels: 1e13,
});

// Create a feature collection to visualize annual loss
var createAnnualLossFeatures = function() {
  // Get the histogram dictionary from the server
  var lossYearDict = ee.Dictionary(lossYearHistogram.get('lossyear'));
  
  // Get the keys as years and values as pixel counts
  var years = lossYearDict.keys();
  var counts = lossYearDict.values();
  
  // Create a list of features with year and count properties
  var features = ee.List.sequence(0, ee.Number(years.length()).subtract(1)).map(function(i) {
    var year = ee.Number.parse(ee.String(years.get(i)));
    var count = ee.Number(counts.get(i));
    var actualYear = year.add(2000); // Convert to actual year (Hansen data starts at 2000)
    
    return ee.Feature(null, {
      'year': actualYear,
      'count': count,
      'area_ha': count.multiply(900).divide(10000) // Convert 30m pixels to hectares
    });
  });
  
  return ee.FeatureCollection(features);
};

var annualLossFeatures = createAnnualLossFeatures();

// Print results
print('Total forest area in 2000 (sq km):', forestAreaSqKm);
print('Forest loss 2002-2019 (sq km):', forestLossAreaSqKm);
print('Forest loss 2002-2010 (sq km):', loss2002to2010AreaSqKm);
print('Forest loss 2011-2019 (sq km):', loss2011to2019AreaSqKm);
print('Percent of 2000 forest lost between 2002-2019:', percentLoss);
print('Annual forest loss (pixel counts):', lossYearHistogram);
print('Annual forest loss (as features):', annualLossFeatures);

// Check if there are significant forest loss pixels
var significantLoss = forestLossAreaSqKm.gt(1); // Consider significant if > 1 sq km
print('Is forest loss significant (>1 sq km)?', significantLoss);

// Visualization parameters
var treeLossVisParam = {
  bands: ['lossyear'],
  min: 2, // Start at 2002
  max: 19, // End at 2019
  palette: ['yellow', 'orange', 'red']
};

var treeCoverVisParam = {
  bands: ['treecover2000'],
  min: 0,
  max: 100,
  palette: ['black', 'green']
};

// Create a custom loss visualization showing different time periods
var visLoss = loss2002to2010.selfMask().multiply(1).add(loss2011to2019.selfMask().multiply(2));
var visLossParams = {
  min: 1,
  max: 2,
  palette: ['orange', 'red']
};

// Center map on Banamepe
Map.setCenter(139.755433, -7.371745, 13);

// Add layers to map
Map.addLayer(treeCover.updateMask(forestMask), treeCoverVisParam, 'Tree Cover 2000 (>30%)');
Map.addLayer(lossYearMasked, treeLossVisParam, 'Forest Loss Year (2002-2019)');
Map.addLayer(visLoss, visLossParams, 'Forest Loss Periods');
Map.addLayer(banamepe, {color: 'yellow'}, 'Banamepe Area (10km buffer)');

// Create a chart showing annual forest loss
var chart = ui.Chart.feature.byFeature({
  features: annualLossFeatures,
  xProperty: 'year',
  yProperties: ['area_ha']
})
.setChartType('ColumnChart')
.setOptions({
  title: 'Annual Forest Loss in Banamepe Area (2002-2019)',
  hAxis: {title: 'Year', format: '####'},
  vAxis: {title: 'Forest Loss (hectares)'},
  legend: {position: 'none'},
  colors: ['red']
});

print(chart);

// Add a legend
var legend = ui.Panel({
  style: {
    position: 'bottom-left',
    padding: '8px 15px'
  }
});

var makeRow = function(color, name) {
  var colorBox = ui.Label({
    style: {
      backgroundColor: color,
      padding: '8px',
      margin: '0 0 4px 0'
    }
  });
  
  var description = ui.Label({
    value: name,
    style: {margin: '0 0 4px 6px'}
  });
  
  return ui.Panel({
    widgets: [colorBox, description],
    layout: ui.Panel.Layout.Flow('horizontal')
  });
};

var legendTitle = ui.Label({
  value: 'Forest Loss Periods',
  style: {
    fontWeight: 'bold',
    fontSize: '16px',
    margin: '0 0 4px 0',
    padding: '0'
  }
});

legend.add(legendTitle);
legend.add(makeRow('green', 'Forest in 2000 (>30% canopy)'));
legend.add(makeRow('orange', 'Loss 2002-2010'));
legend.add(makeRow('red', 'Loss 2011-2019'));

Map.add(legend);",v1,82
Was the area of aritifical land built off the coast of Jakarata Bay greater than 800 hectares as of 2021? ,,https://earthobservatory.nasa.gov/images/148303/as-jakarta-grows-so-do-the-water-issues,,"Since the first image above was captured in 1990, artificial land and new development has spread into the shallow waters of Jakarta Bay. According to one analysis of Landsat data, people have built at least 1185 hectares (5 square miles) of new land along the coast.",,,Landsat 8,,,v2,83
Was the vegetation cover around Depok lower in 2019 than in 1990?,,https://earthobservatory.nasa.gov/images/148303/as-jakarta-grows-so-do-the-water-issues,,The widespread replacement of forests and other vegetation with impervious surfaces in inland areas along the Ciliwung and Cisadane rivers has reduced,,,Landsat 5/8,,,v2,84
"Did Lake Menindee, Australia shrink from February 2, 2019 to May 14, 2021?",No,https://earthobservatory.nasa.gov/images/148336/menindee-lakes-finally-refilling,,"1. For the first time in five years, Australia’s Menindee Lakes are brimming with water. The lakes are a series of nine large, shallow depressions that hold water supplies for the nearby towns of Menindee and Broken Hill, located about 110 kilometers (70 miles) away. The water is also used for irrigation and domestic purposes on the lower Darling River.

",,,,https://code.earthengine.google.com/3f30ce2902021b1ac0c5118cfbe98614,"// Define the location of Lake Menindee, Australia
var menindee = ee.Geometry.Point([142.325654, -32.338791]);

// Create a buffer around Lake Menindee to capture the entire lake system
var buffer = menindee.buffer(8000);  // 30km buffer to include the Menindee Lakes system

// Load Landsat 8 imagery for the two dates
var before = ee.ImageCollection('LANDSAT/LC08/C02/T1_L2')
  .filterDate('2019-02-02', '2019-02-03')  // Around February 2, 2019
  .filterBounds(buffer)
  .mosaic();

var after = ee.ImageCollection('LANDSAT/LC08/C02/T1_L2')
  .filterDate('2021-05-14', '2021-05-15')  // Around May 14, 2021
  .filterBounds(buffer)
  .mosaic();

// Function to mask clouds using the quality band
function maskL8(image) {
  // Bit 0 - Fill
  // Bit 1 - Dilated Cloud
  // Bit 2 - Cirrus
  // Bit 3 - Cloud
  // Bit 4 - Cloud Shadow
  var qaMask = image.select('QA_PIXEL').bitwiseAnd(parseInt('11111', 2)).eq(0);
  var saturationMask = image.select('QA_RADSAT').eq(0);

  // Apply the scaling factors to the appropriate bands
  var opticalBands = image.select('SR_B.').multiply(0.0000275).add(-0.2);
  var thermalBands = image.select('ST_B.*').multiply(0.00341802).add(149.0);

  // Replace the original bands with the scaled ones and apply the masks
  return image.addBands(opticalBands, null, true)
    .addBands(thermalBands, null, true)
    .updateMask(qaMask)
    .updateMask(saturationMask);
}

// Apply cloud mask
var beforeCloudMasked = maskL8(before);
var afterCloudMasked = maskL8(after);

// Calculate NDWI (Normalized Difference Water Index) for water detection
// Using Green (B3) and NIR (B5) bands
var ndwiBefore = beforeCloudMasked.normalizedDifference(['SR_B3', 'SR_B5']).rename('NDWI');
var ndwiAfter = afterCloudMasked.normalizedDifference(['SR_B3', 'SR_B5']).rename('NDWI');

// Apply threshold to identify water (NDWI > 0.1 typically indicates water)
var waterBefore = ndwiBefore.gt(0.1);
var waterAfter = ndwiAfter.gt(0.1);

// Calculate water area for both dates
var areaBefore = waterBefore.multiply(ee.Image.pixelArea()).reduceRegion({
  reducer: ee.Reducer.sum(),
  geometry: buffer,
  scale: 30,
  maxPixels: 1e13  // Increased max pixels for larger area
});

var areaAfter = waterAfter.multiply(ee.Image.pixelArea()).reduceRegion({
  reducer: ee.Reducer.sum(),
  geometry: buffer,
  scale: 30,
  maxPixels: 1e13
});

// Print the water area in square kilometers
print('Water area in January 2019 (sq km):', ee.Number(areaBefore.get('NDWI')).divide(1e6));
print('Water area in February 2021 (sq km):', ee.Number(areaAfter.get('NDWI')).divide(1e6));

// Calculate and print the percentage change in water area
var areaBeforeValue = ee.Number(areaBefore.get('NDWI')).divide(1e6);
var areaAfterValue = ee.Number(areaAfter.get('NDWI')).divide(1e6);
var areaDifference = areaAfterValue.subtract(areaBeforeValue);
var percentChange = areaDifference.divide(areaBeforeValue).multiply(100);

print('Absolute difference (sq km):', areaDifference);
print('Percentage change (%):', percentChange);

// Add a condition to explicitly answer the question
print('Does Lake Menindee shrink from February 2019 to May, 2021?',
      ee.Algorithms.If(areaDifference.lt(0), 'Yes, Lake Menindee has shrunk', 'No, Lake Menindee has not shrunk'));

// Create visualization parameters for water extent
var waterVisPalette = ['white', 'blue'];
var waterVis = {
  min: 0,
  max: 1,
  palette: waterVisPalette
};

// Create RGB visualization parameters for natural color imagery
var rgbVis = {
  bands: ['SR_B4', 'SR_B3', 'SR_B2'],
  min: 0.0,
  max: 0.3
};

// Create visualization for water change
// Blue = Water in both periods
// Cyan = Water only in 2017 (lost water)
// Red = Water only in 2019 (gained water)
var waterChange = waterBefore.add(waterAfter.multiply(2));
var changeVis = {
  min: 0,
  max: 3,
  palette: ['white', 'cyan', 'red', 'blue']
};

// Center the map on Lake Menindee, Australia
Map.centerObject(buffer, 10);

// Add layers to the map
Map.addLayer(beforeCloudMasked, rgbVis, 'Landsat 8 - January 2019 (RGB)');
Map.addLayer(afterCloudMasked, rgbVis, 'Landsat 8 - February 2021 (RGB)');
Map.addLayer(waterBefore, waterVis, 'Water Extent - January 2019');
Map.addLayer(waterAfter, waterVis, 'Water Extent - February 2021');
Map.addLayer(waterChange, changeVis, 'Water Change (Blue=Both, Cyan=Lost, Red=Gained)');
Map.addLayer(buffer, {color: 'yellow'}, 'Buffer around Lake Menindee');",v1,85
"Did lake ice extent on Lake Winnipeg, Canada, decrease between May 7, 2021 and May 19, 2021?",,https://earthobservatory.nasa.gov/images/148340/smoke-replaces-ice-at-lake-winnipeg,,"On May 7 and May 14, 2021, winter ice still covered most of Lake Winnipeg and the smaller lakes nearby, and walleye were starting to show up on fishing hooks. By May 19, most of the ice was gone, temperatures hovered between 30° and 33° Celsius (86° to 91° Fahrenheit), and the parched landscape was blanketed with smoke and fire. It seemed like Canada’s Manitoba Province had jumped right from winter to summer.",,,,,,v2,86
Was the aerosol optical depth higher over the Gobi Desert in February 2020 than in February 2019?,,https://earthobservatory.nasa.gov/images/148477/covid-19-lockdowns-cut-pollution-but-not-all-of-it,,"One example is shown on the map above, which compares PM2.5 levels across China in February 2020 versus February 2019. Note that although pollution levels dropped significantly in some of the most industrialized parts of China, they were actually higher near China’s desert regions. ",,,,,,v2,87
Was the aerosol optical depth higher over the Takalaman Desert in February 2020 than in February 2019?,,https://earthobservatory.nasa.gov/images/148477/covid-19-lockdowns-cut-pollution-but-not-all-of-it,,"One example is shown on the map above, which compares PM2.5 levels across China in February 2020 versus February 2019. Note that although pollution levels dropped significantly in some of the most industrialized parts of China, they were actually higher near China’s desert regions. ",,,,,,v2,88
"Was the PM2.5 higher over Wuhan, China in February 2020 than in February 2019?",No,https://earthobservatory.nasa.gov/images/148477/covid-19-lockdowns-cut-pollution-but-not-all-of-it,,"One example is shown on the map above, which compares PM2.5 levels across China in February 2020 versus February 2019. Note that although pollution levels dropped significantly in some of the most industrialized parts of China, they were actually higher near China’s desert regions. ",,,,,,v2,89
"Was the PM2.5 level higher in February 2020 than in February 2019 within a 50km radius of (40.923221, 104.238631)?",,https://earthobservatory.nasa.gov/images/148477/covid-19-lockdowns-cut-pollution-but-not-all-of-it,,"One example is shown on the map above, which compares PM2.5 levels across China in February 2020 versus February 2019. Note that although pollution levels dropped significantly in some of the most industrialized parts of China, they were actually higher near China’s desert regions. ",,,,,,v2,90
Did more forest area burn in Sakha in 2015 than compared to 2021?,no,https://earthobservatory.nasa.gov/images/148943/a-record-breaking-year-for-fire-in-sakha,,It’s also record-breaking. More forest area burned in Sakha than in any year since the Moderate Resolution Imaging Spectroradiometer (MODIS) on NASA’s Terra satellite began collecting data in 2000.,,,,,,v2,91
"In the summer of 2021, did at least 6 million hectares of forests burn in Sakha?",,https://earthobservatory.nasa.gov/images/148943/a-record-breaking-year-for-fire-in-sakha,,"In summer 2021, huge fires raged through these larch forests for months. During Sakha’s most severe fire season in decades, more than 8.4 million hectares of forests burned",,,,,,v2,92
"Did the Alisal Fire cover less than 10,000 acres from October 11, 2021 to October 13, 2021?",no,https://earthobservatory.nasa.gov/images/148950/alisal-fire-rages-near-santa-barbara,,"After igniting near the Alisal reservoir on October 11, the fast-moving blaze charred 13,400 acres (54 square kilometers) by the afternoon of October 13.",,,,,,v2,93
"Does Dorsoidong Co Lake have a lighter blue color than Chibzhang Co Lake in October 12, 1987?",,https://earthobservatory.nasa.gov/images/148966/shrinking-glaciers-and-growing-lakes,,"1. Dorsoidong Co’s water likely had more suspended sediment on October 12, 1987, making the water appear lighter blue.",,,,https://code.earthengine.google.com/c82285bf91cc9aae113b4a4c0686e543,"// Define locations for both lakes
var dorsoidongPoint = ee.Geometry.Point([89.862862, 33.395792]);
var chibzhangPoint = ee.Geometry.Point([90.363861, 33.502703]);

// Define lake boundaries (approximate)
var dorsoidongBoundary = dorsoidongPoint.buffer(10000);  // 10km buffer
var chibzhangBoundary = chibzhangPoint.buffer(10000);    // 10km buffer

// Define the target date
var targetDate = ee.Date('1987-10-12');

// Add title to specify the question we're answering
print('RESEARCH QUESTION:');
print('On October 12, 1987, does Dorsoidong Co Lake have a lighter blue color than Chibzhang Co Lake?');

// Helper function to get Landsat 5 data for our date with a wider window
// Using Landsat 5 since it was operational in 1987
function getLandsatForDate(date) {
  var startDate = date.advance(-15, 'day');  // Allow wider window to ensure data
  var endDate = date.advance(15, 'day');
  
  return ee.ImageCollection(""LANDSAT/LT05/C02/T1_L2"")
    .filterDate(startDate, endDate)
    .filterBounds(ee.Geometry.MultiPoint([
      [dorsoidongPoint.coordinates().get(0), dorsoidongPoint.coordinates().get(1)],
      [chibzhangPoint.coordinates().get(0), chibzhangPoint.coordinates().get(1)]
    ]))
    .sort('system:time_start')
    .first();  // Get the closest image to our target date
}

// Get Landsat data for the target date
var landsatImage = getLandsatForDate(targetDate);

// Add a print statement to check if we have data
print('Landsat Scene Date:', landsatImage.date());

// Function to calculate lighter blue color
function calculateBlueIntensity(image) {
  // For Landsat 5, Blue is band 1 (B)
  // Need to apply scaling factors for surface reflectance product
  var blue = image.select('SR_B1').multiply(0.0000275).add(-0.2);
  var green = image.select('SR_B2').multiply(0.0000275).add(-0.2);
  var red = image.select('SR_B3').multiply(0.0000275).add(-0.2);
  
  // Calculate blue intensity (normalized by total RGB intensity)
  // Higher values indicate relatively more blueness
  var blueIntensity = blue.divide(blue.add(green).add(red)).rename('blue_intensity');
  
  // Calculate lightness of blue (higher values = lighter blue)
  // We use the blue reflectance directly as a measure of lightness
  // Higher reflectance in blue band = lighter blue appearance
  var blueLightness = blue.rename('blue_lightness');
  
  return image.addBands([blueIntensity, blueLightness]);
}

// Create a water mask using NDWI (Normalized Difference Water Index)
function getWaterMask(image) {
  var green = image.select('SR_B2').multiply(0.0000275).add(-0.2);
  var nir = image.select('SR_B4').multiply(0.0000275).add(-0.2);
  
  // Calculate NDWI = (Green - NIR) / (Green + NIR)
  var ndwi = green.subtract(nir).divide(green.add(nir));
  
  // Use a threshold to identify water (NDWI > 0.3)
  var waterMask = ndwi.gt(0.3);
  return waterMask;
}

// Get water mask
var waterMask = getWaterMask(landsatImage);

// Calculate blue intensity
var blueIntensity = calculateBlueIntensity(landsatImage);

// Apply water mask to blue intensity and lightness
var processedImage = calculateBlueIntensity(landsatImage);
var blueIntensityWater = processedImage.select('blue_intensity').updateMask(waterMask);
var blueLightnessWater = processedImage.select('blue_lightness').updateMask(waterMask);

// Function to calculate statistics for each lake region
function calculateStats(image, region, name) {
  var stats = image.reduceRegion({
    reducer: ee.Reducer.mean().combine({
      reducer2: ee.Reducer.stdDev(),
      sharedInputs: true
    }),
    geometry: region,
    scale: 30,  // Landsat resolution
    maxPixels: 1e12
  });
  print(name + ' Statistics:', stats);
  return stats;
}

// Calculate statistics for both lakes - both blue intensity and lightness
var dorsoidongIntensityStats = calculateStats(blueIntensityWater, dorsoidongBoundary, 'Dorsoidong Co Lake - Intensity');
var chibzhangIntensityStats = calculateStats(blueIntensityWater, chibzhangBoundary, 'Chibzhang Co Lake - Intensity');

var dorsoidongLightnessStats = calculateStats(blueLightnessWater, dorsoidongBoundary, 'Dorsoidong Co Lake - Lightness');
var chibzhangLightnessStats = calculateStats(blueLightnessWater, chibzhangBoundary, 'Chibzhang Co Lake - Lightness');

// Compare blue intensity values
var dorsoidongBlueMean = ee.Number(dorsoidongIntensityStats.get('blue_intensity_mean'));
var chibzhangBlueMean = ee.Number(chibzhangIntensityStats.get('blue_intensity_mean'));

// Compare blue lightness values (higher = lighter blue)
var dorsoidongLightnessMean = ee.Number(dorsoidongLightnessStats.get('blue_lightness_mean'));
var chibzhangLightnessMean = ee.Number(chibzhangLightnessStats.get('blue_lightness_mean'));

// Print results
print('Dorsoidong Co Lake Blue Intensity:', dorsoidongBlueMean);
print('Chibzhang Co Lake Blue Intensity:', chibzhangBlueMean);
print('Dorsoidong Co Lake Blue Lightness:', dorsoidongLightnessMean);
print('Chibzhang Co Lake Blue Lightness:', chibzhangLightnessMean);

// Print the comparison results
print('Is Dorsoidong Co Lake bluer than Chibzhang Co Lake?', 
      dorsoidongBlueMean.gt(chibzhangBlueMean));
print('Does Dorsoidong Co Lake have a lighter blue color than Chibzhang Co Lake?', 
      dorsoidongLightnessMean.gt(chibzhangLightnessMean));

// Visualization for blue intensity
var blueIntensityVis = {
  min: 0.3,
  max: 0.5,
  palette: ['lightblue', 'blue', 'darkblue']
};

// Visualization for blue lightness
var blueLightnessVis = {
  min: 0.0,
  max: 0.15,
  palette: ['darkblue', 'blue', 'lightblue', 'white']
};

// Add a map panel for each lake
Map.setCenter(89.862862, 33.395792, 9);

// Add the blue intensity and lightness layers
Map.addLayer(blueIntensityWater, blueIntensityVis, 'Blue Intensity');
Map.addLayer(blueLightnessWater, blueLightnessVis, 'Blue Lightness');

// Add true color composites for visual reference
var trueColorVis = {
  bands: ['SR_B3', 'SR_B2', 'SR_B1'],  // RGB for Landsat
  min: 0,
  max: 25000};
Map.addLayer(landsatImage, trueColorVis, 'True Color');

// Add the lake boundaries
Map.addLayer(dorsoidongBoundary, {color: 'yellow'}, 'Dorsoidong Co Lake Boundary');
Map.addLayer(chibzhangBoundary, {color: 'red'}, 'Chibzhang Co Lake Boundary');
Map.addLayer(ee.FeatureCollection([dorsoidongPoint]), {color: 'yellow', pointSize: 5}, 'Dorsoidong Co Center');
Map.addLayer(ee.FeatureCollection([chibzhangPoint]), {color: 'red', pointSize: 5}, 'Chibzhang Co Center');",v1,94
"Was the sulfer dioxide concentration higher over Cumbre Vieja than the Funchal Island on October 18, 2021?",,https://earthobservatory.nasa.gov/images/148978/sulfur-skies-over-la-palma,,,,,TOMS Merged,,,v2,95
"Was the concentration of tropospheric nitrogen dioxide (NO2) over Los Angeles lower between October 1-23, 2021 compared to the same period in 2019 and 2018?",,https://earthobservatory.nasa.gov/images/149004/scientific-questions-arrive-in-ports,,"The maps above and below show the concentration of the air pollutant nitrogen dioxide (NO2) between October 1-23, 2021, as compared to the same period in 2019 and 2018 (before the COVID-19 pandemic upended global trade). The ports of Los Angeles, Long Beach, New York/New Jersey—the busiest ports in the United States—show apparent increases in NO2 in October 2021.",,,Sentinel 5P,,,v2,96
"Was the concentration of tropospheric nitrogen dioxide over Brooklyn, New York lower between October 1-23, 2021 compared to the same period in 2019 and 2018?",No,https://earthobservatory.nasa.gov/images/149004/scientific-questions-arrive-in-ports,,,,,Sentinel 5P,,,v2,97
"Was the concentration of tropospheric nitrogen dioxide over Nassau County, New York lower between October 1-23, 2021 compared to the same period in 2019 and 2018?",,https://earthobservatory.nasa.gov/images/149004/scientific-questions-arrive-in-ports,,"While ship backups are not as severe off of New York/New Jersey, those port facilities have also seen some backlogs and unusually high cargo movement in recent months.
",,,Sentinel 5P,,,v2,98
"Was the concentration of tropospheric nitrogen dioxide over South Los Angeles, California lower between October 1-23, 2021 compared to the same period in 2019 and 2018?",,https://earthobservatory.nasa.gov/images/149004/scientific-questions-arrive-in-ports,,,,,Sentinel 5P,,,v2,99
"In 2021, did the Antarctic ozone hole reach a size of 18 million square kilometers?",,https://earthobservatory.nasa.gov/images/149010/substantial-antarctic-ozone-hole-in-2021,,"This year, NASA satellite observations determined the ozone hole reached a maximum of 24.8 million square kilometers (9.6 million square miles)—roughly the size of North America—before beginning to shrink in mid-October.",,,,,,v2,100
"Was the Antarctic ozone hole larger on October 7, 2021 than compared to its area on January 1, 2021?",,https://earthobservatory.nasa.gov/images/149010/substantial-antarctic-ozone-hole-in-2021,,"The animation above shows the evolution of ozone over the South Pole between January 1 and October 7, 2021. Notice that moderate ozone losses (orange) are apparent by late August and become even more potent (red) and widespread through September. The ozone hole reached its maximum extent on October 7, 2021, as calculated by the NASA Ozone Watch team.",,,,,,v2,101
"Is the chlorophyll-a concentration higher in the southern coastal waters of Java (-8.879787, 110.2273416) compared to the northern Java Sea waters (-5.741852, 109.953683) on August 4, 2019?",,https://earthobservatory.nasa.gov/images/149017/hunting-milky-seas-by-satellite,,"1. Note that the highest concentrations of chlorophyll (the green, light-harnessing pigment in phytoplankton) are adjacent to, but not matching, the brightest areas of the milky sea.",,,,https://code.earthengine.google.com/bbdc3951d4a9d01de3e0224369a6a4fa,"// Define the study date
var studyDate = '2019-08-04';

// Define the two points of interest
var southPoint = ee.Geometry.Point([110.2273416, -8.879787]);
var northPoint = ee.Geometry.Point([109.953683,-5.741852]);

// Create a buffer around each point for analysis
var southRegion = southPoint.buffer(15000); // 15km buffer
var northRegion = northPoint.buffer(15000); // 15km buffer

// Load NASA MODIS-Aqua ocean color data 
var modisOcean = ee.ImageCollection('NASA/OCEANDATA/MODIS-Aqua/L3SMI')
                  .filter(ee.Filter.date(studyDate, ee.Date.parse('yyyy-MM-dd', studyDate).advance(1, 'day')));

// Select the chlorophyll-a band
var chlorophyll = modisOcean.select('chlor_a');

// Composite the collection to get a single image
var chlorImage = chlorophyll.mean();

// Define visualization parameters for chlorophyll
var chlorVis = {
  min: 0.05,
  max: 2,
  palette: ['000022', '0000ff', '00ffff', 'ffff00', 'ff0000', '990000'],
};

// Calculate statistics for both regions
var southStats = chlorImage.reduceRegion({
  reducer: ee.Reducer.mean(),
  geometry: southRegion,
  scale: 1000,
  maxPixels: 1e9
});

var northStats = chlorImage.reduceRegion({
  reducer: ee.Reducer.mean(),
  geometry: northRegion,
  scale: 1000,
  maxPixels: 1e9
});

// Extract values
var southChlor = southStats.get('chlor_a');
var northChlor = northStats.get('chlor_a');

// Print results
print('Date of Analysis:', studyDate);
print('Chlorophyll-a Concentration in Southern Sea Region (mg/m³):', southChlor);
print('Chlorophyll-a Concentration in Northern Sea of Java (mg/m³):', northChlor);
print('Is Southern Region Concentration Higher?', ee.Number(southChlor).gt(northChlor));
print('Difference (South - North) in mg/m³:', ee.Number(southChlor).subtract(northChlor));

// Load true color RGB data for the same date
// Use MODIS Terra Surface Reflectance for RGB visualization
var modisRGB = ee.ImageCollection('MODIS/006/MOD09GA')
               .filter(ee.Filter.date(studyDate, ee.Date.parse('yyyy-MM-dd', studyDate).advance(1, 'day')));

// Define RGB visualization
var rgbVis = {
  min: 0,
  max: 3000,
  bands: ['sur_refl_b01', 'sur_refl_b04', 'sur_refl_b03'],
};

// Create a composite for RGB
var rgbImage = modisRGB.mean();

// Set map center between the two points
var centerLon = (108.055382 + 109.509897) / 2;
var centerLat = (-9.159546 + -5.946943) / 2;
Map.setCenter(centerLon, centerLat, 7);

// Add layers to map
Map.addLayer(rgbImage, rgbVis, 'RGB Image (August 4, 2019)');
Map.addLayer(chlorImage, chlorVis, 'Chlorophyll-a Concentration');

// Add the analysis regions
Map.addLayer(southRegion, {color: 'yellow'}, 'Southern Sea Region');
Map.addLayer(northRegion, {color: 'red'}, 'Northern Sea of Java');

// Add points for exact locations
Map.addLayer(ee.FeatureCollection([
  ee.Feature(southPoint, {name: 'South Point'}),
  ee.Feature(northPoint, {name: 'North Point'})
]), {color: 'white'}, 'Analysis Points');

// Create a mask showing where chlorophyll is higher than a threshold
var highChlorThreshold = 0.5; // 0.5 mg/m³ threshold (adjust based on typical values)
var highChlorMask = chlorImage.gt(highChlorThreshold);
Map.addLayer(highChlorMask.selfMask(), {palette: ['green']}, 'Areas of High Chlorophyll', false);

// Optional: add labels to the points
// Note: Earth Engine doesn't support text labels directly, so we use points with distinctive styling

// Optional: Create a more detailed analysis comparing the distribution of values
// Calculate additional statistics
var extendedSouthStats = chlorImage.reduceRegion({
  reducer: ee.Reducer.mean().combine({
    reducer2: ee.Reducer.stdDev(),
    sharedInputs: true
  }).combine({
    reducer2: ee.Reducer.percentile([25, 50, 75]),
    sharedInputs: true
  }).combine({
    reducer2: ee.Reducer.minMax(),
    sharedInputs: true
  }),
  geometry: southRegion,
  scale: 1000,
  maxPixels: 1e9
});

var extendedNorthStats = chlorImage.reduceRegion({
  reducer: ee.Reducer.mean().combine({
    reducer2: ee.Reducer.stdDev(),
    sharedInputs: true
  }).combine({
    reducer2: ee.Reducer.percentile([25, 50, 75]),
    sharedInputs: true
  }).combine({
    reducer2: ee.Reducer.minMax(),
    sharedInputs: true
  }),
  geometry: northRegion,
  scale: 1000,
  maxPixels: 1e9
});

print('Extended Statistics - Southern Region:', extendedSouthStats);
print('Extended Statistics - Northern Region:', extendedNorthStats);",v1,102
"Were black carbon AODs near the east of Australia, specifically within a 100km radius about (-34.344553, 157.706220), up during November 2019 to February 2020 in comparison to the same time the prior year? ",,https://earthobservatory.nasa.gov/images/149039/australian-fires-fueled-unprecedented-blooms,," In those two regions, black carbon aerosol values were also 300 percent higher than normal, a level unprecedented in the 17-year aerosol record.",,,,,,v2,103
"Were chlorophyll concertrations at 100km radius around (-41.729403, -125.410394) up during November 2019 to February 2020 in comparison to the same time the prior year?",,https://earthobservatory.nasa.gov/images/149039/australian-fires-fueled-unprecedented-blooms,,The researchers identified two regions south and east of Australia where chlorophyll concentrations were double the normal seasonal levels—values never before observed in the 22-year satellite record.,,,MODIS-Aqua,https://code.earthengine.google.com/1d2175479cc2091d52e364566784c453,,v2,104
"Were chlorophyll concertrations at 100km radius around (-45.432798, 140.468626) up during November 2019 to February 2020 in comparison to the same time the prior year?",,https://earthobservatory.nasa.gov/images/149039/australian-fires-fueled-unprecedented-blooms,,The researchers identified two regions south and east of Australia where chlorophyll concentrations were double the normal seasonal levels—values never before observed in the 22-year satellite record.,,,,https://code.earthengine.google.com/bca35cac3d8ad699e2700abd2bbd48fb,,v2,105
Was the vegetation cover near the Damietta branch of the Nile mouth greater in 1984 than in 2021? ,,https://earthobservatory.nasa.gov/images/149183/the-nile-deltas-disappearing-farmland,,,,,Landsat 5-8,,,v2,106
Was the vegetation cover near the Rosetta branch of the Nile mouth greater in 1984 than in 2021? ,,https://earthobservatory.nasa.gov/images/149183/the-nile-deltas-disappearing-farmland,,,,,Landsat 5-8,,,v2,107
"Between September through November 2021, did Seattle experience at least 40cm of rainfall?",,https://earthobservatory.nasa.gov/images/149195/soggy-autumn-in-the-pacific-northwest,,Ground-based observers in Seattle recorded about 48 centimeters (19 inches) of rain from September through November—the largest amount since records began in 1945,,,,,,v2,108
"Did Bellingham, Washington experience at least 30cm of rainfall between September and November 2021?",,https://earthobservatory.nasa.gov/images/149195/soggy-autumn-in-the-pacific-northwest,," Farther north, a record 37.01 centimeters (14.57 inches) fell in Bellingham, Washington",,,,,,v2,109
"In November 2021, did Seattle experience less than 20cm of rainfall?",no,https://earthobservatory.nasa.gov/images/149195/soggy-autumn-in-the-pacific-northwest,,"Just over 25 centimeters (10 inches) fell in November alone, raining on all but five days of the month",,,,,,v2,110
Was the rainfall in Seattle between September through November in 2021 larger than that in 2020 and in 2019? ,,https://earthobservatory.nasa.gov/images/149195/soggy-autumn-in-the-pacific-northwest,,"Just over 25 centimeters (10 inches) fell in November alone, raining on all but five days of the month

Ground-based observers in Seattle recorded about 48 centimeters (19 inches) of rain from September through November—the largest amount since records began in 1945",,,CHIRPS,,,v2,111
"Was the soil in Washington more moist on November 22, 2021 than November 15, 2021?",no,https://earthobservatory.nasa.gov/images/149195/soggy-autumn-in-the-pacific-northwest,,"Notice the vast expanse of wetter-than-usual (dark blue) soils on November 15, the third day of a potent storm.

Notice that by November 22, parts of western Washington and southern British Columbia do not look quite as wet.",,,,,,v2,112
"Does the sea surface temperature in the eastern tropical Pacific decrease in November 2021, compared with the long-term average during November?",,https://earthobservatory.nasa.gov/images/149201/la-nina-returns-for-a-second-winter,,"1. In a report released on December 9, 2021, the NOAA Climate Prediction Center noted that sea surface temperatures in November in the eastern tropical Pacific ranged from 0.7 to 1.2 degrees Celsius below the long-term average and 0.9°C below average in the Niño 3.4 region of the tropical Pacific (from 170° to 120° West longitude).",,,,https://code.earthengine.google.com/db356bfd69827ba44ce49f5a84cc71d5,"// Define the study period - November 2021
var startDate = '2021-11-01';
var endDate = '2021-11-30';

// Define the eastern tropical Pacific region (approximately 10°N to 10°S, 90°W to 150°W)
var easternTropicalPacific = ee.Geometry.Rectangle([-150, -10, -90, 10]);

// Load NOAA sea surface temperature data for November 2021
var sstCollection = ee.ImageCollection('NOAA/CDR/OISST/V2_1')
                    .filter(ee.Filter.date(startDate, endDate));

// Extract the sea surface temperature band
var sst = sstCollection.select('sst');

// Get the mean SST for November 2021
var sstMean = sst.mean();

// Convert from Kelvin*100 to Celsius
var sstCelsius = sstMean.multiply(0.01);

// Define the climatology period (e.g., 1985-2015)
var startClimatology = '1985-01-01';
var endClimatology = '2015-12-31';

// Calculate the long-term November average across multiple years
var climatologyCollection = ee.ImageCollection('NOAA/CDR/OISST/V2_1')
                            .filter(ee.Filter.date(startClimatology, endClimatology))
                            .filter(ee.Filter.calendarRange(11, 11, 'month')); // November only

// Calculate the long-term average SST for November
var climatologyMean = climatologyCollection.select('sst').mean();
var climatologyMeanCelsius = climatologyMean.multiply(0.01);

// Calculate the anomaly (difference from the long-term average)
// Negative values indicate temperatures below the long-term average
var anomaly = sstCelsius.subtract(climatologyMeanCelsius);

// Define visualization parameters for SST
var sstVis = {
  min: 20,
  max: 30,
  palette: ['000022', '0000ff', '00ffff', 'ffff00', 'ff0000', '990000'],
};

// Define visualization parameters for SST anomaly
var anomalyVis = {
  min: -3,
  max: 3,
  palette: ['blue', 'lightblue', 'white', 'pink', 'red'],
};

// Calculate statistics for the eastern tropical Pacific region
var regionStats = anomaly.reduceRegion({
  reducer: ee.Reducer.mean(),
  geometry: easternTropicalPacific,
  scale: 25000, // 25km scale for regional analysis
  maxPixels: 1e9
});


// Extract values
var meanAnomaly = regionStats.get('sst');

// Also get the actual November 2021 mean temperature
var tempStats = sstCelsius.reduceRegion({
  reducer: ee.Reducer.mean(),
  geometry: easternTropicalPacific,
  scale: 25000,
  maxPixels: 1e9
});

var meanTemp = tempStats.get('sst');

// Get the climatology temperature
var climateStats = climatologyMeanCelsius.reduceRegion({
  reducer: ee.Reducer.mean(),
  geometry: easternTropicalPacific,
  scale: 25000,
  maxPixels: 1e9
});

var climateTemp = climateStats.get('sst');

// Print results
print('Analysis Period: November 2021');
print('Region: Eastern Tropical Pacific (10°N to 10°S, 90°W to 150°W)');
print('Mean SST for November 2021 (°C):', meanTemp);
print('Long-term November Mean (1985-2015) (°C):', climateTemp);
print('Mean Temperature Anomaly (°C):', meanAnomaly);
print('Is the Eastern Tropical Pacific Cooler than Normal?', ee.Number(meanAnomaly).lt(0));

// Set map center to eastern tropical Pacific
Map.setCenter(-120, 0, 3);

// Add layers to map
Map.addLayer(sstCelsius, sstVis, 'November 2021 Sea Surface Temperature (°C)');
Map.addLayer(anomaly, anomalyVis, 'November 2021 Temperature Anomaly (°C)');
Map.addLayer(easternTropicalPacific, {color: 'yellow'}, 'Eastern Tropical Pacific Region');

// Create masks showing where the anomaly is below or above normal
var coolAnomalyMask = anomaly.lt(0);
var warmAnomalyMask = anomaly.gt(0);
Map.addLayer(coolAnomalyMask.selfMask(), {palette: ['blue']}, 'Areas Cooler Than Normal', false);
Map.addLayer(warmAnomalyMask.selfMask(), {palette: ['red']}, 'Areas Warmer Than Normal', false);

// Add a specific La Niña threshold mask (typically around -0.5°C or below indicates La Niña conditions)
var laNinaMask = anomaly.lt(-0.5);
Map.addLayer(laNinaMask.selfMask(), {palette: ['purple']}, 'Potential La Niña Conditions', false);",v1,113
Does the water surface area of Lake Tuz in Turkey decrease in August 2016 compared to August 1988?,,https://earthobservatory.nasa.gov/images/149211/disappearing-lake-tuz,,"1. The maps revealed two distinct periods. Prior to 2000, Lake Tuz generally contained enough water in August for the lake to be considered permanent. From 1985 through 2000, water filled more than 20 percent of the lake (based on the current shoreline) in all years except 1992 and 1994.
2. After the year 2000, there was a distinct shift. Between 2001 and 2016, water spanned less than 20 percent of the lake in every August (except 2015) as droughts became more frequent and intense. In 2008 and 2016, the lake completely dried up. ",,,,https://code.earthengine.google.com/596c940c1d8f710d8661312477dbe4ac,"// Define the region of interest for Lake Tuz in Turkey
var geometry = ee.Geometry.Rectangle([
  33.1, 38.6,  // Min longitude, min latitude
  34.0, 39.1   // Max longitude, max latitude
]);

// Load Landsat 5 (1988) and Landsat 8 (2016) collections for August
var dataset_1988 = ee.ImageCollection('LANDSAT/LT05/C02/T1_L2')
    .filterDate('1988-08-01', '1988-08-31')
    .filterBounds(geometry);

var dataset_2016 = ee.ImageCollection('LANDSAT/LC08/C02/T1_L2')
    .filterDate('2016-08-01', '2016-08-31')
    .filterBounds(geometry);

// Function to apply scaling factors for Landsat 8
function applyScaleFactorsL8(image) {
  var opticalBands = image.select('SR_B.').multiply(0.0000275).add(-0.2);
  return image.addBands(opticalBands, null, true);
}

// Function to apply scaling factors for Landsat 5
function applyScaleFactorsL5(image) {
  var opticalBands = image.select('SR_B.').multiply(0.0000275).add(-0.2);
  return image.addBands(opticalBands, null, true);
}

// Apply scaling factors
dataset_2016 = dataset_2016.map(applyScaleFactorsL8);
dataset_1988 = dataset_1988.map(applyScaleFactorsL5);

// Calculate MNDWI for Landsat 8 (2016)
function calculateMNDWI_L8(image) {
  // MNDWI = (Green - SWIR) / (Green + SWIR)
  // For Landsat 8, Green is B3 and SWIR1 is B6
  var green = image.select('SR_B3');
  var swir1 = image.select('SR_B6');
  var mndwi = green.subtract(swir1).divide(green.add(swir1)).rename('MNDWI');
  return image.addBands(mndwi);
}

// Calculate MNDWI for Landsat 5 (1988)
function calculateMNDWI_L5(image) {
  // For Landsat 5, Green is B2 and SWIR1 is B5
  var green = image.select('SR_B2');
  var swir1 = image.select('SR_B5');
  var mndwi = green.subtract(swir1).divide(green.add(swir1)).rename('MNDWI');
  return image.addBands(mndwi);
}

// Apply MNDWI calculation to both datasets
var dataset_2016_with_mndwi = dataset_2016.map(calculateMNDWI_L8);
var dataset_1988_with_mndwi = dataset_1988.map(calculateMNDWI_L5);

// Create a binary water mask where MNDWI > 0
function createWaterMask(image) {
  var waterMask = image.select('MNDWI').gt(0);
  return waterMask.rename('water_mask');
}

// Get the median image from each collection for analysis
var image_2016 = dataset_2016_with_mndwi.median();
var image_1988 = dataset_1988_with_mndwi.median();

// Create water masks
var waterMask_2016 = createWaterMask(image_2016);
var waterMask_1988 = createWaterMask(image_1988);

// Calculate the area of water within the region
// Scale is set to 30 meters (Landsat resolution)
var area_2016 = waterMask_2016.multiply(ee.Image.pixelArea()).reduceRegion({
  reducer: ee.Reducer.sum(),
  geometry: geometry,
  scale: 30,
  maxPixels: 1e12
});

var area_1988 = waterMask_1988.multiply(ee.Image.pixelArea()).reduceRegion({
  reducer: ee.Reducer.sum(),
  geometry: geometry,
  scale: 30,
  maxPixels: 1e12
});

// Get area in square meters
var waterArea_2016 = area_2016.get('water_mask');
var waterArea_1988 = area_1988.get('water_mask');

// Convert to square kilometers for easier interpretation
var waterAreaSqKm_2016 = ee.Number(waterArea_2016).divide(1e6);
var waterAreaSqKm_1988 = ee.Number(waterArea_1988).divide(1e6);

// Calculate the change in water area between 1988 and 2016
var waterAreaChange = waterAreaSqKm_2016.subtract(waterAreaSqKm_1988);
var percentChange = waterAreaSqKm_2016.subtract(waterAreaSqKm_1988).divide(waterAreaSqKm_1988).multiply(100);

// Print results
print('Water Area 1988 (sq km):', waterAreaSqKm_1988);
print('Water Area 2016 (sq km):', waterAreaSqKm_2016);
print('Change in Water Area 1988-2016 (sq km):', waterAreaChange);
print('Percent Change in Water Area 1988-2016 (%):', percentChange);

// Visualize the RGB images
var vizParams_L8 = {
  bands: ['SR_B4', 'SR_B3', 'SR_B2'],
  min: 0.0,
  max: 0.3,
};

var vizParams_L5 = {
  bands: ['SR_B3', 'SR_B2', 'SR_B1'],
  min: 0.0,
  max: 0.3,
};

// Visualize MNDWI
var mndwiVis = {
  min: -1,
  max: 1,
  palette: ['red', 'white', 'blue']
};

// Add RGB and MNDWI layers to the map
Map.centerObject(geometry, 9);
Map.addLayer(image_1988, vizParams_L5, 'RGB (1988)');
Map.addLayer(image_2016, vizParams_L8, 'RGB (2016)');
Map.addLayer(image_1988.select('MNDWI'), mndwiVis, 'MNDWI 1988');
Map.addLayer(image_2016.select('MNDWI'), mndwiVis, 'MNDWI 2016');

// Add water mask layers to the map
Map.addLayer(waterMask_1988, {palette: ['white', 'blue']}, 'Water Mask 1988');
Map.addLayer(waterMask_2016, {palette: ['white', 'blue']}, 'Water Mask 2016');",v1,114
"Was the nighttime brightness over Mayfield, Kentucky higher in November 2021 than on December 10-12, 2021?",,https://earthobservatory.nasa.gov/images/149215/nighttime-images-detail-kentucky-blackout,,,,,,,,v2,115
"Was water extent in the Sudd wetlands, South Sudan near Bor on December 4, 2021 higher than on December 6, 2019?",,https://earthobservatory.nasa.gov/images/149217/south-sudan-submerged,,"Radar altimetry data posted as part of NASA’s Global Water Monitor shows that water elevations above sea level in the Sudd wetlands near Bor reached as high as 420.5 meters (275.6 feet) in November 2021, a high for satellite data records that date to 1992.",,,,,,v2,116
"Does the land covered by lava flows increase in the Todoque and El Paraíso areas of La Palma between May 21, 2021 and December 15, 2021?",,https://earthobservatory.nasa.gov/images/149231/a-changed-landscape-on-la-palma,,"1. Pictures in the article. The Operational Land Imager (OLI) on Landsat 8 captured this pair of natural-color images showing how drastically the Todoque and El Paraíso areas have changed. The first image was acquired on May 21, 2021; the second shows the same area on December 15, 2021.",,,,https://code.earthengine.google.com/cd797d8d9bfcd641c7b435cfea54dd31,"// Define the area of interest (Todoque and El Paraíso areas of La Palma)
var geometry = ee.Geometry.Rectangle([
  -17.926632, 28.608702,  // West, South
  -17.874450, 28.627623   // East, North
]);

// Create a visualization boundary for better context
var laPalmaIsland = ee.FeatureCollection('FAO/GAUL/2015/level1')
  .filter(ee.Filter.eq('ADM1_NAME', 'Santa Cruz de Tenerife'));

// Define time periods for comparison
var before_start = '2021-05-15';
var before_end = '2021-05-25';  // Centered around May 21, 2021
var after_start = '2021-12-10';
var after_end = '2021-12-20';   // Centered around December 15, 2021

// Load Landsat 8 collections for both time periods
var landsat_before = ee.ImageCollection('LANDSAT/LC08/C02/T1_L2')
  .filterBounds(geometry)
  .filterDate(before_start, before_end);

var landsat_after = ee.ImageCollection('LANDSAT/LC08/C02/T1_L2')
  .filterBounds(geometry)
  .filterDate(after_start, after_end);

// Print collection sizes to verify data availability
print('Number of images before:', landsat_before.size());
print('Number of images after:', landsat_after.size());

// Function to apply scale factors to convert to reflectance
function applyScaleFactors(image) {
  var opticalBands = image.select('SR_B.').multiply(0.0000275).add(-0.2);
  var thermalBands = image.select('ST_B.*').multiply(0.00341802).add(149.0);
  return image.addBands(opticalBands, null, true)
              .addBands(thermalBands, null, true);
}

// Apply scale factors to both collections
var landsat_before_scaled = landsat_before.map(applyScaleFactors);
var landsat_after_scaled = landsat_after.map(applyScaleFactors);

// Create median composites for both periods
var before_img = landsat_before_scaled.median();
var after_img = landsat_after_scaled.median();

// RGB visualization parameters
var rgbVis = {
  bands: ['SR_B4', 'SR_B3', 'SR_B2'],
  min: 0.0,
  max: 0.25,
};

// Define a specialized visualization for lava flows (highlighting hot areas)
var lavaVis = {
  bands: ['SR_B7', 'SR_B5', 'SR_B4'],  // SWIR2, NIR, Red
  min: 0.0,
  max: 0.3,
};

// Function to detect lava using spectral indices
function detectLava(image) {
  // Calculate Normalized Burn Ratio (NBR)
  // NBR = (NIR - SWIR) / (NIR + SWIR)
  // For Landsat 8: NIR is B5, SWIR is B7
  var nir = image.select('SR_B5');
  var swir2 = image.select('SR_B7');
  var nbr = nir.subtract(swir2).divide(nir.add(swir2)).rename('NBR');
  
  // Calculate thermal anomalies using thermal band
  var thermal = image.select('ST_B10');
  var hotSpots = thermal.gt(320);  // Threshold for hot areas in Kelvin
  
  // Combine indices: lower NBR indicates burnt/lava areas
  var lavaIndex = nbr.lt(-0.1);  // Threshold for lava
  
  return lavaIndex.rename('lava_mask');
}

// Create lava masks for both dates
var lava_before = detectLava(before_img);
var lava_after = detectLava(after_img);

// Calculate new lava flows (after - before)
var new_lava = lava_after.and(lava_before.not());

// Calculate area of lava flows
var area_before = lava_before.multiply(ee.Image.pixelArea()).reduceRegion({
  reducer: ee.Reducer.sum(),
  geometry: geometry,
  scale: 30,
  maxPixels: 1e9
});

var area_after = lava_after.multiply(ee.Image.pixelArea()).reduceRegion({
  reducer: ee.Reducer.sum(),
  geometry: geometry,
  scale: 30,
  maxPixels: 1e9
});

var area_new = new_lava.multiply(ee.Image.pixelArea()).reduceRegion({
  reducer: ee.Reducer.sum(),
  geometry: geometry,
  scale: 30,
  maxPixels: 1e9
});

// Convert to square kilometers
var lavaAreaBefore = ee.Number(area_before.get('lava_mask')).divide(1e6);
var lavaAreaAfter = ee.Number(area_after.get('lava_mask')).divide(1e6);
var newLavaArea = ee.Number(area_new.get('lava_mask')).divide(1e6);

// Print results
print('Lava area in May 2021 (sq km):', lavaAreaBefore);
print('Lava area in December 2021 (sq km):', lavaAreaAfter);
print('New lava area (sq km):', newLavaArea);
print('Percentage increase:', lavaAreaAfter.subtract(lavaAreaBefore).divide(lavaAreaBefore).multiply(100));

// Center map on area of interest
Map.centerObject(geometry, 12);

// Add layers to map
Map.addLayer(laPalmaIsland, {color: 'gray'}, 'La Palma Island');
Map.addLayer(before_img, rgbVis, 'RGB Before (May 2021)', false);
Map.addLayer(after_img, rgbVis, 'RGB After (December 2021)');
Map.addLayer(before_img, lavaVis, 'SWIR Composite Before (May 2021)', false);
Map.addLayer(after_img, lavaVis, 'SWIR Composite After (December 2021)', false);
Map.addLayer(lava_before, {palette: ['black', 'yellow']}, 'Lava Extent Before (May 2021)');
Map.addLayer(lava_after, {palette: ['black', 'red']}, 'Lava Extent After (December 2021)');
Map.addLayer(new_lava, {palette: ['black', 'orange']}, 'New Lava Flows');
Map.addLayer(geometry, {color: 'blue', fillColor: '00000000'}, 'Study Area');

// Create a visualization to highlight changes
var changeVis = {
  bands: ['SR_B7', 'SR_B5', 'SR_B4'],
  min: 0.0,
  max: 0.25,
};

// Add a threshold-based visualization to better highlight changes
var lavaChange = after_img.select('ST_B10').subtract(before_img.select('ST_B10'));
Map.addLayer(lavaChange, {min: 0, max: 50, palette: ['black', 'yellow', 'orange', 'red']}, 'Thermal Change');

// Assess the impact of the eruption by calculating NDVI change
function calculateNDVI(image) {
  return image.normalizedDifference(['SR_B5', 'SR_B4']).rename('NDVI');
}

var ndvi_before = calculateNDVI(before_img);
var ndvi_after = calculateNDVI(after_img);
var ndvi_change = ndvi_after.subtract(ndvi_before);

Map.addLayer(ndvi_before, {min: -0.2, max: 0.8, palette: ['brown', 'white', 'green']}, 'NDVI Before', false);
Map.addLayer(ndvi_after, {min: -0.2, max: 0.8, palette: ['brown', 'white', 'green']}, 'NDVI After', false);
Map.addLayer(ndvi_change, {min: -0.5, max: 0.5, palette: ['red', 'white', 'blue']}, 'NDVI Change', false);

// Add a title to the map
var title = ui.Label('La Palma Lava Flow Analysis (May-December 2021)', {
  fontSize: '18px',
  fontWeight: 'bold',
  position: 'top-center'
});
Map.add(title);

// Final assessment text
if (lavaAreaAfter.subtract(lavaAreaBefore).gt(0)) {
  print('CONCLUSION: Lava-covered area increased between May and December 2021');
} else {
  print('CONCLUSION: No significant increase in lava-covered area');
}",v1,117
"Between October 2021 and November 2021, did southern Ethiopia receive less rainfall than its long-term average for the same months from 2000 to 2013?",,https://earthobservatory.nasa.gov/images/149294/failed-rainy-seasons-create-food-emergency-in-eastern-africa,,"Tropical countries within the Horn of Africa tend to have two rainy seasons: the gu in March, April, and May, and the deyr in October, November, and December. The 2020 and 2021 deyr seasons were both substantially drier than normal, and the 2021 gu also came up short.

The map at the top right shows anomalies in the Normalized Difference Vegetation Index (NDVI), a satellite-derived product used to assess crop conditions. NDVI measures the health, or “greenness,” of vegetation based on how much red and near-infrared light the leaves reflect. Healthy vegetation reflects more infrared light and less visible light than stressed vegetation. The map compares NDVI from December 2021 with the long-term average from 2000 to 2013.",,,,https://code.earthengine.google.com/099ce1b4c8fdeb0b35a16d9368ddfe2d,"// Define a representative geometry for Southern Ethiopia.
// This is an approximate polygon covering parts of Somali, Oromia, and SNNP regions.
var southernEthiopia = ee.Geometry.Polygon([[
  [37.00, 3.50],
  [43.00, 3.50],
  [43.00, 7.00],
  [37.00, 7.00],
  [37.00, 3.50]
]]);

// Center the map on the area of interest.
Map.centerObject(southernEthiopia, 6);

// --- Period of Interest: October-November 2021 ---

// Define the start and end dates for the period of interest.
var startDate_2021 = ee.Date('2021-10-01');
var endDate_2021 = ee.Date('2021-11-30');

// Load the CHIRPS Daily precipitation dataset.
var chirps = ee.ImageCollection('UCSB-CHG/CHIRPS/DAILY');

// Filter the dataset for the 2021 period and the region.
var rainfall_2021 = chirps
    .filterDate(startDate_2021, endDate_2021)
    .filterBounds(southernEthiopia);

// Calculate the total rainfall for the 2021 period.
var totalRainfall_2021 = rainfall_2021.sum();

// Calculate the mean total rainfall within the Southern Ethiopia region for 2021.
var meanRainfall_2021 = totalRainfall_2021.reduceRegion({
  reducer: ee.Reducer.mean(),
  geometry: southernEthiopia,
  scale: 5566, // CHIRPS resolution in meters
  maxPixels: 1e9
});

print('Total Rainfall (Oct-Nov 2021) in mm:', meanRainfall_2021.get('precipitation'));

// --- Baseline Period: October-November from 2000-2013 ---

// Define the baseline years.
var startYear = 2000;
var endYear = 2013;
var years = ee.List.sequence(startYear, endYear);

// Function to calculate total rainfall for Oct-Nov for a given year.
var yearlyRainfall = function(year) {
  var startDate = ee.Date.fromYMD(year, 10, 1);
  var endDate = ee.Date.fromYMD(year, 11, 30);
  var total = chirps
      .filterDate(startDate, endDate)
      .filterBounds(southernEthiopia)
      .sum();
  return total;
};

// Map the function over the baseline years to get a collection of total rainfall images.
var yearlyTotals = ee.ImageCollection.fromImages(
  years.map(yearlyRainfall)
);

// Calculate the mean of the yearly total rainfall images.
var longTermAverage = yearlyTotals.mean();

// Calculate the mean long-term average rainfall within the Southern Ethiopia region.
var meanLongTermAverage = longTermAverage.reduceRegion({
  reducer: ee.Reducer.mean(),
  geometry: southernEthiopia,
  scale: 5566,
  maxPixels: 1e9
});

print('Long-Term Average Rainfall (Oct-Nov, 2000-2013) in mm:', meanLongTermAverage.get('precipitation'));

// --- Visualization ---

// Define visualization parameters for rainfall.
var precipVis = {
  min: 0,
  max: 200,
  palette: ['white', 'blue']
};

// Add layers to the map.
Map.addLayer(longTermAverage.clip(southernEthiopia), precipVis, 'Long-Term Average (2000-2013)');
Map.addLayer(totalRainfall_2021.clip(southernEthiopia), precipVis, 'Total Rainfall (2021)');
Map.addLayer(southernEthiopia, {color: 'FF0000'}, 'Southern Ethiopia AOI', false);",v2,118
"Between October 2021 and November 2021, did southern Ethiopia receive less rainfall than northern Ethiopia relative its long-term average for the same months from 2000 to 2013?",,https://earthobservatory.nasa.gov/images/149294/failed-rainy-seasons-create-food-emergency-in-eastern-africa,,"The map at the top right shows anomalies in the Normalized Difference Vegetation Index (NDVI), a satellite-derived product used to assess crop conditions. NDVI measures the health, or “greenness,” of vegetation based on how much red and near-infrared light the leaves reflect. Healthy vegetation reflects more infrared light and less visible light than stressed vegetation. The map compares NDVI from December 2021 with the long-term average from 2000 to 2013.",,,,https://code.earthengine.google.com/6632ae88f471a853138a64e239bc3109,"// Define representative geometries for Southern and Northern Ethiopia.
var southernEthiopia = ee.Geometry.Polygon([[
  [37.00, 3.50], [43.00, 3.50], [43.00, 7.00], [37.00, 7.00], [37.00, 3.50]
]]);
var northernEthiopia = ee.Geometry.Polygon([[
  [36.50, 9.50], [40.00, 9.50], [40.00, 14.50], [36.50, 14.50], [36.50, 9.50]
]]);

// Center the map to view both regions and add them as layers.
Map.centerObject(ee.Geometry.Point(39, 9), 5);
Map.addLayer(southernEthiopia, {color: 'FF0000'}, 'Southern Ethiopia AOI');
Map.addLayer(northernEthiopia, {color: '0000FF'}, 'Northern Ethiopia AOI');

// Load the CHIRPS Daily precipitation dataset.
var chirps = ee.ImageCollection('UCSB-CHG/CHIRPS/DAILY');

// --- Define Time Periods ---
var anomalyStartDate = '2021-10-01';
var anomalyEndDate = '2021-11-30';
var baselineStartYear = 2000;
var baselineEndYear = 2013;

// --- Function to Calculate and Print Rainfall Anomaly ---
var calculateRainfallAnomaly = function(region, regionName) {
  // 1. Calculate Total Rainfall for Oct-Nov 2021
  var rainfall2021 = chirps
      .filter(ee.Filter.date(anomalyStartDate, anomalyEndDate))
      .sum();

  var meanRainfall2021 = rainfall2021.reduceRegion({
    reducer: ee.Reducer.mean(),
    geometry: region,
    scale: 5000, // Scale in meters for the reducer
    maxPixels: 1e9
  }).get('precipitation');

  // 2. Calculate Long-Term Average for Oct-Nov (2000-2013)
  var baselineYears = ee.List.sequence(baselineStartYear, baselineEndYear);

  var yearlyTotals = ee.ImageCollection.fromImages(
    baselineYears.map(function(year) {
      var startDate = ee.Date.fromYMD(year, 10, 1);
      var endDate = ee.Date.fromYMD(year, 11, 30);
      return chirps
          .filter(ee.Filter.date(startDate, endDate))
          .sum()
          .set('year', year);
    })
  );

  var longTermAverage = yearlyTotals.mean();

  var meanLongTermAverage = longTermAverage.reduceRegion({
    reducer: ee.Reducer.mean(),
    geometry: region,
    scale: 5000,
    maxPixels: 1e9
  }).get('precipitation');

  // 3. Calculate the Anomaly (2021 rainfall - long-term average)
  var anomaly = ee.Number(meanRainfall2021).subtract(ee.Number(meanLongTermAverage));
  var anomalyPercentage = anomaly.divide(ee.Number(meanLongTermAverage)).multiply(100);


  // Print the results for the region
  print('--- Results for ' + regionName + ' ---');
  print('Total Rainfall (Oct-Nov 2021) in mm:', meanRainfall2021);
  print('Long-Term Average (2000-2013) in mm:', meanLongTermAverage);
  print('Rainfall Anomaly (2021 vs Average) in mm:', anomaly);
  print('Rainfall Anomaly as % of Average:', anomalyPercentage);
};

// Run the function for both regions
calculateRainfallAnomaly(southernEthiopia, 'Southern Ethiopia');
calculateRainfallAnomaly(northernEthiopia, 'Northern Ethiopia');",v2,119
"Was the cone of Mount Vesuvius, located 12 kilometers southeast of Naples, Italy, fully covered with clouds, as observed with Landsat 8, on January 2, 2022?",No,https://earthobservatory.nasa.gov/images/149298/a-view-of-vesuvius,,"In this natural-color image, acquired on January 2, 2022, by the Operational Land Imager (OLI) on Landsat 8, the cone of Mount Vesuvius appears through a break in the clouds.",,,Landsat 8,,,v2,120
"Was the cone of Mount Vesuvius, located 12 kilometers southeast of Naples, Italy, visible with Landsat 8 on January 2, 2022?",,https://earthobservatory.nasa.gov/images/149298/a-view-of-vesuvius,,"In this natural-color image, acquired on January 2, 2022, by the Operational Land Imager (OLI) on Landsat 8, the cone of Mount Vesuvius appears through a break in the clouds.",,,Landsat 8,,,v2,121
"Was the nighttime brightness over northern part of Isabela Island greater than the southern part of Isabela Island at 1:20 am local time on January 7, 2022?",,https://earthobservatory.nasa.gov/images/149308/a-wolf-awakens-at-night,,"The image, acquired by the VIIRS “day-night band” at 1:20 a.m. local time (7:20 UTC) on January 7, 2022, shows lava spewing from Wolf Volcano, on the northern end of Isabela Island.",,,VIIRS,,,v2,122
"Was the nighttime brightness over Wolf Volcano on Isabela Island brighter on January 7, 2022 then January 6 2022?",,https://earthobservatory.nasa.gov/images/149308/a-wolf-awakens-at-night,,"The image, acquired by the VIIRS “day-night band” at 1:20 a.m. local time (7:20 UTC) on January 7, 2022, shows lava spewing from Wolf Volcano, on the northern end of Isabela Island.",,,VIIRS,https://code.earthengine.google.com/0856d10288f0b33965ab31c0828977c1,"// Wolf Volcano (Galápagos)
var wolfVolcano = ee.Geometry.Point([-91.33, 0.05]);

// Time range: January 1–7, 2022
var startDate = '2022-01-01';
var endDate = '2022-01-08';  // end date exclusive, so include Jan 7

// Load VIIRS Day/Night Band dataset
var dataset = ee.ImageCollection('NOAA/VIIRS/001/VNP46A1')
  .filterDate(startDate, endDate)
  .filterBounds(wolfVolcano)
  .select('DNB_At_Sensor_Radiance_500m');

// Visualization parameters
var dnbVis = {
  min: 0,
  max: 10,
  palette: ['black', 'purple', 'cyan', 'green', 'yellow', 'red', 'white'],
};

// Center map over Wolf Volcano
Map.setCenter(-91.33, 0.05, 8);

// Print available dates
var imageList = dataset.toList(dataset.size());
var n = imageList.size();
print('Number of images found:', n);
print('Dates available:', imageList.map(function(img) {
  return ee.Image(img).date().format('YYYY-MM-dd');
}));

// Add each image (each day) to the map
for (var i = 0; i < 7; i++) {
  var img = ee.Image(imageList.get(i));
  var date = ee.Date(img.get('system:time_start')).format('YYYY-MM-dd');
  Map.addLayer(img, dnbVis, 'DNB Radiance ' + date.getInfo());
}
",v2,123
"Did surface water extent in southern Iran increase on January 7, 2022 compared to December 14, 2021?",,https://earthobservatory.nasa.gov/images/149325/flash-floods-swamp-iran,,"The Moderate Resolution Imaging Spectroradiometer (MODIS) on NASA’s Aqua satellite captured imagery of flooding in southern Iran on January 7, 2022. For comparison, the second image shows the same area on December 14, 2021, before the storms hit. ",,,,,,v2,124
"Does the water in the southeastern coast of Guishan Island (24.83594812988359, 121.96499287870442) exhibit a lighter blue coloration than the northwestern coastal waters (24.84607374884142, 121.93452298429524) on September 29, 2021?",,https://earthobservatory.nasa.gov/images/149363/guishan-island,,"1. Notice the distinct area of light-blue water near the “turtle’s head.” The discoloration is the result of dozens of hydrothermal vents on the seafloor dispensing sulfur-rich volcanic plumes. Sulfur, sulfur bacteria, and gas bubbles make the water surface appear milky white, earning the area the nickname “Milky Sea.”",,,,https://code.earthengine.google.com/1ea76c210edafc83255ec3f1a82877ae,"// Define study points for the ""turtle"" shape of Guishan Island, Taiwan
var turtleHead = ee.Geometry.Point([121.96499287870442, 24.83594812988359]);
var turtleTail = ee.Geometry.Point([121.93452298429524, 24.84607374884142]);

// Create buffer areas around the points for analysis (500m radius)
var tailRegion = turtleTail.buffer(500);
var headRegion = turtleHead.buffer(500);

// Define the study date (September 29, 2021)
var studyDate = '2021-09-29';
var dateRange = ee.DateRange(ee.Date(studyDate).advance(-5, 'day'), ee.Date(studyDate).advance(5, 'day'));

// Load Landsat 8 Surface Reflectance data
var landsat = ee.ImageCollection('LANDSAT/LC08/C02/T1_L2')
  .filterDate(dateRange)
  .filterBounds(ee.Geometry.Rectangle([121.9, 24.8, 122.0, 24.9])) // Bounding box around Guishan Island
  .sort('CLOUD_COVER');

// Print collection size to check if images are available
print('Number of images found:', landsat.size());

// Function to scale the surface reflectance bands
function applyScaleFactors(image) {
  // Select the optical bands and scale them
  var opticalBands = image.select('SR_B.')
    .multiply(0.0000275).add(-0.2);
  // Return the image with scaled bands
  return image.addBands(opticalBands, null, true);
}

// Apply scale factors to the collection
var scaledLandsat = landsat.map(applyScaleFactors);

// Get the least cloudy image from the collection
var image = scaledLandsat.first();

// Check if we have a valid image
var imageDate = image.date().format('YYYY-MM-dd');
print('Selected image date:', imageDate);

// Define RGB and blue band visualization parameters
var trueColorVis = {
  bands: ['SR_B4', 'SR_B3', 'SR_B2'],
  min: 0.0,
  max: 0.3
};

// Center map on Guishan Island
Map.centerObject(tailRegion, 14);

// Add the RGB visualization
Map.addLayer(image, trueColorVis, 'True Color (RGB)');

// Function to detect light-blue water areas
function detectLightBlueWater(image) {
  // Extract blue, green, and red bands
  var blue = image.select('SR_B2');
  var green = image.select('SR_B3');
  var red = image.select('SR_B4');
  
  // Light blue water typically has higher blue reflectance than green and red
  var blueHigherThanGreen = blue.gt(green);
  var blueHigherThanRed = blue.gt(red);
  
  // Blue reflectance in the moderate range for light blue water
  var blueModerateBrightness = blue.gte(0.07).and(blue.lte(0.18));
  
  // Combine conditions to detect light blue water
  var lightBlueWater = blueHigherThanGreen
    .and(blueHigherThanRed)
    .and(blueModerateBrightness);
  
  return lightBlueWater;
}

// Detect light blue water areas
var lightBlueWaterMask = detectLightBlueWater(image);

// Apply the mask to the blue band for visualization
var lightBlueWaterImage = image.select('SR_B2').updateMask(lightBlueWaterMask);

// Add light blue water layer
Map.addLayer(lightBlueWaterImage, {min: 0.07, max: 0.18, palette: ['cyan']}, 'Light Blue Water');

// Add the region boundaries
Map.addLayer(tailRegion, {color: 'red'}, 'Turtle Tail Region');
Map.addLayer(headRegion, {color: 'yellow'}, 'Turtle Head Region');

// Calculate the percentage of light blue water pixels in each region
var tailStats = lightBlueWaterMask.reduceRegion({
  reducer: ee.Reducer.mean(),
  geometry: tailRegion,
  scale: 30, // Landsat resolution
  maxPixels: 1e9
});

var headStats = lightBlueWaterMask.reduceRegion({
  reducer: ee.Reducer.mean(),
  geometry: headRegion,
  scale: 30, // Landsat resolution
  maxPixels: 1e9
});

// Extract values (mean value represents the fraction of pixels that are light blue water)
var tailLightBlueWaterFraction = tailStats.get('SR_B2');
var headLightBlueWaterFraction = headStats.get('SR_B2');

// Convert to percentages for easier interpretation
var tailLightBlueWaterPercent = ee.Number(tailLightBlueWaterFraction).multiply(100);
var headLightBlueWaterPercent = ee.Number(headLightBlueWaterFraction).multiply(100);

// Compare the two regions properly
// The question asks if the tail has LESS light-blue water than the head
var tailHasLessLightBlueWater = ee.Number(tailLightBlueWaterPercent).lt(ee.Number(headLightBlueWaterPercent));

// Check the comparison in the opposite direction too, for verification
var headHasLessLightBlueWater = ee.Number(headLightBlueWaterPercent).lt(ee.Number(tailLightBlueWaterPercent));

// Print results
print('Light Blue Water Percentage in Turtle Tail Region:', tailLightBlueWaterPercent);
print('Light Blue Water Percentage in Turtle Head Region:', headLightBlueWaterPercent);
print('Does the turtle\'s tail region exhibit less light-blue water than the head?', tailHasLessLightBlueWater);
print('Does the turtle\'s head region exhibit less light-blue water than the tail?', headHasLessLightBlueWater);

// Calculate the difference (corrected order for clarity)
var difference = ee.Number(headLightBlueWaterPercent).subtract(tailLightBlueWaterPercent);
print('Difference in Light Blue Water Percentage (Head - Tail):', difference);

// Add detailed analysis layers
// Show the light blue water mask clearly
Map.addLayer(lightBlueWaterMask.selfMask(), {palette: ['cyan']}, 'Light Blue Water Mask');

// Add blue band visualization
Map.addLayer(image.select('SR_B2'), {min: 0.0, max: 0.3, palette: ['black', 'blue', 'cyan', 'white']}, 'Blue Band', false);

// Calculate total water pixels in each region (for context)
var ndwi = image.normalizedDifference(['SR_B3', 'SR_B5']); // NDWI using Green and NIR
var water = ndwi.gt(0.2); // Threshold for water

// Add NDWI-based water mask
Map.addLayer(water.selfMask(), {palette: ['blue']}, 'All Water (NDWI)', false);

// Calculate water percentages
var tailWaterStats = water.reduceRegion({
  reducer: ee.Reducer.mean(),
  geometry: tailRegion,
  scale: 30,
  maxPixels: 1e9
});

var headWaterStats = water.reduceRegion({
  reducer: ee.Reducer.mean(),
  geometry: headRegion,
  scale: 30,
  maxPixels: 1e9
});

// Get water percentages
var tailWaterPercent = ee.Number(tailWaterStats.get('nd')).multiply(100);
var headWaterPercent = ee.Number(headWaterStats.get('nd')).multiply(100);

print('Total Water Percentage in Turtle Tail Region:', tailWaterPercent);
print('Total Water Percentage in Turtle Head Region:', headWaterPercent);

// Calculate the ratio of light blue water to all water
var tailLightBlueToTotalRatio = ee.Number(tailLightBlueWaterPercent).divide(tailWaterPercent);
var headLightBlueToTotalRatio = ee.Number(headLightBlueWaterPercent).divide(headWaterPercent);

print('Ratio of Light Blue Water to All Water in Tail:', tailLightBlueToTotalRatio);
print('Ratio of Light Blue Water to All Water in Head:', headLightBlueToTotalRatio);

// Get pixel counts for each region for additional validation
var pixelCountTail = ee.Number(tailRegion.area()).divide(900); // 30m x 30m = 900 sq m per pixel
var pixelCountHead = ee.Number(headRegion.area()).divide(900);

print('Approximate number of 30m pixels in Tail Region:', pixelCountTail);
print('Approximate number of 30m pixels in Head Region:', pixelCountHead);
",v1,125
"Was the area covered by solar panels in the Bhadla Solar Park in Rajasthan greater than 7,000 hectares in January 2022?",No,https://earthobservatory.nasa.gov/images/149442/soaking-up-sun-in-the-thar-desert,,"Bhadla Solar Park spreads across more than 5700 hectares (22 square miles), an area about one-third the size of Washington, D.C.",,,Landsat 8,,,v2,126
"Between December 2021 and January 2022, was the mean snow cover on Villarrica greater than the 2000 to 2020 average for the same months?",no,https://earthobservatory.nasa.gov/images/149463/chilean-volcano-low-on-snow,, Normalized Difference Snow Index (NDSI) observations from NASA’s Terra satellite indicate that the mean snow cover at Villarrica between December 2021 and January 2022 was substantially less than the 2000-2020 average for the same months.,,,,,,v2,127
"Was there more rainfall near Villarrica during January 1 and December 31, 2021 as compared to 5 years prior?",no,https://earthobservatory.nasa.gov/images/149463/chilean-volcano-low-on-snow,,"“Many stations near Villarica and to the south recorded their lowest accumulations since 1960,” Garreaud said, referring to the precipitation measured by the Chilean Weather Service between January 1 and December 31, 2021.",,,,,,v2,128
"Between 2003 and 2019, did Africa's total land area covered by crops increase by more than 400,000 square kilometers?",,https://earthobservatory.nasa.gov/images/149617/global-croplands-expand,,"With 530,000 square kilometers of new cropland, Africa added the most of any continent.",,,,,,v2,129
"Between 2003 and 2019, did global land area covered by crops increase by at least 5 percent?",,https://earthobservatory.nasa.gov/images/149617/global-croplands-expand,,"According to the GLAD team analysis, the total land area covered by crops has increased , since 2003 by 9 percent, or 1 million square kilometers (about 400,000 square miles).",,,,,,v2,130
"Is there an increase in corn, wheat, and soybean planting from 2003 to 2019 in the Great Plains grasslands, US?",,https://earthobservatory.nasa.gov/images/149617/global-croplands-expand,,"1. In the United States, a trend toward new corn, wheat, and soybean plantings in Great Plains grasslands offset the abandonment of significant amounts of land in the eastern U.S.",,,,https://code.earthengine.google.com/19a29435a2224173bab03ed5ee484af1,"// Define the Great Plains region
var greatPlains = ee.FeatureCollection('RESOLVE/ECOREGIONS/2017')
  .filter(ee.Filter.eq('BIOME_NAME', 'Temperate Grasslands, Savannas & Shrublands'))
  .filter(ee.Filter.eq('REALM', 'Nearctic'));

// Clip to US boundary
var us = ee.FeatureCollection('USDOS/LSIB_SIMPLE/2017')
  .filter(ee.Filter.eq('country_na', 'United States'));
  
var greatPlainsUS = greatPlains.filterBounds(us);

// Function to create a mask for corn, wheat, and soybeans
function getCropMask(image) {
  // Create masks for each crop type
  var cornMask = image.eq(1).or(image.eq(12)).or(image.eq(13));  // Corn, sweet corn, pop corn
  var wheatMask = image.eq(22).or(image.eq(23)).or(image.eq(24));  // Durum, spring, winter wheat
  var soybeanMask = image.eq(5);  // Soybeans
  
  // Combine into a single crop mask
  var cropMask = cornMask.or(wheatMask).or(soybeanMask);
  
  // Add individual crop type bands
  var cornArea = cornMask.selfMask().rename('corn');
  var wheatArea = wheatMask.selfMask().rename('wheat');
  var soybeanArea = soybeanMask.selfMask().rename('soybean');
  
  return ee.Image(cropMask.selfMask())
    .addBands(cornArea)
    .addBands(wheatArea)
    .addBands(soybeanArea);
}

// Function to calculate crop area in square kilometers
function calculateCropArea(image, geometry) {
  var pixelArea = ee.Image.pixelArea();
  
  // Calculate total area for all target crops combined
  var totalArea = pixelArea.updateMask(image.select(0))
    .reduceRegion({
      reducer: ee.Reducer.sum(),
      geometry: geometry,
      scale: 10000,
      maxPixels: 1e12
    });
    
  // Calculate area for each crop type
  var cornArea = pixelArea.updateMask(image.select('corn'))
    .reduceRegion({
      reducer: ee.Reducer.sum(),
      geometry: geometry,
      scale: 10000,
      maxPixels: 1e12
    });
    
  var wheatArea = pixelArea.updateMask(image.select('wheat'))
    .reduceRegion({
      reducer: ee.Reducer.sum(),
      geometry: geometry,
      scale: 10000,
      maxPixels: 1e12
    });
    
  var soybeanArea = pixelArea.updateMask(image.select('soybean'))
    .reduceRegion({
      reducer: ee.Reducer.sum(),
      geometry: geometry,
      scale: 10000,
      maxPixels: 1e12
    });
  
  // Convert to square kilometers
  var totalAreaSqKm = ee.Number(totalArea.get('area')).divide(1e6);
  var cornAreaSqKm = ee.Number(cornArea.get('area')).divide(1e6);
  var wheatAreaSqKm = ee.Number(wheatArea.get('area')).divide(1e6);
  var soybeanAreaSqKm = ee.Number(soybeanArea.get('area')).divide(1e6);
  
  return {
    totalSqKm: totalAreaSqKm,
    cornSqKm: cornAreaSqKm,
    wheatSqKm: wheatAreaSqKm,
    soybeanSqKm: soybeanAreaSqKm
  };
}

// Load the USDA CDL dataset for 2003 and 2019
// Note: The CDL dataset might not be available for some states in early years
var cdl2003 = ee.Image('USDA/NASS/CDL/2003').select('cropland');
var cdl2019 = ee.Image('USDA/NASS/CDL/2019').select('cropland');

// Create crop masks
var crops2003 = getCropMask(cdl2003);
var crops2019 = getCropMask(cdl2019);

// Calculate areas
var area2003 = calculateCropArea(crops2003, greatPlainsUS);
var area2019 = calculateCropArea(crops2019, greatPlainsUS);

// Calculate changes
var totalChange = area2019.totalSqKm.subtract(area2003.totalSqKm);
var cornChange = area2019.cornSqKm.subtract(area2003.cornSqKm);
var wheatChange = area2019.wheatSqKm.subtract(area2003.wheatSqKm);
var soybeanChange = area2019.soybeanSqKm.subtract(area2003.soybeanSqKm);

// Calculate percent changes
var totalPercentChange = totalChange.divide(area2003.totalSqKm).multiply(100);
var cornPercentChange = cornChange.divide(area2003.cornSqKm).multiply(100);
var wheatPercentChange = wheatChange.divide(area2003.wheatSqKm).multiply(100);
var soybeanPercentChange = soybeanChange.divide(area2003.soybeanSqKm).multiply(100);

// Print results
print('Great Plains US Crop Analysis (2003-2019)');
print('2003 Total Crop Area (sq km):', area2003.totalSqKm);
print('2003 Corn Area (sq km):', area2003.cornSqKm);
print('2003 Wheat Area (sq km):', area2003.wheatSqKm);
print('2003 Soybean Area (sq km):', area2003.soybeanSqKm);

print('2019 Total Crop Area (sq km):', area2019.totalSqKm);
print('2019 Corn Area (sq km):', area2019.cornSqKm);
print('2019 Wheat Area (sq km):', area2019.wheatSqKm);
print('2019 Soybean Area (sq km):', area2019.soybeanSqKm);

print('Absolute Change (sq km)');
print('Total Crop Change:', totalChange);
print('Corn Change:', cornChange);
print('Wheat Change:', wheatChange);
print('Soybean Change:', soybeanChange);

print('Percent Change');
print('Total Crop % Change:', totalPercentChange);
print('Corn % Change:', cornPercentChange);
print('Wheat % Change:', wheatPercentChange);
print('Soybean % Change:', soybeanPercentChange);

// Visualization parameters
var cropVis = {
  min: 0,
  max: 1,
  palette: ['yellow']
};

var cornVis = {
  min: 0,
  max: 1,
  palette: ['yellow']
};

var wheatVis = {
  min: 0,
  max: 1,
  palette: ['orange']
};

var soybeanVis = {
  min: 0,
  max: 1,
  palette: ['green']
};

// Center map on the Great Plains
Map.centerObject(greatPlainsUS, 5);

// Add the Great Plains boundary
Map.addLayer(greatPlainsUS, {color: 'gray'}, 'Great Plains US');

// Add 2003 crop layers
Map.addLayer(crops2003.select(0), cropVis, '2003 All Target Crops', false);
Map.addLayer(crops2003.select('corn'), cornVis, '2003 Corn', false);
Map.addLayer(crops2003.select('wheat'), wheatVis, '2003 Wheat', false);
Map.addLayer(crops2003.select('soybean'), soybeanVis, '2003 Soybeans', false);

// Add 2019 crop layers
Map.addLayer(crops2019.select(0), cropVis, '2019 All Target Crops');
Map.addLayer(crops2019.select('corn'), cornVis, '2019 Corn');
Map.addLayer(crops2019.select('wheat'), wheatVis, '2019 Wheat');
Map.addLayer(crops2019.select('soybean'), soybeanVis, '2019 Soybeans');",v1,131
Does cropland area in Brazil increase from 2003 to 2019?,,https://earthobservatory.nasa.gov/images/149621/the-spread-of-soy-in-south-america,,"1. “With only a modest population increase during that time period and a large expansion of cropland, it was also the only large region that saw a per capita increase in cropland area,” said Peter Potapov, co-director of the Global Land and Discovery (GLAD) Lab at the University of Maryland. This was mainly due to rapid expansion of farmland in Brazil, Argentina, Paraguay, Bolivia, and Uruguay.
2. As other GLAD projects have detailed, the area cultivated for soybeans in South America doubled in the past two decades. Most of the new soy crops are located in savanna and dry forest regions—the Cerrado in Brazil and the Gran Chaco in Argentina, Paraguay, and Bolivia.",,,,https://code.earthengine.google.com/95b6c08477fa2aac7a1eb0e15edede0c,"// Analysis of cropland area change in Brazil from 2003 to 2019
// Using Google Earth Engine (GEE) JavaScript API

// Define Brazil boundary using the LSIB dataset
var brazil = ee.FeatureCollection('USDOS/LSIB_SIMPLE/2017')
  .filter(ee.Filter.eq('country_na', 'Brazil'));

// Function to calculate cropland area from MODIS Land Cover Type dataset
function getCroplandArea(year) {
  // Load MODIS Land Cover Type Yearly Global 500m dataset
  // Land cover classification scheme used: IGBP (International Geosphere-Biosphere Programme)
  // Class 12 = Croplands
  // Class 14 = Cropland/Natural Vegetation Mosaics
  var modisLandCover = ee.Image('MODIS/061/MCD12Q1/' + year + '_01_01')
    .select('LC_Type1');
  
  // Create a mask for cropland (class 12) and cropland/natural vegetation mosaics (class 14)
  var croplandMask = modisLandCover.eq(12).or(modisLandCover.eq(14));
  
  // Calculate area in square kilometers
  var area = croplandMask.multiply(ee.Image.pixelArea()).divide(1e6).reduceRegion({
    reducer: ee.Reducer.sum(),
    geometry: brazil,
    scale: 500, // MODIS resolution
    maxPixels: 1e12
  });
  
  return ee.Number(area.get('LC_Type1'));
}

// Calculate cropland area for 2003 and 2019
var croplandArea2003 = getCroplandArea('2003');
var croplandArea2019 = getCroplandArea('2019');

// Calculate change in cropland area
var areaChange = croplandArea2019.subtract(croplandArea2003);
var percentChange = areaChange.divide(croplandArea2003).multiply(100);

// Determine if cropland area increased
var hasIncreased = croplandArea2019.gt(croplandArea2003);

// Let's also create a year-by-year analysis to see the trend
var years = ee.List.sequence(2003, 2019);
var yearlyAreas = years.map(function(year) {
  var area = getCroplandArea(ee.Number(year).format());
  return ee.Feature(null, {
    'year': year,
    'cropland_area_km2': area
  });
});

// Convert the year-by-year results to a feature collection for display
var yearlyAreaCollection = ee.FeatureCollection(yearlyAreas);

// Create a visualization of cropland in 2003 and 2019 for comparison
// Load MODIS Land Cover for both years
var modisLandCover2003 = ee.Image('MODIS/006/MCD12Q1/2003_01_01').select('LC_Type1');
var modisLandCover2019 = ee.Image('MODIS/006/MCD12Q1/2019_01_01').select('LC_Type1');

// Create cropland masks
var cropland2003 = modisLandCover2003.eq(12).or(modisLandCover2003.eq(14));
var cropland2019 = modisLandCover2019.eq(12).or(modisLandCover2019.eq(14));

// Visualization parameters
var croplandVisualization = {
  palette: ['yellow'],
  min: 0,
  max: 1
};

// Create a difference layer to show areas of change
var croplandGained = cropland2019.eq(1).and(cropland2003.eq(0));
var croplandLost = cropland2019.eq(0).and(cropland2003.eq(1));

// Combine into a single image for visualization
var croplandChange = ee.Image(0)
  .where(croplandGained.eq(1), 1)  // Green for gained cropland
  .where(croplandLost.eq(1), -1);  // Red for lost cropland

var changeVisualization = {
  palette: ['red', 'white', 'green'],
  min: -1,
  max: 1
};

// Center map on Brazil
Map.centerObject(brazil, 4);

// Add layers to the map
Map.addLayer(cropland2003.clip(brazil), croplandVisualization, 'Cropland 2003', false);
Map.addLayer(cropland2019.clip(brazil), croplandVisualization, 'Cropland 2019', false);
Map.addLayer(croplandChange.clip(brazil), changeVisualization, 'Cropland Change 2003-2019', true);
Map.addLayer(brazil, {color: 'black', fillColor: '00000000'}, 'Brazil Boundary');

// Print results
print('Brazil Cropland Area Analysis (2003-2019)');
print('Cropland Area in 2003 (km²):', croplandArea2003);
print('Cropland Area in 2019 (km²):', croplandArea2019);
print('Change in Cropland Area (km²):', areaChange);
print('Percent Change in Cropland Area (%):', percentChange);
print('Does cropland area in Brazil increase from 2003 to 2019?', hasIncreased);",v1,132
Did the rate of cropland expansion slow in Africa from 2016-2019 compared to 2004-2007?,no,https://earthobservatory.nasa.gov/images/149624/crop-expansion-accelerates-in-africa,,"While the rate of cropland expansion slowed in South America over the past two decades, it accelerated in Africa. There was a more than twofold increase from 2016–2019 compared to 2004–2007.",,,,,,v2,133
"Did the sea surface temperatures in March 2022 at a location 100 km offshore east of Cairns, Australia, show temperature changes greater than 1°C compared to the overall average water temperatures from 2003 to 2014?",,https://earthobservatory.nasa.gov/images/149666/great-barrier-reef-mass-bleaching-event,https://eoimages.gsfc.nasa.gov/images/imagerecords/149000/149666/gbrssta_mur_202273.jpg,"The most recent episode of warming began with SSTs rising in the waters off Queensland in December 2021, according to NOAA Coral Reef Watch. NOAA researchers monitor SST data from four stations along the 2,300-kilometer (1,400-mile) length of the reef.

In early March 2022, water temperatures spiked and stayed high for several weeks, creating marine heatwave conditions. The map above shows the SST anomalies off the northeast coast of Australia on March 14, 2002, when many areas were more than 2°C (3.6°F) warmer than normal. (Rather than showing absolute temperature, the anomaly reflects the difference between the daily SST and the 12-year average SST from 2003 through 2014.)",landsat_149666,,,,,v2,134
Was nightime brightness around the Aswan High Dam higher than the Grand Ethopian Renaissance Dam in 2016?,,https://earthobservatory.nasa.gov/images/149691/a-grand-new-dam-on-the-nile,,,,,VIIRS,,,v2,135
"Did the shoreline near Rasheed in Egypt retreat inland between July 25, 1984 and August 16, 2021?",,https://earthobservatory.nasa.gov/images/149699/keeping-a-satellite-eye-on-gerd,,,,,Landsat 8,,,v2,136
"Was the water extent around the location (11.184384, 35.114837) greater on February 14, 2022 than on February 6, 2019?",,https://earthobservatory.nasa.gov/images/149699/keeping-a-satellite-eye-on-gerd,,,,,Landsat 8,,,v2,137
"Did the burn scar area near Hermit Park in Santa Fe, New Mexico (35.759, 105.503), increase between April 19, 2022, and April 23, 2022?",,https://earthobservatory.nasa.gov/images/149748/wildfires-scorch-northern-new-mexico,,"Fire season in New Mexico arrived early and aggressively in 2022, fueled by strong, gusty winds, extremely low humidity, and an exceedingly dry landscape. As of April 19, nearly 99 percent of the state was dealing with some level of drought, according to the U.S. Drought Monitor, with 63 percent rated at extreme to exceptional levels of dryness. Amid those conditions, nearly 137,000 acres of forests and grasslands were burning in five major fires across New Mexico on April 25.

The images above provide three satellite views of the area near Santa Fe on April 23. The natural-color and false-color (shortwave infrared and visible light, bands 7-2-1) images were acquired by the Moderate Resolution Imaging Spectroradiometer (MODIS) on NASA’s Aqua satellite. The false-color view makes it easier to distinguish the burn scar on the landscape. The nighttime view was acquired around 2 a.m. local time on April 23 with the Visible Infrared Imaging Radiometer Suite (VIIRS) on the NOAA-NASA Suomi NPP satellite.
",,,,,,v2,138
"Did Donner Pass have over 40 inches of snow water equivelent in January to April, 2022?",no,https://earthobservatory.nasa.gov/images/149798/wild-fluctuations-in-sierra-snow,,"The peak snow water equivalent across the 39-year record (dashed line) usually occurs around March 24, with a median at 37.2 inches. In 2022, SWE peaked at 27.6 inches on January 12 and started falling on February 6. The data in the graph come from the SNOTEL network, which is managed by the U.S. Department of Agriculture.",,,,,,v2,139
Did the snow water equivelent at Donner Pass higher in February than April in 2022?,,https://earthobservatory.nasa.gov/images/149798/wild-fluctuations-in-sierra-snow,,"The peak snow water equivalent across the 39-year record (dashed line) usually occurs around March 24, with a median at 37.2 inches. In 2022, SWE peaked at 27.6 inches on January 12 and started falling on February 6. The data in the graph come from the SNOTEL network, which is managed by the U.S. Department of Agriculture.",,,ERA5,,,v2,140
"Was there more snow in the Sierra Nevada mountains on January 1, 2022, than on April 1 and May 4, 2022?",,https://earthobservatory.nasa.gov/images/149798/wild-fluctuations-in-sierra-snow,,,,,"MODIS-Terra
MODIS-Aqua",,,v2,141
"Did nighttime lights in Obolon, Ukraine, decrease in May 2022 compared to March 2022?",No,https://earthobservatory.nasa.gov/images/150002/tracking-night-lights-in-ukraine,,"After a significant reduction of lights in March, power has slowly been restored and regular human activity has appeared to pick up in several parts of the country, particularly around the capital.",,,,,,v2,142
Does the nighttime light intensity in Kyiv decrease in March 2022 compared to January 2022?,,https://earthobservatory.nasa.gov/images/150002/tracking-night-lights-in-ukraine,,"1. Using the nighttime sensing capabilities of instruments on NOAA–NASA satellites, scientists from NASA’s Goddard Space Flight Center (GSFC) and the Universities Space Research Association (USRA) have observed the changes in light usage around Ukraine since January 2022. 
2. After a significant reduction of lights in March, power has slowly been restored and regular human activity has appeared to pick up in several parts of the country, particularly around the capital.",,,,https://code.earthengine.google.com/db1e383e285c7879fadaea48ecf53639,"// Define the study area: Kyiv, Ukraine
var kyiv = ee.Geometry.Point([30.5234, 50.4501]).buffer(15000); // 15km buffer around Kyiv city center

// Load VIIRS nighttime light data for January 2022
var viirs_jan2022 = ee.ImageCollection('NOAA/VIIRS/DNB/MONTHLY_V1/VCMCFG')
  .filterDate('2022-01-01', '2022-01-31')
  .select('avg_rad')
  .median();
  
// Load VIIRS nighttime light data for March 2022
var viirs_mar2022 = ee.ImageCollection('NOAA/VIIRS/DNB/MONTHLY_V1/VCMCFG')
  .filterDate('2022-03-01', '2022-03-31')
  .select('avg_rad')
  .median();

// Clip the data to our region of interest
var kyiv_lights_jan = viirs_jan2022.clip(kyiv);
var kyiv_lights_mar = viirs_mar2022.clip(kyiv);

// Set visualization parameters for the nighttime lights
var viirsVis = {
  min: 0,
  max: 40,  // Appropriate range for VIIRS radiance values in urban areas
  palette: ['black', 'navy', 'blue', 'aqua', 'yellow', 'white']
};

// Set map center to Kyiv
Map.setCenter(30.5234, 50.4501, 10);

// Add the nighttime light layers
Map.addLayer(kyiv_lights_jan, viirsVis, 'Kyiv Lights January 2022');
Map.addLayer(kyiv_lights_mar, viirsVis, 'Kyiv Lights March 2022');
Map.addLayer(kyiv, {color: 'red'}, 'Kyiv Region', true);

// Calculate mean values for both months
var kyiv_mean_jan = kyiv_lights_jan.reduceRegion({
  reducer: ee.Reducer.mean(),
  geometry: kyiv,
  scale: 500,
  maxPixels: 1e9
});

var kyiv_mean_mar = kyiv_lights_mar.reduceRegion({
  reducer: ee.Reducer.mean(),
  geometry: kyiv,
  scale: 500,
  maxPixels: 1e9
});

// Print mean results to console
print('Kyiv Mean Nighttime Light January 2022:', kyiv_mean_jan);
print('Kyiv Mean Nighttime Light March 2022:', kyiv_mean_mar);

// Extract the radiance values
var jan_mean = kyiv_mean_jan.get('avg_rad');
var mar_mean = kyiv_mean_mar.get('avg_rad');

// Calculate percent change
var percent_change = ee.Number(mar_mean).subtract(jan_mean)
  .divide(jan_mean).multiply(100);

print('Percent change in mean nighttime light intensity (January-March 2022):', percent_change);

// Answer the research question - checking for DECREASE
var comparison_result = ee.Algorithms.If(
  ee.Number(mar_mean).lt(ee.Number(jan_mean)),
  'Yes, the nighttime light intensity in Kyiv, Ukraine decreased in March 2022 compared to January 2022.',
  'No, the nighttime light intensity in Kyiv, Ukraine did not decrease in March 2022 compared to January 2022.'
);

print('Answer to Research Question:', comparison_result);

// Add additional analysis: urban mask to focus only on urban areas
// Use the Global Human Settlement Layer for urban areas
var ghsl = ee.ImageCollection('JRC/GHSL/P2016/SMOD_POP_GLOBE_V1')
  .filter(ee.Filter.date('2015-01-01', '2015-12-31'))
  .first();

// Extract urban areas (classes 2 and 3 are urban clusters and urban centers)
var urbanMask = ghsl.gte(2).clip(kyiv);

// Apply urban mask to the nightlight data
var kyiv_urban_jan = kyiv_lights_jan.updateMask(urbanMask);
var kyiv_urban_mar = kyiv_lights_mar.updateMask(urbanMask);

// Recalculate mean values for urban areas only
var urban_mean_jan = kyiv_urban_jan.reduceRegion({
  reducer: ee.Reducer.mean(),
  geometry: kyiv,
  scale: 500,
  maxPixels: 1e9
});

var urban_mean_mar = kyiv_urban_mar.reduceRegion({
  reducer: ee.Reducer.mean(),
  geometry: kyiv,
  scale: 500,
  maxPixels: 1e9
});

// Print urban-only results
print('Kyiv Urban Areas Mean Nighttime Light January 2022:', urban_mean_jan);
print('Kyiv Urban Areas Mean Nighttime Light March 2022:', urban_mean_mar);

// Calculate urban-only percent change
var urban_jan_mean = urban_mean_jan.get('avg_rad');
var urban_mar_mean = urban_mean_mar.get('avg_rad');

var urban_percent_change = ee.Number(urban_mar_mean).subtract(urban_jan_mean)
  .divide(urban_jan_mean).multiply(100);

print('Percent change in urban areas nighttime light intensity (January-March 2022):', urban_percent_change);

// Final answer focused on urban areas - checking for DECREASE
var urban_comparison_result = ee.Algorithms.If(
  ee.Number(urban_mar_mean).lt(ee.Number(urban_jan_mean)),
  'Yes, the nighttime light intensity in urban areas of Kyiv, Ukraine decreased in March 2022 compared to January 2022.',
  'No, the nighttime light intensity in urban areas of Kyiv, Ukraine did not decrease in March 2022 compared to January 2022.'
);

print('Answer to Research Question (Urban Areas Only):', urban_comparison_result);

// Create a difference image to visualize the changes
var light_difference = kyiv_lights_mar.subtract(kyiv_lights_jan);

// Visualization parameters for the difference map
var diffVis = {
  min: -20,
  max: 20,
  palette: ['red', 'black', 'green']  // red: decrease, black: no change, green: increase
};

// Add the difference layer
Map.addLayer(light_difference, diffVis, 'Kyiv Light Change (March - January 2022)');",v1,143
"Does the ocean surface brightness in the Black Sea increase in June 20, 2022 compared to May 20, 2022?",,https://earthobservatory.nasa.gov/images/150031/brilliant-color-in-the-black-sea,,"1. Direct comparison: https://worldview.earthdata.nasa.gov/?v=24.294329254862173,39.072180327844585,42.34370425839779,48.2342389828491&l=Reference_Labels_15m(hidden),Reference_Features_15m(hidden),Coastlines_15m(hidden),VIIRS_NOAA20_CorrectedReflectance_TrueColor,VIIRS_SNPP_CorrectedReflectance_TrueColor,MODIS_Aqua_CorrectedReflectance_TrueColor,MODIS_Terra_CorrectedReflectance_TrueColor&lg=true&l1=Reference_Labels_15m(hidden),Reference_Features_15m(hidden),Coastlines_15m(hidden),VIIRS_NOAA20_CorrectedReflectance_TrueColor,VIIRS_SNPP_CorrectedReflectance_TrueColor,MODIS_Aqua_CorrectedReflectance_TrueColor,MODIS_Terra_CorrectedReflectance_TrueColor&lg1=true&ca=false&cv=58&t=2022-05-20-T14%3A45%3A48Z&t1=2022-06-20-T14%3A45%3A48Z",,,,https://code.earthengine.google.com/fcfc39874df72fdca23a1b42a7edd81d,"// Load MODIS Terra Surface Reflectance data for the two dates
var dataset_may = ee.ImageCollection('MODIS/061/MOD09GA')
                  .filter(ee.Filter.date('2022-05-20', '2022-05-21'))
                  .filter(ee.Filter.bounds(ee.Geometry.Rectangle([27, 41, 42, 47]))); // Black Sea region

var dataset_june = ee.ImageCollection('MODIS/061/MOD09GA')
                  .filter(ee.Filter.date('2022-06-20', '2022-06-21'))
                  .filter(ee.Filter.bounds(ee.Geometry.Rectangle([27, 41, 42, 47]))); // Black Sea region

// Select the surface reflectance bands (using bands that are good for ocean monitoring)
// Bands 1-2 (red and NIR) are useful for water surface monitoring
var reflectance_may = dataset_may.select(['sur_refl_b01', 'sur_refl_b02']);
var reflectance_june = dataset_june.select(['sur_refl_b01', 'sur_refl_b02']);

// Define the Black Sea region (approximate bounds)
var blackSea = ee.Geometry.Polygon([
  [[27, 41], [42, 41], [42, 47], [27, 47], [27, 41]]
]);

// Use MODIS Water Mask product instead of JRC
var waterMask = ee.ImageCollection('MODIS/006/MOD44W')
                .filter(ee.Filter.date('2015-01-01', '2015-05-01')).select('water_mask').median();
                
var waterMaskVis = {
  min: 0,
  max: 1,
  palette: ['bcba99', '2d0491'],
};
// Add water mask as a layer for reference
Map.addLayer(waterMask, waterMaskVis, 'Water Mask (check)');

// Function to calculate mean surface reflectance over water
function calculateMeanReflectance(dataset) {
  // Get the mean reflectance over the time period
  var meanReflectance = dataset.mean();
  
  // Apply the water mask
  var waterReflectance = meanReflectance.updateMask(waterMask);
  
  // Calculate the mean value within the Black Sea region
  var regionalMean = waterReflectance.reduceRegion({
    reducer: ee.Reducer.mean(),
    geometry: blackSea,
    scale: 500, // MODIS resolution
    maxPixels: 1e12
  });
  
  return regionalMean;
}

// Calculate the mean reflectance for both dates
var mean_may = calculateMeanReflectance(reflectance_may);
var mean_june = calculateMeanReflectance(reflectance_june);

// Calculate changes in reflectance
var red_may = mean_may.get('sur_refl_b01');
var red_june = mean_june.get('sur_refl_b01');
var nir_may = mean_may.get('sur_refl_b02');
var nir_june = mean_june.get('sur_refl_b02');

// Calculate the percentage change
var redChange = ee.Number(red_june).subtract(red_may).divide(red_may).multiply(100);
var nirChange = ee.Number(nir_june).subtract(nir_may).divide(nir_may).multiply(100);

// Calculate average brightness (mean of red and NIR bands)
var brightness_may = ee.Number(red_may).add(nir_may).divide(2);
var brightness_june = ee.Number(red_june).add(nir_june).divide(2);
var brightnessChange = ee.Number(brightness_june).subtract(brightness_may).divide(brightness_may).multiply(100);

// Print the results
print('Mean Surface Reflectance May 20, 2022 (Red band):', red_may);
print('Mean Surface Reflectance June 20, 2022 (Red band):', red_june);
print('Percentage Change in Red band (%):', redChange);

print('Mean Surface Reflectance May 20, 2022 (NIR band):', nir_may);
print('Mean Surface Reflectance June 20, 2022 (NIR band):', nir_june);
print('Percentage Change in NIR band (%):', nirChange);

print('Average Brightness May 20, 2022:', brightness_may);
print('Average Brightness June 20, 2022:', brightness_june);
print('Percentage Change in Average Brightness (%):', brightnessChange);
print('Did surface brightness increase in June?', ee.Number(brightness_june).gt(brightness_may));

// Visualization parameters for surface reflectance
var visParams = {
  min: 0,
  max: 3000,
  bands: ['sur_refl_b01', 'sur_refl_b02', 'sur_refl_b01'],
};

// Center the map on the Black Sea
Map.setCenter(34, 44, 6);

// Create composites for both dates
var mayComposite = reflectance_may.mean();
var juneComposite = reflectance_june.mean();

// Apply water mask
var mayWater = mayComposite.updateMask(waterMask);
var juneWater = juneComposite.updateMask(waterMask);

// Add layers to the map
Map.addLayer(mayWater, visParams, 'Surface Reflectance May 20, 2022');
Map.addLayer(juneWater, visParams, 'Surface Reflectance June 20, 2022', true);

// Create a difference image to show changes
var reflectanceDifference = juneWater.subtract(mayWater);
var diffVis = {
  min: -500,
  max: 500,
  bands: ['sur_refl_b01'],
  palette: ['blue', 'white', 'red']
};

Map.addLayer(reflectanceDifference, diffVis, 'Reflectance Change (June - May 2022)', true);

// Add the Black Sea region boundary
Map.addLayer(ee.FeatureCollection(blackSea), {color: 'black'}, 'Black Sea Boundary', false);

// Create a mask showing areas of significant brightness increase (more than 10% increase)
var significantIncreaseThreshold = 300; // Adjust based on observed values
var significantIncreaseMask = reflectanceDifference.select('sur_refl_b01').gt(significantIncreaseThreshold);
Map.addLayer(significantIncreaseMask.selfMask(), {palette: ['yellow']}, 'Areas with Significant Brightness Increase', false);",v1,144
Did the coastal city of La Serena experience at least 6cm of rainfall in July 2022?,,https://earthobservatory.nasa.gov/images/150100/snow-blanket-for-the-andes,,"On July 7, the coastal city of La Serena had a year-to-date rainfall deficit of about 80 percent (compared to the mean from 1990-2020). The storms delivered 8 centimeters (3 inches) of rain, bringing the city to a 64 percent surplus.",,,,,,v2,145
"On July 7, did the coastal city of La Serena have a year-to-date rainfall deficit of larger than 40 percent (compared to the mean from 1990-2020)?",,https://earthobservatory.nasa.gov/images/150100/snow-blanket-for-the-andes,,,,,CHIRPS,,,v2,146
"On July 7, was the year-to-date rainfall in the coastal city of La Serena lower than the 1990-2020 average for the same period?",,https://earthobservatory.nasa.gov/images/150100/snow-blanket-for-the-andes,,"“Until 10 days ago, north-central Chile was experiencing one of its driest winters,” said René Garreaud, a scientist at the University of Chile. The change from dry to wet was swift and visibly striking. The Visible Infrared Imaging Radiometer Suite (VIIRS) on the NOAA-20 satellite acquired a view of the same area on July 7 (left), just prior to the storms. Notice the relatively sparse snow cover compared with the July 16 image (right) acquired after the storms.",,,CHIRPS,,,v2,147
"Were there more snow in north-central Chile in July, 16 2022 than July 7, 2022?",,https://earthobservatory.nasa.gov/images/150100/snow-blanket-for-the-andes,,"“Until 10 days ago, north-central Chile was experiencing one of its driest winters,” said René Garreaud, a scientist at the University of Chile. The change from dry to wet was swift and visibly striking. The Visible Infrared Imaging Radiometer Suite (VIIRS) on the NOAA-20 satellite acquired a view of the same area on July 7 (left), just prior to the storms. Notice the relatively sparse snow cover compared with the July 16 image (right) acquired after the storms.",,,VIIRS,,,v2,148
"Did the surface water extent of Lake Mead decrease between July 6, 2000 and July 3, 2022?",,https://earthobservatory.nasa.gov/images/150111/lake-mead-keeps-dropping?src=ve,,The water levels of Lake Mead—the largest reservoir in the U.S.—have dropped dramatically in the last few decades.,,,,,,v2,149
"Did regions of the Pacific Northwest like Dallasport, Washington and Medford, Oregon reach temperatures above 105 degrees fahrenheit?",,https://earthobservatory.nasa.gov/images/150152/a-july-of-extremes,,"Temperatures reached highs of 110°F (43°C) in Dallasport, Washington, and 114°F (46°C) in Medford, Oregon.",,,,,,v2,150
"Did Dallasport, Washington reach air temperatures of at least 95 degrees fahrenheit in July 2022?",,https://earthobservatory.nasa.gov/images/150152/a-july-of-extremes,,"In mid- to late July, blistering heat baked the Great Plains with highs reaching 115°F (46°C) and heat indices exceeding 120°F (49°C). ",,,,,,v2,151
"On July 19, 2022 did UK experience temperatures above 100 degrees fahrenheit?",,https://earthobservatory.nasa.gov/images/150152/a-july-of-extremes,,"On July 19, the U.K. had its hottest day ever recorded as temperatures topped 104°F (40°C).",,,,,,v2,152
"Does surface water extent in Death Valley National Park increase in August 7, 2022 compared to July 11, 2022?",,https://earthobservatory.nasa.gov/images/150181/death-valley-flash-flooding,,"1. In early August 2022, flash floods soaked Furnace Creek in Death Valley, the driest place in North America. In just three hours on August 5, a thousand-year rainfall event dropped 75 percent of the local average annual rainfall.
2. Some of the flood water is visible in the latter of this pair of false-color images acquired by the Moderate Resolution Imaging Spectroradiometer (MODIS) on NASA’s Terra and Aqua satellites on July 11 and August 7, 2022",,,,https://code.earthengine.google.com/95484804f7c67594f2fd648b65587ede,"var dataset_after = ee.ImageCollection('MODIS/061/MOD09GA')
                  .filter(ee.Filter.date('2022-08-07', '2022-08-08'));
var dataset_before = ee.ImageCollection('MODIS/061/MOD09GA')
                  .filter(ee.Filter.date('2022-07-11', '2022-07-12'));

var dataset_after = dataset_after.select(['sur_refl_b07', 'sur_refl_b02', 'sur_refl_b01']);
var dataset_before = dataset_before.select(['sur_refl_b07', 'sur_refl_b02', 'sur_refl_b01']);

var trueColor143Vis = {
  min: -100.0,
  max: 4000.0,
};
Map.setCenter(-116.884136, 36.421835, 8);

Map.addLayer(dataset_after, trueColor143Vis, '2022-08 (false color)');
Map.addLayer(dataset_before, trueColor143Vis, '2022-07 (false color)');",v1,153
"Was there a noticeable larger bloom (represented by a brighter blue color) in Hood Canal in late August 2022, compared to August 2021?",,https://earthobservatory.nasa.gov/images/150263/summer-color-for-hood-canal,,"1. Satellites spotted the latest coccolithophore bloom in Hood Canal this week. The Operational Land Imager-2 on Landsat 9 acquired the image above on August 21, 2022. The image below was acquired by the Operational Land Imager on Landsat 8 on August 20, 2022.
2. “We didn’t see such a bloom last year, although we were all looking hard for it,” said Teri King, a marine water quality specialist with Washington Sea Grant at the University of Washington.",,,,https://code.earthengine.google.com/f43aecfa08a1b72e132ebb89ea1b783b,"var geometry = 
    ee.Geometry.Polygon(
        [[[-123.12392989993064, 47.37100636752024],
          [-123.12392989993064, 47.35914678076251],
          [-123.07620803713768, 47.35914678076251],
          [-123.07620803713768, 47.37100636752024]]], null, false);

// Load Sentinel-2 Collections for August 2021 and August 2022
var sentinel_2021 = ee.ImageCollection('COPERNICUS/S2_SR_HARMONIZED')
                  .filterDate('2021-08-01', '2021-08-31')
                  .filter(ee.Filter.lt('CLOUDY_PIXEL_PERCENTAGE', 20)) // Filter for lower cloud cover
                  .filter(ee.Filter.bounds(geometry));

var sentinel_2022 = ee.ImageCollection('COPERNICUS/S2_SR_HARMONIZED')
                  .filterDate('2022-08-20', '2022-08-25')
                  .filter(ee.Filter.bounds(geometry));

// Define the Hood Canal region
var hoodCanal = geometry;

// Function to scale and prepare Sentinel-2 imagery
function prepSentinel(image) {
  // Select the visible and NIR bands
  // B2 (blue), B3 (green), B4 (red), B8 (NIR)
  var opticalBands = image.select(['B2', 'B3', 'B4', 'B8']);
  
  // Scale the pixel values (Sentinel-2 uses scale factor of 10000)
  var scaled = opticalBands.divide(10000);
  
  // Create cloud mask from SCL band (Scene Classification)
  var scl = image.select('SCL');
  var cloudMask = scl.neq(9).and(scl.neq(8)).and(scl.neq(7)).and(scl.neq(3)).and(scl.neq(10));
  
  // Apply the cloud mask
  scaled = scaled.updateMask(cloudMask);
  
  return scaled;
}

// Map the function over the collections
var processed_2021 = sentinel_2021.map(prepSentinel);
var processed_2022 = sentinel_2022.map(prepSentinel);

// Create composites for both periods
var composite_2021 = processed_2021.median();
var composite_2022 = processed_2022.median();

// Function to detect coccolithophore blooms
// Adapted for Sentinel-2 bands
function detectCoccolithophores(image) {
  // Calculate blue-to-green ratio (higher in coccolithophore blooms)
  var blueGreenRatio = image.select('B2').divide(image.select('B3'));
  
  // Calculate overall reflectance in blue band (coccolithophores have high reflectance)
  var blueReflectance = image.select('B2');
  
  // Combine metrics to create a ""coccolithophore index""
  var coccoIndex = blueGreenRatio.multiply(blueReflectance);
  
  // Add normalized difference between blue and green bands
  // This can help distinguish coccolithophores from other water types
  var ndbi = image.normalizedDifference(['B2', 'B3']).rename('ndbi');
  
  return coccoIndex.rename('cocco_index').addBands(ndbi);
}

// Apply the detection function to both composites
var cocco_2021 = detectCoccolithophores(composite_2021);
var cocco_2022 = detectCoccolithophores(composite_2022);

// Create a threshold for what constitutes a bloom
// Adjusted for Sentinel-2 values
var bloomThreshold = 0.004;

// Create bloom masks
var bloom_2021 = cocco_2021.select('cocco_index').gt(bloomThreshold);
var bloom_2022 = cocco_2022.select('cocco_index').gt(bloomThreshold);

// // Apply a water mask based on NIR (B8)
// var waterMask_2021 = composite_2021.select('SR_B8').lt(0.1);
// var waterMask_2022 = composite_2022.select('SR_B8').lt(0.1);

// bloom_2021 = bloom_2021.updateMask(waterMask_2021);
// bloom_2022 = bloom_2022.updateMask(waterMask_2022);

// Calculate statistics for the region
var stats_2021 = cocco_2021.select('cocco_index').reduceRegion({
  reducer: ee.Reducer.mean(),
  geometry: hoodCanal,
  scale: 100, // Sentinel-2 resolution for visible bands
  maxPixels: 1e12
});

var stats_2022 = cocco_2022.select('cocco_index').reduceRegion({
  reducer: ee.Reducer.mean(),
  geometry: hoodCanal,
  scale: 100,
  maxPixels: 1e12
});

// Calculate change in intensity
var intensity_2021 = ee.Number(stats_2021.get('cocco_index'));
var intensity_2022 = ee.Number(stats_2022.get('cocco_index'));
var intensityChange = ee.Number(intensity_2022).subtract(intensity_2021).divide(intensity_2021).multiply(100);

// Print the results
print('Coccolithophore Analysis for Hood Canal using Sentinel-2');
print('Available images August 2021:', sentinel_2021.size());
print('Available images August 2022:', sentinel_2022.size());
print('August 2021 mean coccolithophore index:', intensity_2021);
print('August 2022 mean coccolithophore index:', intensity_2022);
print('Change in coccolithophore index (%):', intensityChange);
print('Did coccolithophore bloom presence increase in 2022?', ee.Number(intensity_2022).gt(intensity_2021));

// Visualization parameters for coccolithophore index
var coccoVis = {
  min: 0.001,
  max: 0.007,
  palette: ['blue', 'cyan', 'lime', 'yellow', 'red']
};

// Center the map on Hood Canal
Map.centerObject(hoodCanal, 12);

Map.addLayer(hoodCanal, {palette: ['red']}, 'hoodCanal');


// Add layers to the map
Map.addLayer(composite_2021, {bands: ['B4', 'B3', 'B2'], min: 0, max: 0.3}, 'Sentinel-2 RGB August 2021');
Map.addLayer(composite_2022, {bands: ['B4', 'B3', 'B2'], min: 0, max: 0.3}, 'Sentinel-2 RGB August 2022', true);

// Add turquoise visualization - emphasizing the blue/green relationship for coccolithophores
Map.addLayer(composite_2021, {bands: ['B2', 'B3', 'B3'], min: 0, max: 0.3}, 'Turquoise Viz August 2021');
Map.addLayer(composite_2022, {bands: ['B2', 'B3', 'B3'], min: 0, max: 0.3}, 'Turquoise Viz August 2022', true);

// Add coccolithophore index layers
Map.addLayer(cocco_2021.select('cocco_index'), coccoVis, 'Coccolithophore Index August 2021');
Map.addLayer(cocco_2022.select('cocco_index'), coccoVis, 'Coccolithophore Index August 2022', true);

// Add NDBI layers (Normalized Difference Blue-Green Index)
Map.addLayer(cocco_2021.select('ndbi'), {min: -0.2, max: 0.2, palette: ['darkblue', 'blue', 'cyan', 'yellow', 'red']}, 'NDBI August 2021');
Map.addLayer(cocco_2022.select('ndbi'), {min: -0.2, max: 0.2, palette: ['darkblue', 'blue', 'cyan', 'yellow', 'red']}, 'NDBI August 2022', true);",v1,154
"Did the surface water area of Poyang Lake in China’s Jiangxi Province decrease between July 10, 2022 and August 27, 2022?",,https://earthobservatory.nasa.gov/images/150285/parched-poyang-lake,,,,,Landsat 8,,,v2,155
"Did Sacramento, California experience 2-meter air temperatures above 110 degrees fahrenheit in September 2022?",,https://earthobservatory.nasa.gov/images/150318/a-long-lasting-western-heatwave,,"In early September 2022, a long-lasting heat dome settled over the U.S. West and brought scorching temperatures that set all-time record highs.

All-time high temperatures ranging into the mid-110s Fahrenheit were recorded in the California cities of Santa Rosa, Napa, Livermore, Redwood City, San Jose, and King City. Both Merced and Sacramento reached 116°F (46.7°C), their highest temperatures since record-keeping began in 1899 and 1877, respectively. The Sacramento record, which was previously 110°F (43.3°C), was broken by a significant margin.",,,,,,v2,156
"Did the NVDI within a 10 mile raidus over coordinates (39.493523, -122.107805) decrease between September 4, 2021 and Septebmer 16, 2022?",,https://earthobservatory.nasa.gov/images/150412/a-rough-year-for-rice-in-california,,"The scale of the change is visible from space. The right side of the image pair above shows a major rice-producing area east of Willows on September 16, 2022; the left side shows the same area on September 4, 2021. Tens of thousands of acres of farmland that would normally be green as farmers prepare for harvest were instead brown and idle in 2022.",,,MODIS-Terra,,,v2,157
"Are there more than two lakes (larger than 25 km square) in the region centered at coordinates (7.578886, 38.602260) within a 30 km radius, based on 2022 data?",,https://earthobservatory.nasa.gov/images/150449/a-trio-of-ethiopian-lakes,,"1. About 2,000 years ago, Lake Galla had declined so much that it became three separate bodies of water: Lake Shala, Lake Abijata, and Lake Langano. On March 29, 2022, the Operational Land Imager (OLI) on Landsat 8 captured this natural-color image of the lakes. Despite their shared origin, the lakes have evolved separately and now have different appearances and water chemistries.",,,,https://code.earthengine.google.com/4af50ca892e82d4db3af8a0dc706ad8c,"// Define the center point and create a 30km buffer for analysis
var centerPoint = ee.Geometry.Point([38.602260, 7.578886]);
var regionOfInterest = centerPoint.buffer(30000); // 30 km radius in meters

// Define a time period for 2022
var startDate = ee.Date('2022-01-01');
var endDate = ee.Date('2022-12-31');

// Get Landsat 8 imagery for the region in 2022
// Using Collection 2 Level 2 surface reflectance data
var landsat = ee.ImageCollection(""LANDSAT/LC08/C02/T1_L2"")
  .filterDate(startDate, endDate)
  .filterBounds(regionOfInterest)
  .filter(ee.Filter.lt('CLOUD_COVER', 20)) // Filter for less cloudy images
  .sort('CLOUD_COVER')
  .median(); // Use median composite to remove cloud artifacts

// Function to rescale the surface reflectance
function prepSrL8(image) {
  // Landsat 8 Collection 2 Level 2 surface reflectance data needs scaling
  var opticalBands = image.select('SR_B.').multiply(0.0000275).add(-0.2);
  return image.addBands(opticalBands, null, true);
}

// Apply the scaling function
var landsatScaled = prepSrL8(landsat);

// Define functions for water detection
// 1. Modified Normalized Difference Water Index (MNDWI)
function calculateMNDWI(image) {
  var green = image.select('SR_B3');
  var swir1 = image.select('SR_B6');
  var mndwi = green.subtract(swir1).divide(green.add(swir1)).rename('mndwi');
  return mndwi;
}

// 2. Normalized Difference Water Index (NDWI)
function calculateNDWI(image) {
  var green = image.select('SR_B3');
  var nir = image.select('SR_B5');
  var ndwi = green.subtract(nir).divide(green.add(nir)).rename('ndwi');
  return ndwi;
}

// Calculate water indices
var mndwi = calculateMNDWI(landsatScaled);
var ndwi = calculateNDWI(landsatScaled);

// Create a water mask using both indices as requested
var waterMask = mndwi.gt(0.2) // 0.2 threshold for MNDWI as requested
  .or(ndwi.gt(0.2));  // 0.2 threshold for NDWI as requested

// Clean up the water mask with morphological operations to reduce noise
var waterMaskCleaned = waterMask
  .focalMin(1).focalMax(1)  // Remove isolated pixels
  .selfMask();  // Mask out non-water areas

// Convert the water mask to vectors (polygons)
var waterVectors = waterMaskCleaned.reduceToVectors({
  geometry: regionOfInterest,
  scale: 30,
  geometryType: 'polygon',
  eightConnected: true,
  maxPixels: 1e10,
  reducer: ee.Reducer.countEvery()  // Count all water pixels
});

// Filter small water bodies (less than 0.5 sq km) to focus on actual lakes
var minLakeArea = 500000; // 0.5 sq km in sq meters
var lakes = waterVectors.filter(ee.Filter.gt('count', minLakeArea/900)); // 900 = 30m x 30m pixel area

// Count the number of lakes
var lakeCount = lakes.size();

// Create a Feature Collection of centroids for the lakes
var lakeCentroids = lakes.map(function(feature) {
  var centroid = feature.geometry().centroid(1); // 1 meter error margin
  return ee.Feature(centroid);
});

// Visualization parameters
var waterVis = {
  palette: ['0000ff'],
  opacity: 0.8
};

var trueColorVis = {
  bands: ['SR_B4', 'SR_B3', 'SR_B2'],
  min: 0,
  max: 0.3
};

// Add layers to the map
Map.centerObject(regionOfInterest, 9);
Map.addLayer(landsatScaled, trueColorVis, 'True Color Composite 2022');
Map.addLayer(waterMaskCleaned, waterVis, 'Detected Water Bodies');
Map.addLayer(lakes, {color: 'cyan'}, 'Lakes (>0.5 sq km)');
Map.addLayer(lakeCentroids, {color: 'red', pointSize: 5}, 'Lake Centroids');
Map.addLayer(regionOfInterest, {color: 'yellow', fillColor: '00000000'}, '30km Radius Region');
Map.addLayer(centerPoint, {color: 'red', pointSize: 5}, 'Center Point');

// Print results - use simple client-side evaluation
print('Question: Is there more than three lakes in the region?');
print('Number of lakes detected:', lakeCount);

// Safer approach to evaluate the condition on the server side
// Without trying to format strings with server objects
lakes.size().gt(3).evaluate(function(result) {
  if (result) {
    print('Answer: YES, there are more than three lakes in the region.');
  } else {
    print('Answer: NO, there are three or fewer lakes in the region.');
  }
});",v1,158
"Is Lake Langano more brown than Lake Abijata in March 29, 2022?",,https://earthobservatory.nasa.gov/images/150449/a-trio-of-ethiopian-lakes,,"1. Lake Langano, a freshwater lake fed mostly by streams to the east, stands out for its brown water. The incoming water is often rich with red-brown sediment from nearby mountains",,,,https://code.earthengine.google.com/3f30ce2902021b1ac0c5118cfbe98614,"// Define the locations of the two lakes in Ethiopia
var lakeLangano = ee.Geometry.Point([38.751092, 7.595730]);
var lakeAbijata = ee.Geometry.Point([38.649769, 7.607158]);

// Create analysis areas by buffering the points
// Using larger buffers to capture more of the lake areas
var langanoArea = lakeLangano.buffer(3000);
var abijataArea = lakeAbijata.buffer(3000);

// Define the date range for late March 2022
var startDate = ee.Date('2022-03-15');
var endDate = ee.Date('2022-03-31');

// Get Landsat 8 imagery for the period
var landsat = ee.ImageCollection(""LANDSAT/LC08/C02/T1_L2"")
  .filterDate(startDate, endDate)
  .filterBounds(ee.Geometry.MultiPoint([lakeLangano, lakeAbijata]))
  .sort('CLOUD_COVER')
  .first(); // Get the least cloudy image

// Function to rescale the surface reflectance
function prepSrL8(image) {
  // Landsat 8 Collection 2 Level 2 surface reflectance data needs scaling
  var opticalBands = image.select('SR_B.').multiply(0.0000275).add(-0.2);
  return image.addBands(opticalBands, null, true);
}

// Apply the scaling function
var landsatScaled = prepSrL8(landsat);

// Function to calculate turbidity index using Landsat 8 bands
// For Landsat 8, we'll use Red (SR_B4) and Green (SR_B3)
function calculateTurbidityIndex(image) {
  // Select Red and Green bands
  var red = image.select('SR_B4');
  var green = image.select('SR_B3');
  
  // Calculate NDTI (Normalized Difference Turbidity Index)
  // NDTI = (Red - Green) / (Red + Green)
  var ndti = red.subtract(green).divide(red.add(green)).rename('ndti');
  
  return ndti;
}

// Calculate NDTI for the image
var ndti = calculateTurbidityIndex(landsatScaled);

// Function to calculate statistics for a region
function calculateStats(image, region, name) {
  var stats = image.reduceRegion({
    reducer: ee.Reducer.mean().combine({
      reducer2: ee.Reducer.stdDev(),
      sharedInputs: true
    }),
    geometry: region,
    scale: 30, // Landsat 8 resolution
    maxPixels: 1e12
  });
  
  print(name + ' Statistics:', stats);
  return stats;
}

// Calculate statistics for both lakes
var langanoStats = calculateStats(ndti, langanoArea, 'Lake Langano NDTI');
var abijataStats = calculateStats(ndti, abijataArea, 'Lake Abijata NDTI');

// Get the mean NDTI values
var langanoNDTIMean = ee.Number(langanoStats.get('ndti_mean'));
var abijataNDTIMean = ee.Number(abijataStats.get('ndti_mean'));

// Print comparison results
print('Lake Langano Mean NDTI:', langanoNDTIMean);
print('Lake Abijata Mean NDTI:', abijataNDTIMean);
print('NDTI Difference (Langano - Abijata):', langanoNDTIMean.subtract(abijataNDTIMean));
print('Is Lake Langano more turbid than Lake Abijata?', langanoNDTIMean.gt(abijataNDTIMean));

// Additional analysis: Calculate another turbidity metric - Red/Blue ratio
// Higher values indicate higher turbidity
function calculateRedBlueRatio(image) {
  var red = image.select('SR_B4');
  var blue = image.select('SR_B2');
  
  var redBlueRatio = red.divide(blue).rename('rb_ratio');
  return redBlueRatio;
}

var rbRatio = calculateRedBlueRatio(landsatScaled);

// Calculate RB ratio statistics for both lakes
var langanoRBStats = calculateStats(rbRatio, langanoArea, 'Lake Langano RB Ratio');
var abijataRBStats = calculateStats(rbRatio, abijataArea, 'Lake Abijata RB Ratio');

// Get the mean RB ratio values
var langanoRBMean = ee.Number(langanoRBStats.get('rb_ratio_mean'));
var abijataRBMean = ee.Number(abijataRBStats.get('rb_ratio_mean'));

// Print RB ratio comparison results
print('Lake Langano Mean RB Ratio:', langanoRBMean);
print('Lake Abijata Mean RB Ratio:', abijataRBMean);
print('Is Lake Langano more turbid than Lake Abijata (RB ratio)?', langanoRBMean.gt(abijataRBMean));

// Visualization parameters for NDTI
var ndtiVis = {
  min: -0.1,
  max: 0.3,
  palette: ['blue', 'cyan', 'yellow', 'orange', 'red']
};

// Visualization parameters for Red/Blue ratio
var rbVis = {
  min: 0.5,
  max: 2.0,
  palette: ['blue', 'cyan', 'yellow', 'orange', 'red']
};

// True color visualization
var trueColorVis = {
  bands: ['SR_B4', 'SR_B3', 'SR_B2'],
  min: 0,
  max: 0.3
};

// False color visualization highlighting water qualities
var falseColorVis = {
  bands: ['SR_B5', 'SR_B4', 'SR_B3'],
  min: 0,
  max: 0.3
};

// Center the map on the area of interest
Map.centerObject(ee.Geometry.MultiPoint([lakeLangano, lakeAbijata]), 11);

// Add layers to the map
Map.addLayer(landsatScaled, trueColorVis, 'True Color - March 2022');
Map.addLayer(landsatScaled, falseColorVis, 'False Color - March 2022', false);
Map.addLayer(ndti, ndtiVis, 'NDTI - March 2022');
Map.addLayer(rbRatio, rbVis, 'Red/Blue Ratio - March 2022');

// Add the analysis areas
Map.addLayer(langanoArea, {color: 'yellow'}, 'Lake Langano Analysis Area');
Map.addLayer(abijataArea, {color: 'red'}, 'Lake Abijata Analysis Area');

// Add the lake points
Map.addLayer(ee.FeatureCollection([lakeLangano]), {color: 'blue', pointSize: 5}, 'Lake Langano Point');
Map.addLayer(ee.FeatureCollection([lakeAbijata]), {color: 'purple', pointSize: 5}, 'Lake Abijata Point');",v1,159
"Are more brown/orange areas visible in the Adirondack Mountains on October 8, 2022, than on October 1, 2022?",,https://earthobservatory.nasa.gov/images/150482/autumn-in-the-adirondacks,,"Leaves in the Adirondacks were at peak or near-peak color for the season when the Operational Land Imager-2 (OLI-2) on Landsat 9 acquired these images on October 8, 2022.",,,,https://code.earthengine.google.com/442761630ad424bf399b77cb06271ea7,,v2,160
"Was the area of forest cover between the Ucayali and Genepanshea Rivers larger along UC-105, at 5 km radius around center (-9.799994, -73.845369), on August 21, 2022 than on August 23, 2017?",No,https://earthobservatory.nasa.gov/images/150513/deforestation-follows-a-road-through-ucayali,,"The pair of satellite images above show the extent of the change between the Ucayali and Genepanshea rivers. The first image, acquired by the Operational Land Imager (OLI) on Landsat 8, shows the area in 2017, when just the road and a modest amount of deforestation were visible. By 2022, deforested areas had proliferated, in part due to the arrival of a new wave of land speculators, coca farms, ranches, and even small airstrips, explained Salisbury.",,,Landsat 8,,,v2,161
"Does the surface water extent in Digangali, Chad increase in October 23, 2022 compared to September 18, 2021?",,https://earthobservatory.nasa.gov/images/150521/flooding-in-ndjamena,,"1. The Operational Land Imager (OLI) on Landsat 8 captured this natural-color image of the flooding on October 23, 2022.",,,,https://code.earthengine.google.com/01930162c9363dcda76f7eff76a1a9fa,"var dataset_pre = ee.ImageCollection('LANDSAT/LC08/C02/T1_L2')
    .filterDate('2021-09-18', '2021-09-19');
var dataset_post = ee.ImageCollection('LANDSAT/LC08/C02/T1_L2')
    .filterDate('2022-10-23', '2022-10-24');
// Applies scaling factors.
function applyScaleFactors(image) {
  var opticalBands = image.select('SR_B.').multiply(0.0000275).add(-0.2);
  var thermalBands = image.select('ST_B.*').multiply(0.00341802).add(149.0);
  return image.addBands(opticalBands, null, true)
              .addBands(thermalBands, null, true);
}

dataset_pre = dataset_pre.map(applyScaleFactors);
dataset_post = dataset_post.map(applyScaleFactors);

var visualization = {
  bands: ['SR_B4', 'SR_B3', 'SR_B2'],
  min: 0.02,
  max: 0.3,
};

Map.setCenter(15.099231, 12.038973, 12);

Map.addLayer(dataset_pre, visualization, '2021 (pre)');
Map.addLayer(dataset_post, visualization, '2022 (post)');",v1,162
Does the vegetation coverage in the Inner Niger Delta increase in November 2022 compared to May 2022?,,https://earthobservatory.nasa.gov/images/150581/seasonal-greening-of-the-inner-niger-delta,,"1. Each year from around August to December, a burst of green overtakes the typically brown landscape of central Mali. The greening is due to aquatic grasses and other vegetation taking advantage of the seasonal inflow of water that spread across the Inner Niger Delta
2. The Moderate Resolution Imaging Spectroradiometer (MODIS) on NASA’s Terra satellite acquired this image (right) on November 3, 2022, about a week after water levels peaked in the southern part of the inland delta. For comparison, the left image acquired by MODIS on NASA’s Aqua satellite shows the same area in May 2022—a time of year when the delta is relatively dry.",,,,https://code.earthengine.google.com/669c2a316c84494b0bc2745cb4417512,"// Define the area of interest: Inner Niger Delta region in Mali
var innerNigerDelta = ee.Geometry.Rectangle([-4.9812, 14.1485, -4.04, 15.2858]); // Approximate bounds

// Load MODIS Terra Surface Reflectance 16-Day Global 500m dataset
var modisCollection = ee.ImageCollection('MODIS/006/MOD09GA')
  .filterBounds(innerNigerDelta)
  .filter(ee.Filter.calendarRange(2022, 2022, 'year'));

// Function to calculate NDVI
function calculateNDVI(image) {
  return image.normalizedDifference(['sur_refl_b02', 'sur_refl_b01']).rename('NDVI')
    .set('system:time_start', image.get('system:time_start'));
}

// Get images for May and November 2022
var mayImages = modisCollection
  .filter(ee.Filter.calendarRange(5, 5, 'month'))
  .map(calculateNDVI);

var novImages = modisCollection
  .filter(ee.Filter.calendarRange(11, 11, 'month'))
  .map(calculateNDVI);

// Composite images for each month
var mayComposite = mayImages.mean().clip(innerNigerDelta);
var novComposite = novImages.mean().clip(innerNigerDelta);

// Calculate average NDVI for each month
var mayNDVI = mayComposite.reduceRegion({
  reducer: ee.Reducer.mean(),
  geometry: innerNigerDelta,
  scale: 500,
  maxPixels: 1e9
});

var novNDVI = novComposite.reduceRegion({
  reducer: ee.Reducer.mean(),
  geometry: innerNigerDelta,
  scale: 500,
  maxPixels: 1e9
});

// Print NDVI values
print('Average NDVI in May 2022:', mayNDVI.get('NDVI'));
print('Average NDVI in November 2022:', novNDVI.get('NDVI'));

// Visualization parameters
var ndviVis = {
  min: 0,
  max: 1,
  palette: ['blue', 'white', 'green']
};

var rgbVis = {
  bands: ['sur_refl_b01', 'sur_refl_b04', 'sur_refl_b03'],
  min: 0,
  max: 3000
};

// Center map on Inner Niger Delta
Map.centerObject(innerNigerDelta, 8);

// Add NDVI layers
Map.addLayer(mayComposite, ndviVis, 'May 2022 NDVI');
Map.addLayer(novComposite, ndviVis, 'November 2022 NDVI');

// Add RGB layers
var mayRGB = modisCollection
  .filter(ee.Filter.calendarRange(5, 5, 'month'))
  .mean()
  .clip(innerNigerDelta);

var novRGB = modisCollection
  .filter(ee.Filter.calendarRange(11, 11, 'month'))
  .mean()
  .clip(innerNigerDelta);

Map.addLayer(mayRGB, rgbVis, 'May 2022 RGB');
Map.addLayer(novRGB, rgbVis, 'November 2022 RGB');

// Add region boundary
Map.addLayer(innerNigerDelta, {color: 'red', opacity: 0.3}, 'Inner Niger Delta Region');",v1,163
"Does the agricultural land around Peoria, Illinois show more brown fields in October 2022 compared to September 2022?",,https://earthobservatory.nasa.gov/images/150640/from-patches-to-pies-illinois-knows-pumpkins,,"1. The Operational Land Imager (OLI) on Landsat 8 captured this natural-color image of farmland around Peoria, Illinois—a major hub of pumpkin growing and processing—on October 22, 2022. 
2. While the fields were lush and green in September, this image was taken after the harvest, leaving most fields brown.",,,,https://code.earthengine.google.com/666b5d5df57d4c772cc54e436ecfb0c0,"// Define Peoria, Illinois region
var peoria = geometry; // 30km buffer around Peoria

// Function to mask clouds in Sentinel-2 imagery
function maskS2clouds(image) {
  var qa = image.select('QA60');
  
  // Bits 10 and 11 are clouds and cirrus, respectively
  var cloudBitMask = 1 << 10;
  var cirrusBitMask = 1 << 11;
  
  // Both flags should be set to zero, indicating clear conditions
  var mask = qa.bitwiseAnd(cloudBitMask).eq(0)
      .and(qa.bitwiseAnd(cirrusBitMask).eq(0));
  
  return image.updateMask(mask).divide(10000);
}

// Function to calculate NDVI
function calculateNDVI(image) {
  return image.normalizedDifference(['B8', 'B4']).rename('NDVI');
}

// Identify agricultural land using Dynamic World V1 probabilities
var dynamicWorld = ee.ImageCollection('GOOGLE/DYNAMICWORLD/V1')
  .filterBounds(peoria)
  .filterDate('2022-09-01', '2022-10-31');

// Create probability-based mask using Dynamic World probabilities
var dwProbComposite = dynamicWorld.select('crops').median();
var agricMask = dwProbComposite.gt(0.5); // Areas with >50% probability of being crops

// Load Sentinel-2 Surface Reflectance data for September and October 2022
var sentinel2_Sept = ee.ImageCollection('COPERNICUS/S2_SR_HARMONIZED')
  .filterBounds(peoria)
  .filterDate('2022-09-01', '2022-09-30')
  .filter(ee.Filter.lt('CLOUDY_PIXEL_PERCENTAGE', 20)) // Filter less cloudy images
  .select('B2', 'B3', 'B4', 'B8', 'B11', 'B12', 'QA60')
  .map(maskS2clouds);

var sentinel2_Oct = ee.ImageCollection('COPERNICUS/S2_SR_HARMONIZED')
  .filterBounds(peoria)
  .filterDate('2022-10-01', '2022-10-31')
  .filter(ee.Filter.lt('CLOUDY_PIXEL_PERCENTAGE', 20)) // Filter less cloudy images
  .select('B2', 'B3', 'B4', 'B8', 'B11', 'B12', 'QA60')
  .map(maskS2clouds);

// Create median composites for each month
var composite_Sept = sentinel2_Sept.median();
var composite_Oct = sentinel2_Oct.median();

// Calculate NDVI for both months
var ndvi_Sept = calculateNDVI(composite_Sept);
var ndvi_Oct = calculateNDVI(composite_Oct);

// Calculate NDVI difference (Oct - Sept)
var ndviDifference = ndvi_Oct.subtract(ndvi_Sept);

// Use NDVI decrease as indicator of browning (harvest or senescence)
var browningMask = ndviDifference.lt(0);

// Apply agricultural mask to focus only on cropland
var agricBrowningNDVI = browningMask.updateMask(agricMask);

// Visualization parameters
var rgbParams = {
  bands: ['B4', 'B3', 'B2'],
  min: 0,
  max: 0.3
};

var ndviParams = {
  min: 0,
  max: 0.8,
  palette: ['brown', 'yellow', 'green']
};

var diffParams = {
  min: -0.3,
  max: 0.3,
  palette: ['blue', 'white', 'red']
};

var maskParams = {
  min: 0,
  max: 1,
  palette: ['white', 'brown']
};

var agricMaskParams = {
  min: 0,
  max: 1,
  palette: ['white', 'green']
};

// Center map on Peoria area
Map.centerObject(peoria, 10);

// Add layers to map
Map.addLayer(ndvi_Sept, ndviParams, 'NDVI September 2022');
Map.addLayer(ndvi_Oct, ndviParams, 'NDVI October 2022');
Map.addLayer(ndviDifference, diffParams, 'NDVI Difference (Oct - Sept)');
Map.addLayer(agricBrowningNDVI, maskParams, 'Agricultural Browning by NDVI');
Map.addLayer(agricMask, agricMaskParams, 'Agricultural Land (Dynamic World)');
Map.addLayer(peoria, {color: 'black', fillColor: '00000000'}, 'Peoria 30km Buffer');

// Calculate statistics for agricultural areas only
var statsMask = agricMask.clip(peoria);

// Agricultural area statistics for September
var agriStats_Sept = ndvi_Sept.updateMask(statsMask).reduceRegion({
  reducer: ee.Reducer.mean(),
  geometry: peoria,
  scale: 1000,
  maxPixels: 1e9
});

// Agricultural area statistics for October
var agriStats_Oct = ndvi_Oct.updateMask(statsMask).reduceRegion({
  reducer: ee.Reducer.mean(),
  geometry: peoria,
  scale: 1000,
  maxPixels: 1e9
});

// Calculate agricultural land area showing browning
var brownArea = agricBrowningNDVI.multiply(ee.Image.pixelArea()).reduceRegion({
  reducer: ee.Reducer.sum(),
  geometry: peoria,
  scale: 1000,
  maxPixels: 1e9
});

// For total agricultural area
var totalAgricArea = agricMask.rename('area').multiply(ee.Image.pixelArea()).reduceRegion({
  reducer: ee.Reducer.sum(),
  geometry: peoria,
  scale: 1000,
  maxPixels: 1e9
});

// Print statistics
print('Number of Sentinel-2 images in September 2022:', sentinel2_Sept.size());
print('Number of Sentinel-2 images in October 2022:', sentinel2_Oct.size());
print('Number of Dynamic World images available:', dynamicWorld.size());
print('Average NDVI in agricultural areas (September 2022):', agriStats_Sept.get('NDVI'));
print('Average NDVI in agricultural areas (October 2022):', agriStats_Oct.get('NDVI'));

// Calculate percentage of agricultural land showing browning
print('Total agricultural area (square meters):', totalAgricArea.get('area'));
print('Area showing browning (square meters):', brownArea.get('NDVI'));

var percentBrowning = ee.Number(brownArea.get('NDVI')).divide(ee.Number(totalAgricArea.get('area'))).multiply(100);
print('Percentage of agricultural land showing browning:', percentBrowning);

// Determine if there is more browning in October
var isMoreBrowning = ee.Number(agriStats_Oct.get('NDVI')).lt(ee.Number(agriStats_Sept.get('NDVI')));
print('Is there more browning in October compared to September?', isMoreBrowning);
",v1,164
Does the rainfall in Somalia decrease during March-September 2022 compared to the 1981-2021 average?,,https://earthobservatory.nasa.gov/images/150712/worst-drought-on-record-parches-horn-of-africa,,"1. As the end of 2022 draws near, the Horn of Africa is experiencing the longest and most severe drought on record, threatening millions of people with starvation.
2. The map at the top of the page—based on the Climate Hazards Center InfraRed Precipitation with Stations (CHIRPS) dataset—shows rainfall anomalies from March to September 2022 compared to the 1981–2021 average. It shows much of Somalia, Kenya, and Ethiopia received 50 to 200 millimeters less rain than normal (about half or less of average for those months).",,,,https://code.earthengine.google.com/7dd65c70661be54834bf6f76a3912c5d,"// Define the study region (Somalia)
var somalia = ee.FeatureCollection('USDOS/LSIB_SIMPLE/2017')
  .filter(ee.Filter.eq('country_na', 'Somalia'));

// Define the study periods
var targetPeriodStart = '2022-03-01';
var targetPeriodEnd = '2022-09-30';
var baselinePeriodStart = '1981-01-01';
var baselinePeriodEnd = '2021-12-31';

// Load CHIRPS precipitation data (rainfall in mm)
var chirps = ee.ImageCollection('UCSB-CHG/CHIRPS/DAILY')
  .select('precipitation');

// Filter data for the target period (March-September 2022)
var targetPeriod = chirps
  .filterDate(targetPeriodStart, targetPeriodEnd);

// Calculate total rainfall for the target period
var targetTotalRainfall = targetPeriod.sum();

// Function to get the March-September rainfall for a specific year
var getMarchSeptemberRainfall = function(year) {
  var startDate = ee.Date.fromYMD(year, 3, 1);
  var endDate = ee.Date.fromYMD(year, 9, 30);
  
  return chirps
    .filterDate(startDate, endDate)
    .sum();
};

// Get rainfall for March-September for each year in the baseline period
var years = ee.List.sequence(1981, 2021);
var baselineRainfallCollection = years.map(function(year) {
  var rainfall = getMarchSeptemberRainfall(year);
  return rainfall.set('year', year);
});

// Convert the list to an image collection
var baselineRainfallImgCol = ee.ImageCollection.fromImages(baselineRainfallCollection);

// Calculate the long-term average (1981-2021) for March-September
var baselineAvgRainfall = baselineRainfallImgCol.mean();

// Calculate anomaly (difference from long-term average)
var rainfallAnomaly = targetTotalRainfall.subtract(baselineAvgRainfall);

// Calculate percent change
var percentChange = rainfallAnomaly.divide(baselineAvgRainfall).multiply(100);

// Calculate regional statistics for Somalia
var targetStats = targetTotalRainfall.reduceRegion({
  reducer: ee.Reducer.mean(),
  geometry: somalia,
  scale: 50000,
  maxPixels: 1e9
});

var baselineStats = baselineAvgRainfall.reduceRegion({
  reducer: ee.Reducer.mean(),
  geometry: somalia,
  scale: 50000,
  maxPixels: 1e9
});

var anomalyStats = rainfallAnomaly.reduceRegion({
  reducer: ee.Reducer.mean(),
  geometry: somalia,
  scale: 50000,
  maxPixels: 1e9
});

var percentChangeStats = percentChange.reduceRegion({
  reducer: ee.Reducer.mean(),
  geometry: somalia,
  scale: 50000,
  maxPixels: 1e9
});

// Extract values for printing
var targetRainfallValue = targetStats.get('precipitation');
var baselineRainfallValue = baselineStats.get('precipitation');
var anomalyValue = anomalyStats.get('precipitation');
var percentChangeValue = percentChangeStats.get('precipitation');

// Print results
print('March-September 2022 Total Rainfall (mm):', targetRainfallValue);
print('March-September 1981-2021 Average Rainfall (mm):', baselineRainfallValue);
print('Rainfall Anomaly (mm):', anomalyValue);
print('Rainfall Percentage Change (%):', percentChangeValue);
print('Did rainfall decrease in 2022?', ee.Number(targetRainfallValue).lt(baselineRainfallValue));

// VISUALIZATIONS

// Set up color palettes for the visualizations
var rainfallPalette = ['#ffffcc', '#a1dab4', '#41b6c4', '#2c7fb8', '#253494'];
var anomalyPalette = ['#d7191c', '#fdae61', '#ffffbf', '#abd9e9', '#2c7fb8'];

// Visualization parameters for rainfall
var rainfallVis = {
  min: 0,
  max: 500,
  palette: rainfallPalette
};

// Visualization parameters for rainfall anomaly
var anomalyVis = {
  min: -200,
  max: 200,
  palette: anomalyPalette
};

// Add layers to the map
Map.centerObject(somalia, 5);

// Add Somalia boundary
Map.addLayer(somalia, {color: 'black'}, 'Somalia');

// Add the 2022 rainfall layer
Map.addLayer(targetTotalRainfall.clip(somalia), rainfallVis, 'March-September 2022 Rainfall (mm)');

// Add the 1981-2021 baseline average rainfall layer
Map.addLayer(baselineAvgRainfall.clip(somalia), rainfallVis, 'March-September 1981-2021 Avg Rainfall (mm)', false);

// Add the rainfall anomaly layer
Map.addLayer(rainfallAnomaly.clip(somalia), anomalyVis, 'Rainfall Anomaly (mm)');

// Add the percent change layer
var percentChangeVis = {
  min: -50,
  max: 50,
  palette: anomalyPalette
};
Map.addLayer(percentChange.clip(somalia), percentChangeVis, 'Rainfall Percent Change (%)', false);",v1,165
Did the aerosol optical depth over the Sichuan Basin in southwestern China decrease between 2006 and 2020?,,https://earthobservatory.nasa.gov/images/150918/sichuans-smoggy-basin,,"According to their analysis of MODIS optical depth data, the rate of decrease went from 0.02 per year between 2006 and 2012 to 0.06 per year between 2012 and 2020.",,,,,,v2,166
Was the mean aerosol optical depth higher over Chengdu than over Suining between 2001 and 2023?,,https://earthobservatory.nasa.gov/images/150918/sichuans-smoggy-basin,,,,,,,,v2,167
Did nitrogen oxide concentrations in the Northern Hemisphere increase from 2019 to 2020?,,https://earthobservatory.nasa.gov/images/150967/why-methane-surged-in-2020,,"1. The annual growth rate for 2020 was the highest scientists had recorded since systematic annual methane measurements began in 1983—an increase of 15 parts per billion, which was exceeded again in 2021.",,,,https://code.earthengine.google.com/b531345f13c158a30fec5e5e7c61fed0,"// Analysis of northern hemisphere methane concentrations
// comparing 2019 to 2020 using Sentinel-5P data

// Define the northern hemisphere by combining western and eastern hemispheres
// This avoids the issue with the international date line at -180/180 longitude
var westernHemisphere = ee.Geometry.Rectangle([-180, 0, 0, 90]);
var easternHemisphere = ee.Geometry.Rectangle([0, 0, 180, 90]);
var northernHemisphere = ee.Geometry.MultiPolygon([westernHemisphere, easternHemisphere]);

// Load Sentinel-5P TROPOMI Methane data for 2019 and 2020
// Sentinel-5P provides CH4 concentration data

// 2019 data (full year)
var methane2019 = ee.ImageCollection('COPERNICUS/S5P/OFFL/L3_CH4')
  .filter(ee.Filter.date('2019-01-01', '2019-12-31'))
  .select('CH4_column_volume_mixing_ratio_dry_air');

// 2020 data (full year)
var methane2020 = ee.ImageCollection('COPERNICUS/S5P/OFFL/L3_CH4')
  .filter(ee.Filter.date('2020-01-01', '2020-12-31'))
  .select('CH4_column_volume_mixing_ratio_dry_air');

// Calculate mean methane concentrations for each year
var methane2019Mean = methane2019.mean();
var methane2020Mean = methane2020.mean();

// Calculate the difference in methane concentration between 2020 and 2019
var methaneDifference = methane2020Mean.subtract(methane2019Mean);

// Calculate statistics for the northern hemisphere
var stats2019 = methane2019Mean.reduceRegion({
  reducer: ee.Reducer.mean(),
  geometry: northernHemisphere,
  scale: 1000000, // Larger scale (10km) for regional analysis
  maxPixels: 1e12
});

var stats2020 = methane2020Mean.reduceRegion({
  reducer: ee.Reducer.mean(),
  geometry: northernHemisphere,
  scale: 1000000,
  maxPixels: 1e12
});

var statsDiff = methaneDifference.reduceRegion({
  reducer: ee.Reducer.mean(),
  geometry: northernHemisphere,
  scale: 1000000,
  maxPixels: 1e12
});

// Calculate percent change
var methane2019Value = ee.Number(stats2019.get('CH4_column_volume_mixing_ratio_dry_air'));
var methane2020Value = ee.Number(stats2020.get('CH4_column_volume_mixing_ratio_dry_air'));
var absoluteChange = methane2020Value.subtract(methane2019Value);
var percentChange = absoluteChange.divide(methane2019Value).multiply(100);

// Print the mean methane values and the change
print('Mean Methane Concentration 2019 (ppb):', methane2019Value);
print('Mean Methane Concentration 2020 (ppb):', methane2020Value);
print('Absolute Change in Methane (ppb):', absoluteChange);
print('Percentage Change in Methane (%):', percentChange);
print('Did methane increase from 2019 to 2020?', methane2020Value.gt(methane2019Value));

// Visualization parameters for methane concentration
var methaneVis = {
  min: 1750,
  max: 1900,
  palette: ['black', 'blue', 'purple', 'cyan', 'green', 'yellow', 'red']
};

// Visualization parameters for the difference
var diffVis = {
  min: -10,
  max: 10,
  palette: ['blue', 'white', 'red']
};

// Center map on the northern hemisphere
Map.setCenter(0, 45, 2);

// Add base layers
Map.addLayer(methane2019Mean, methaneVis, '2019 Mean Methane Concentration', true);
Map.addLayer(methane2020Mean, methaneVis, '2020 Mean Methane Concentration', true);

// Add difference layer (the main result)
Map.addLayer(methaneDifference, diffVis, 'Methane Increase (2020 - 2019)', true);

// Add the northern hemisphere boundary
Map.addLayer(ee.FeatureCollection(northernHemisphere), {color: 'black'}, 'Northern Hemisphere');

// Additional analysis: Seasonal patterns
// Calculate quarterly means for both years to see seasonal variations

// Define quarters for each year
var quarters = [
  {name: 'Q1 2019', start: '2019-01-01', end: '2019-03-31'},
  {name: 'Q2 2019', start: '2019-04-01', end: '2019-06-30'},
  {name: 'Q3 2019', start: '2019-07-01', end: '2019-09-30'},
  {name: 'Q4 2019', start: '2019-10-01', end: '2019-12-31'},
  {name: 'Q1 2020', start: '2020-01-01', end: '2020-03-31'},
  {name: 'Q2 2020', start: '2020-04-01', end: '2020-06-30'},
  {name: 'Q3 2020', start: '2020-07-01', end: '2020-09-30'},
  {name: 'Q4 2020', start: '2020-10-01', end: '2020-12-31'}
];

// Calculate and print quarterly means
quarters.forEach(function(quarter) {
  var quarterlyData = ee.ImageCollection('COPERNICUS/S5P/OFFL/L3_CH4')
    .filter(ee.Filter.date(quarter.start, quarter.end))
    .select('CH4_column_volume_mixing_ratio_dry_air')
    .mean();
    
  var quarterlyStats = quarterlyData.reduceRegion({
    reducer: ee.Reducer.mean(),
    geometry: northernHemisphere,
    scale: 1000000,
    maxPixels: 1e12
  });
  
  print(quarter.name + ' Mean Methane Concentration (ppb):', 
    quarterlyStats.get('CH4_column_volume_mixing_ratio_dry_air'));
});
",v1,168
Did San Jose have a higher average nitrogen dioxide concentration than Los Angeles from 2018 to 2019?,No,https://earthobservatory.nasa.gov/images/151005/nitrogen-dioxide-in-the-neighborhood,,,,,Sentinel-5P,,,v2,169
"Does location (33.97811334086217, -118.2436826460509) at Los Angeles have a higher average nitrogen dioxide concentration than location (32.7358717958782,-117.15380986802357) San Diego from 2018 to 2019?",,https://earthobservatory.nasa.gov/images/151005/nitrogen-dioxide-in-the-neighborhood,,"1. The urban population hubs of Los Angeles, San Jose, and San Francisco clearly stand out as having high concentrations. ",,,,https://code.earthengine.google.com/ec95a93d4d2d22d5a537da9dc6355418,"// Load Sentinel-5P TROPOMI NO2 data for 2018-2019
var dataset = ee.ImageCollection('COPERNICUS/S5P/NRTI/L3_NO2')
              .filter(ee.Filter.date('2018-01-01', '2019-12-31'));

// Define Los Angeles and San Diego regions (using points with buffers to capture metropolitan areas)
var la_point = ee.Geometry.Point([-118.2437, 34.0522]); // Los Angeles coordinates
var sd_point = ee.Geometry.Point([-117.1611, 32.7157]); // San Diego coordinates

// Create buffer regions (30km radius) to represent the metropolitan areas
var la_region = la_point.buffer(20000);
var sd_region = sd_point.buffer(20000);

// Select the tropospheric NO2 column density band
var no2_data = dataset.select('tropospheric_NO2_column_number_density');

// Create a visualization parameter for NO2 data
var no2Vis = {
  min: 0,
  max: 0.0002, // Adjust based on typical NO2 range (in mol/m^2)
  palette: ['black', 'blue', 'purple', 'cyan', 'green', 'yellow', 'red']
};

// Function to calculate mean NO2 concentration for a region
function calculateMeanNO2(region, name) {
  // Calculate the mean value within the region
  var meanNO2 = no2_data.mean().reduceRegion({
    reducer: ee.Reducer.mean(),
    geometry: region,
    scale: 50000,
    maxPixels: 1e12
  });
  
  return meanNO2.get('tropospheric_NO2_column_number_density');
}

// Calculate the mean NO2 concentration for both cities
var la_mean = calculateMeanNO2(la_region, 'Los Angeles');
var sd_mean = calculateMeanNO2(sd_region, 'San Diego');

// Calculate the ratio and percentage difference
var ratio = ee.Number(la_mean).divide(sd_mean);
var percentDiff = ee.Number(la_mean).subtract(sd_mean).divide(sd_mean).multiply(100);

// Print the results
print('Mean NO2 Concentration in Los Angeles (2018-2019) (mol/m²):', la_mean);
print('Mean NO2 Concentration in San Diego (2018-2019) (mol/m²):', sd_mean);
print('LA/SD Ratio:', ratio);
print('Percentage Difference (%):', percentDiff);
print('Is NO2 concentration higher in Los Angeles than San Diego?', ee.Number(la_mean).gt(sd_mean));

// Visualization
Map.setCenter(-118, 33.5, 7); // Center the map between LA and SD

// Calculate mean NO2 for the entire period
var meanNO2 = no2_data.mean();

// Add layers to the map
Map.addLayer(meanNO2, no2Vis, 'Mean NO2 (2018-2019)');

// Add city regions to the map
Map.addLayer(ee.FeatureCollection(la_region), {color: 'red'}, 'Los Angeles Metropolitan Area');
Map.addLayer(ee.FeatureCollection(sd_region), {color: 'blue'}, 'San Diego Metropolitan Area');",v1,170
"Does the extent of burn scars in the Flint Hills region of eastern Kansas increase on April 8, 2023, compared to March 19, 2023?",,https://earthobservatory.nasa.gov/images/151223/burn-scars-in-kansas,,"1. The burn scars are visible in this image (right) acquired on April 8, 2023, with the Moderate Resolution Imaging Spectroradiometer (MODIS) instruments on NASA’s Aqua satellite. The left image, acquired with MODIS on NASA’s Terra satellite, shows the same area on March 19, 2023, prior to the extensive burning.",,,,https://code.earthengine.google.com/f0c0695ea33d2868ca4e2e3c57ac149b,"// Define the study area: Flint Hills region of eastern Kansas
var flintHills = ee.Geometry.Polygon(
        [[[-98.02381081430946, 39.49477574692],
          [-98.02381081430946, 37.59601531142469],
          [-94.43677468149696, 37.59601531142469],
          [-94.43677468149696, 39.49477574692]]], null, false);

// Load MODIS burned area data for the specific dates requested
var burnedArea_march19 = ee.ImageCollection('MODIS/061/MCD64A1')
  .filterDate('2023-03-01', '2023-03-19') // March 19, 2023
  .select('BurnDate')
  .mosaic();
  
var burnedArea_april8 = ee.ImageCollection('MODIS/061/MCD64A1')
  .filterDate('2023-04-01', '2023-04-08') // April 8, 2023
  .select('BurnDate')
  .mosaic();

// Clip the data to our region of interest
var flintHills_burns_march19 = burnedArea_march19.clip(flintHills);
var flintHills_burns_april8 = burnedArea_april8.clip(flintHills);

print(burnedArea_april8)

// Create binary masks where burn scars are present (BurnDate > 0)
var march19_mask = flintHills_burns_march19.gt(0);
var april8_mask = flintHills_burns_april8.gt(0);

// Set visualization parameters for the burned areas
var burnedAreaVis = {
  min: 0,
  max: 1,
  palette: ['white', 'red']
};

// Set map center to Flint Hills region
Map.setCenter(-96.3, 38.0, 8);

// Add the burned area layers
Map.addLayer(march19_mask, burnedAreaVis, 'Flint Hills Burns March 19, 2023');
Map.addLayer(april8_mask, burnedAreaVis, 'Flint Hills Burns April 8, 2023');
Map.addLayer(flintHills, {color: 'blue'}, 'Flint Hills Region', true);

// Calculate area of burn scars for both dates
var area_march19 = march19_mask.multiply(ee.Image.pixelArea()).reduceRegion({
  reducer: ee.Reducer.sum(),
  geometry: flintHills,
  scale: 500,
  maxPixels: 1e9
});

var area_april8 = april8_mask.multiply(ee.Image.pixelArea()).reduceRegion({
  reducer: ee.Reducer.sum(),
  geometry: flintHills,
  scale: 500,
  maxPixels: 1e9
});

// Extract the area values in square meters
var march19_area_sqm = area_march19.get('BurnDate');
var april8_area_sqm = area_april8.get('BurnDate');

// Convert to square kilometers for easier interpretation
var march19_area_sqkm = ee.Number(march19_area_sqm).divide(1000000);
var april8_area_sqkm = ee.Number(april8_area_sqm).divide(1000000);

// Print area results to console
print('Flint Hills Burn Scar Area on March 19, 2023 (sq km):', march19_area_sqkm);
print('Flint Hills Burn Scar Area on April 8, 2023 (sq km):', april8_area_sqkm);

// Calculate the difference in burned area
var area_difference = ee.Number(april8_area_sqkm).subtract(march19_area_sqkm);
print('Difference in Burn Scar Area (April 8 - March 19) in sq km:', area_difference);

// Calculate percent change
var percent_change = ee.Number(april8_area_sqkm).subtract(march19_area_sqkm)
  .divide(march19_area_sqkm).multiply(100);

print('Percent change in Burn Scar Area (March 19 to April 8, 2023):', percent_change);

// Answer the research question
var comparison_result = ee.Algorithms.If(
  ee.Number(april8_area_sqkm).gt(ee.Number(march19_area_sqkm)),
  'Yes, the extent of burn scars in the Flint Hills region of eastern Kansas increased on April 8, 2023, compared to March 19, 2023.',
  'No, the extent of burn scars in the Flint Hills region of eastern Kansas did not increase on April 8, 2023, compared to March 19, 2023.'
);

print('Answer to Research Question:', comparison_result);
",v1,171
"On February 14, 2023, were nighttime lights in central Antakya, the capital of Türkiye’s Hatay Province, brighter than those around Hatay Airport?",,https://earthobservatory.nasa.gov/images/151336/brighter-nights-in-antakya,,,,,,,,v2,172
"Was the increase in nighttime light intensity from February 21, 2023, to April 30, 2023, greater in Antakya, the capital of Türkiye’s Hatay Province, than in Altınözü?",,https://earthobservatory.nasa.gov/images/151336/brighter-nights-in-antakya,,,,,,,,v2,173
"Was the increase in nighttime light intensity in Antakya, the capital of Türkiye’s Hatay Province, greater on February 21, 2023 than April 30, 2023?",No,https://earthobservatory.nasa.gov/images/151336/brighter-nights-in-antakya,,,,,,,,v2,174
"Did the temperature over Córdoba airport reach over 40 degrees Celcius on April 26, 2023?",No,https://earthobservatory.nasa.gov/images/151366/spain-browned-by-drought,,"On April 26, hot air from North Africa swept over southern Spain and pushed the temperature at the Córdoba airport to 38.8°C (101.8°F), the highest April temperature recorded in continental Spain.",,,VIIRS,,,v2,175
"From January to mid-May, did Jaén a few miles east of Córdoba recieve more than 3 inches of rain fall in 2023?",no,https://earthobservatory.nasa.gov/images/151366/spain-browned-by-drought,,"Similarly scant rain fell in Jaén, a few miles east of Córdoba: only 2 centimeters (0.8 inches) of the expected 12.5 centimeters (5 inches) of rain fell through mid-May (16 percent of normal).",,,,,,v2,176
"In April 2023, did southern Spain experience temperatures over 90 degrees Fahrenheit?",,https://earthobservatory.nasa.gov/images/151366/spain-browned-by-drought,,"Unseasonable heat exacerbated the prolonged drought. On April 26, hot air from North Africa swept over southern Spain and pushed the temperature at the Córdoba airport to 38.8°C (101.8°F), the highest April temperature recorded in continental Spain.",,,,,,v2,177
"Were crops near the southern Iberian Peninsula healthier (indicated with NDVI) from March 25 to April 23, 2023 as compared to the longer-term average from 2000-2010?",no,https://earthobservatory.nasa.gov/images/151366/spain-browned-by-drought,,"This map indicates where vegetation on the Iberian Peninsula was less healthy than usual (brown) in spring 2023. It shows anomalies in the Normalized Difference Vegetation Index (NDVI)—a satellite-derived product used to assess vegetation conditions.

NDVI depicts the health, or “greenness,” of vegetation based on how much red and near-infrared light the leaves reflect. Healthy vegetation reflects more infrared light and less visible light than stressed vegetation. This map, which uses MODIS data from NASA’s Terra satellite, compares NDVI from March 25 to April 23, 2023, with the longer-term average (2000–2010) for that period.",,,,,,v2,178
"In 2023, was there over 160,000 hectares of fires burning in Quebec?",,https://earthobservatory.nasa.gov/images/151430/fires-burn-across-quebec,,"Fire season in Quebec usually starts in late May. In an average year, only 247 hectares (a square mile) of area would be burned by June 5, according to Quebec’s fire prevention agency (SOPFEU). But so far this year, 160,000 hectares (600 square miles) have burned.",,,,,,v2,179
Did the Central Valley of California experience at least 15 inches of rainfall between October 2022 and March 2023?,,https://earthobservatory.nasa.gov/images/151438/satellites-show-gains-in-california-water,,"Between October 2022 and March 2023, storms provided enough water to raise the amount of water within the “swimming pool” by about 20 inches (about 500 millimeters)",,,,,,v2,180
Did the Central Valley of California have a higher water height equivalent in October 2022 than March 2023?,no,https://earthobservatory.nasa.gov/images/151438/satellites-show-gains-in-california-water,https://eoimages.gsfc.nasa.gov/images/imagerecords/151000/151438/CaliforiaWater_GRACEFO_2022_2023.jpg,"Between October 2022 and March 2023, storms provided enough water to raise the amount of water within the “swimming pool” by about 20 inches (about 500 millimeters)

The gain in water between October 2022 and March 2023 is apparent in the maps above. Blue colors represent areas where conditions were wetter than average (relative to 2004–2010), while red colors were drier than average.",,,,,,v2,181
Did sea surface temperatures in the Arabian Sea reach at least 30 degrees Celcius in June of 2023?,,https://earthobservatory.nasa.gov/images/151463/cyclone-biparjoy-churns-toward-india-and-pakistan,,"According to Roxy Mathew Koll, a climate scientist at the Indian Institute of Tropical Meteorology, sea surface temperatures in the Arabian Sea were 31°C to 32°C in early June, which was 2°C to 4°C above the climatological mean.",,,,,,v2,182
"Was more than 30 percent of Lake Okeechobee’s surface covered by cyanobacteria on June 12, 2023? ",,https://earthobservatory.nasa.gov/images/151581/algae-bloom-in-lake-okeechobee,,,, ,Landsat 9,,,v2,183
"Did the cropland around the North Crimean Canal in Ukraine apprear browner between June 3 and July 19, 2023?",,https://earthobservatory.nasa.gov/images/151622/canals-in-ukraine-are-drying-up,,,,,Landsat 9,,,v2,184
"Did the visible water extent in the North Crimean Canal in Ukraine decrease between June 3 and July 19, 2023?",,https://earthobservatory.nasa.gov/images/151622/canals-in-ukraine-are-drying-up,,,,,Landsat 9,,,v2,185
"Were the agricultural fields between the Kakhovka and North Crimean Canals in Ukraine browner on June 18, 2023 than on May 17, 2023?",,https://earthobservatory.nasa.gov/images/151622/canals-in-ukraine-are-drying-up,,,,,Landsat 9,,,v2,186
"Was the surface color of Lake Ijssel near Kornwerderzand visibly greener than near Afsluitdijk on July 8, 2023?",,https://earthobservatory.nasa.gov/images/151635/the-worlds-largest-freshwater-wind-farm,,"The 32-kilometer-long (20-mile-long) Afsluitdijk, which provides flood protection and separates the lake from the Wadden Sea, is also prominent in the image.",,,Landsat 8,,,v2,187
"Did nighttime light intensity in Al Bayda, Libya, decrease on September 13, 2023, compared to September 8, 2023?",,https://earthobservatory.nasa.gov/images/151855/tracking-nightlights-in-libya,,There was a substantial loss of power evident in the vicinity of Derna and Al Bayda in the September 13 image when compared to the baseline image,,,,,,v2,188
Did the global ocean surface color show a shift toward a greener hue between 2002 and 2022?,,https://earthobservatory.nasa.gov/images/151894/climate-change-lends-new-color-to-the-ocean,,"The map above highlights the areas where ocean surface color changed between 2002 and 2022, with darker shades of green representing more-significant differences (higher signal-to-noise ratio).",,,MODIS-Aqua,,,v2,189
Did the surface water width of the Mississippi River near Memphis decrease on September 2023 compared to September 2021?,,https://earthobservatory.nasa.gov/images/151897/the-mississippi-is-mighty-parched,,"Water levels were especially low near Memphis, Tennessee. The images above show the Mississippi River near Memphis on September 16, 2023 (left), compared to September 10, 2021 (right). The river was significantly slimmed down in 2023, exposing some of the river bottom.",,,,,,v2,190
"Did active fire detections in Sumatra and Borneo, Indonesia, increase in 2023 compared to 2022?",,https://earthobservatory.nasa.gov/images/151929/indonesian-fires-return-in-2023,,"This image shows smoke from fires burning on the island of Borneo, in the Indonesian provinces of South and Central Kalimantan. It was acquired by the MODIS (Moderate Resolution Imaging Spectroradiometer) sensor on NASA’s Terra satellite on October 2, 2023. By that date, fire had burned around 267,900 hectares (662,000 acres) since the start of the year, surpassing the area burned during all of 2022, according to news reports.


",,,,,,v2,191
"Was vegetation greenness (NDVI) within a 40 km raidus around Moroto, Uganda during August 2023 lower than its average for August between 1991 and 2010?",,https://earthobservatory.nasa.gov/images/151969/karamoja-beset-with-drought,,The map displays the difference between NDVI in August 2023 and the average NDVI for August from 1991 to 2010. ,,,"Landsat 5, 7, 8, and 9",,,v2,192
"Are there active fires in October 24, 2023 in Canada?",,https://earthobservatory.nasa.gov/images/151985/tracking-canadas-extreme-2023-fire-season,https://eoimages.gsfc.nasa.gov/images/imagerecords/151000/151985/canada_fires_feds_2023262.mp4,https://cwfis.cfs.nrcan.gc.ca/interactive-map?zoom=0.0019273354162980256&center=-148519.26256233454%2C623347.8702295108&month=10&day=24&year=2023#iMap,151985,,,,,v2,193
"Does the forest fire burn over 0.8 million hectares of land in Quebec, Canada in 2023?",,https://earthobservatory.nasa.gov/images/151985/tracking-canadas-extreme-2023-fire-season,https://eoimages.gsfc.nasa.gov/images/imagerecords/151000/151985/canadafires_quebec_feds_2023204.mp4,"1. The animation above shows the largest Canadian fire in the FEDS database for 2023 as of September 19, 2023—a fire that had charred 1,224,938 hectares (4,730 square miles) in Quebec near the La Grande Reservoir 3. ",151985,,,,,v2,194
"Did the total water surface area within a 5 km radius of Agudo, Brazil increase between November 5, 2023 and November 21, 2023?",,https://earthobservatory.nasa.gov/images/152153/flooding-in-southern-brazil,,"1. Severe thunderstorms dropped up to 4 inches (100 millimeters) of rain a day on southern Brazil starting on November 14, according to Brazil’s National Institute of Meteorology (INMET). Intense rain, lightning, and wind continued in Rio Grande do Sul and neighboring Santa Catarina for several days. According to news reports, multiple tornadoes touched down in Santa Catarina on November 18.",,,,https://code.earthengine.google.com/b7dba3fa6e4ac32251ff5c89629d653d,"// Define the location of Agudo, Brazil
var agudo = ee.Geometry.Point([-53.2353, -29.6447]);

// Create a 5km buffer around Agudo
var buffer = agudo.buffer(15000);

// Load Landsat 8 imagery for the two dates
var before = ee.ImageCollection('LANDSAT/LC08/C02/T1_L2')
  .filterDate('2023-11-05', '2023-11-06')
  .filterBounds(buffer)
  .mosaic();
  
var after = ee.ImageCollection('LANDSAT/LC08/C02/T1_L2')
  .filterDate('2023-11-21', '2023-11-22')
  .filterBounds(buffer)
  .mosaic();

// Function to mask clouds using the quality band
function maskL8(image) {
  // Bit 0 - Fill
  // Bit 1 - Dilated Cloud
  // Bit 2 - Cirrus
  // Bit 3 - Cloud
  // Bit 4 - Cloud Shadow
  var qaMask = image.select('QA_PIXEL').bitwiseAnd(parseInt('11111', 2)).eq(0);
  var saturationMask = image.select('QA_RADSAT').eq(0);

  // Apply the scaling factors to the appropriate bands
  var opticalBands = image.select('SR_B.').multiply(0.0000275).add(-0.2);
  var thermalBands = image.select('ST_B.*').multiply(0.00341802).add(149.0);

  // Replace the original bands with the scaled ones and apply the masks
  return image.addBands(opticalBands, null, true)
    .addBands(thermalBands, null, true)
    .updateMask(qaMask)
    .updateMask(saturationMask);
}

// Apply cloud mask
var beforeCloudMasked = maskL8(before);
var afterCloudMasked = maskL8(after);

// Calculate NDWI (Normalized Difference Water Index) for water detection
// Using Green (B3) and NIR (B5) bands
var ndwiBefore = beforeCloudMasked.normalizedDifference(['SR_B3', 'SR_B5']).rename('NDWI');
var ndwiAfter = afterCloudMasked.normalizedDifference(['SR_B3', 'SR_B5']).rename('NDWI');

// Apply threshold to identify water (NDWI > 0.3 typically indicates water)
var waterBefore = ndwiBefore.gt(0.1);
var waterAfter = ndwiAfter.gt(0.1);

// Calculate water area for both dates
var areaBefore = waterBefore.multiply(ee.Image.pixelArea()).reduceRegion({
  reducer: ee.Reducer.sum(),
  geometry: buffer,
  scale: 30,
  maxPixels: 1e9
});

var areaAfter = waterAfter.multiply(ee.Image.pixelArea()).reduceRegion({
  reducer: ee.Reducer.sum(),
  geometry: buffer,
  scale: 30,
  maxPixels: 1e9
});

// Print the water area in square kilometers
print('Water area on November 5, 2023 (sq km):', ee.Number(areaBefore.get('NDWI')).divide(1e6));
print('Water area on November 21, 2023 (sq km):', ee.Number(areaAfter.get('NDWI')).divide(1e6));
print('Difference (sq km):', ee.Number(areaAfter.get('NDWI')).subtract(areaBefore.get('NDWI')).divide(1e6));

// Create visualization parameters for water extent
var waterVisPalette = ['white', 'blue'];
var waterVis = {
  min: 0,
  max: 1,
  palette: waterVisPalette
};

// Create RGB visualization parameters for natural color imagery
var rgbVis = {
  bands: ['SR_B4', 'SR_B3', 'SR_B2'],
  min: 0.0,
  max: 0.3
};

// Center the map on Agudo, Brazil
Map.centerObject(buffer, 12);

// Add layers to the map
Map.addLayer(beforeCloudMasked, rgbVis, 'Landsat 8 - Nov 5, 2023 (RGB)');
Map.addLayer(afterCloudMasked, rgbVis, 'Landsat 8 - Nov 21, 2023 (RGB)');
Map.addLayer(waterBefore, waterVis, 'Water Extent - Nov 5, 2023');
Map.addLayer(waterAfter, waterVis, 'Water Extent - Nov 21, 2023');
Map.addLayer(buffer, {color: 'red'}, '5km Buffer around Agudo');",v1,195
"In September 2023, did Cabo Frio have a sea zone of a temperature graident over 5 degrees Celcius over less than 10 kilometers?",,https://earthobservatory.nasa.gov/images/152240/chilling-out-in-brazil,,"One model of Cabo Frio upwelling, developed by researchers in Germany and Brazil, indicates that the zone of cool water typically covers an area about 200 kilometers long and 20 kilometers wide (124 miles long and 12 miles wide), and has temperature gradients as large as 8 degrees Celsius (14 degrees Fahrenheit) over less than 10 kilometers.",,,"MODIS-Aqua
VIIRS",,,v2,196
"Was there at least 35 millimeters of rain in areas of Wales and central and southern England on January 2, 2024?",,https://earthobservatory.nasa.gov/images/152275/storm-batters-the-united-kingdom,,"The disturbance brought up to 40 millimeters of rain to areas of Wales and central and southern England on January 2, and the U.K.’s Environment Agency issued more than 250 flood warnings.",,,,,,v2,197
"In parts of East Midlands, northeast England, and eastern Scotland, was there more rain during October 1, 2023, and January 4, 2024 as compared to their 1991-2020 average rainfalls for those months?",,https://earthobservatory.nasa.gov/images/152295/flooding-along-the-river-trent,,"Between October 1, 2023, and January 4, 2024, parts of the East Midlands, northeast England, and eastern Scotland received more than 150 percent of the 1991-2020 average rainfall for those months.",,,,,,v2,198
"Was the water extent at the River Nene larger, specifically 5 km radius around (53.083908, -0.819876) on January 4,2024 than on January 5, 2022?",,https://earthobservatory.nasa.gov/images/152295/flooding-along-the-river-trent,,"Near Northampton, to the east, the River Nene jumped to 1.63 meters on January 3, just 1 centimeter below the record high level recorded on December 24, 2020.",,,,,,v2,199
"Did satellite imagery show complete cloud coverage over the Delhi metropolitan area on January 15, 2024?",No,https://earthobservatory.nasa.gov/images/152337/fog-blankets-the-indo-gangetic-plain,,"1. Heat islands around some cities—including Delhi, Agra, Meerut, and Rohtak—appear to have punched holes in the fog, revealing the urban landscape below.",,,,https://code.earthengine.google.com/2a55678f1e5f6d16371f8afa998a76fb,"// Analysis of cloud coverage over Delhi on January 15, 2024
// Using both MODIS Terra (morning) and Aqua (afternoon) data

// Define Delhi region using FAO GAUL dataset (Administrative level 2)
var delhi = ee.FeatureCollection('FAO/GAUL/2015/level1')
  .filter(ee.Filter.eq('ADM1_NAME', 'Delhi'))
  .filter(ee.Filter.eq('ADM0_NAME', 'India'));

// Load MODIS Terra (morning) and Aqua (afternoon) data for January 15, 2024
// Terra typically passes in the morning (~10:30 AM local time)
// Aqua typically passes in the afternoon (~1:30 PM local time)

// Morning data from Terra MODIS
var terraMorning = ee.ImageCollection('MODIS/061/MOD21A1D')
  .filter(ee.Filter.date('2024-01-15', '2024-01-16'))
  .first();

// Afternoon data from Aqua MODIS
var aquaAfternoon = ee.ImageCollection('MODIS/061/MYD21A1D')
  .filter(ee.Filter.date('2024-01-15', '2024-01-16'))
  .first();

// Function to extract cloud flag from QC band (bits 4-5)
function extractCloudFlag(image) {
  var qcBand = image.select('QC');
  // Extract bits 4-5 (cloud flag)
  // Shift right by 4 bits, then mask to keep only 2 bits
  var cloudFlag = qcBand.rightShift(4).bitwiseAnd(3);
  return cloudFlag;
}

// Extract cloud flags
var morningCloudFlag = extractCloudFlag(terraMorning);
var afternoonCloudFlag = extractCloudFlag(aquaAfternoon);

// Create masks for cloud detection (cloud flag = 3 indicates cloudy pixels)
var morningCloudMask = morningCloudFlag.eq(3);
var afternoonCloudMask = afternoonCloudFlag.eq(3);

// Calculate cloud coverage area for morning and afternoon
function calculateCloudArea(cloudMask, region) {
  var cloudArea = cloudMask.multiply(ee.Image.pixelArea()).reduceRegion({
    reducer: ee.Reducer.sum(),
    geometry: region.geometry(),
    scale: 1000,  // MODIS resolution
    maxPixels: 1e12
  });
  return cloudArea.get('QC');  // QC is the band name
}

var morningCloudArea = calculateCloudArea(morningCloudMask, delhi);
var afternoonCloudArea = calculateCloudArea(afternoonCloudMask, delhi);

// Calculate the total area of Delhi
var totalArea = delhi.geometry().area();

// Calculate percentage of Delhi covered by clouds
var morningCloudPercentage = ee.Number(morningCloudArea).divide(totalArea).multiply(100);
var afternoonCloudPercentage = ee.Number(afternoonCloudArea).divide(totalArea).multiply(100);

// Print results
print('Delhi Region:', delhi);
print('Total Delhi Area (sq m):', totalArea);
print('Morning Cloud Coverage Area (sq m):', morningCloudArea);
print('Morning Cloud Coverage (% of area):', morningCloudPercentage);
print('Afternoon Cloud Coverage Area (sq m):', afternoonCloudArea);
print('Afternoon Cloud Coverage (% of area):', afternoonCloudPercentage);
print('Was approximately 80% of Delhi covered by clouds on January 15, 2024?');
print('Morning: Approximately 80%?', ee.Number(morningCloudPercentage).subtract(80).abs().lt(5));
print('Afternoon: Approximately 80%?', ee.Number(afternoonCloudPercentage).subtract(80).abs().lt(5));

// Visualization
// Create a visualization of the cloud flag classes for both times
var cloudFlagVis = {
  min: 0,
  max: 3,
  palette: ['green', 'yellow', 'orange', 'white']
};

// Visualization specifically for cloud detection
var cloudVis = {
  palette: ['000000', '0000FF']  // Black for no clouds, blue for clouds
};

// Center map on Delhi
Map.centerObject(delhi, 10);

// Add base layers
Map.addLayer(terraMorning, {bands: ['QC'], min: 0, max: 255}, 'Morning MODIS Terra Raw', false);
Map.addLayer(aquaAfternoon, {bands: ['QC'], min: 0, max: 255}, 'Afternoon MODIS Aqua Raw', false);

// Add cloud flag classification layers
Map.addLayer(morningCloudFlag, cloudFlagVis, 'Morning Cloud Flag', false);
Map.addLayer(afternoonCloudFlag, cloudFlagVis, 'Afternoon Cloud Flag', false);

// Add cloud mask layers (the main result)
Map.addLayer(morningCloudMask.selfMask(), cloudVis, 'Morning Cloud Coverage', true);
Map.addLayer(afternoonCloudMask.selfMask(), {palette: ['FF0000']}, 'Afternoon Cloud Coverage', true);

// Add the Delhi boundary
Map.addLayer(delhi, {color: 'black'}, 'Delhi Region');

// Alternative: Use MODIS cloud product for verification
// Use MOD35_L2 and MYD35_L2 Cloud Mask products if available
try {
  var modisTerraClouds = ee.ImageCollection('MODIS/006/MOD35_L2')
    .filter(ee.Filter.date('2024-01-15', '2024-01-16'))
    .select('Cloud_Mask')
    .first();
    
  var modisAquaClouds = ee.ImageCollection('MODIS/006/MYD35_L2')
    .filter(ee.Filter.date('2024-01-15', '2024-01-16'))
    .select('Cloud_Mask')
    .first();
    
  // Add these layers for cross-verification
  if (modisTerraClouds) {
    Map.addLayer(modisTerraClouds, {min: 0, max: 6, palette: ['black', 'white', 'red', 'blue', 'green', 'yellow', 'cyan']}, 
                'MODIS Terra Cloud Mask', false);
  }
  
  if (modisAquaClouds) {
    Map.addLayer(modisAquaClouds, {min: 0, max: 6, palette: ['black', 'white', 'red', 'blue', 'green', 'yellow', 'cyan']}, 
                'MODIS Aqua Cloud Mask', false);
  }
} catch (error) {
  print('Additional MODIS cloud products not available:', error);
}",v1,200
"Was the surface temperature at (63.8577134531586, -22.413665983340525) higher than Grindavik on January 16, 2024?",,https://earthobservatory.nasa.gov/images/152344/new-fissures-spill-lava-in-iceland,,"1. A fissure eruption began at 7:57 a.m. local time on January 14, 2024, approximately 1 kilometer away from Grindavík. It followed several hours of increased seismicity, according to the Icelandic Met Office. ",,,,https://code.earthengine.google.com/b13baf98847c1f4142758ecdd7a94b66,"// Analysis of surface temperature comparing Grindavik and a region 1km north
// for January 16, 2024

// Define Grindavik coordinates in Iceland (approximate center)
var grindavik = ee.Geometry.Point([-22.4374, 63.8424]);

// Define a point 1km north of Grindavik
// 1km north means approximately 0.009 degrees latitude
var grindavikNorth = ee.Geometry.Point([-22.4374, 63.8514]);

// Create small buffer regions around each point for analysis (100m radius)
var grindavikRegion = grindavik.buffer(1000);
var northRegion = grindavikNorth.buffer(1000);

// Load Landsat 8/9 data for January 16, 2024
// Using Landsat Collection 2 Level 2 data which has surface temperature products
var landsat = ee.ImageCollection('LANDSAT/LC09/C02/T2_TOA')
  .filterDate('2024-01-16', '2024-01-17')
  .filterBounds(grindavik);
  
print(landsat.size())

// Function to scale surface temperature
function scaleTemp(image) {
  // Surface temperature band is ST_B10, needs scaling
  // For Landsat Collection 2: multiply by 0.00341802 and add 149.0
  // Convert from Kelvin to Celsius by subtracting 273.15
  var st = image.select('B10')
               .subtract(273.15).rename('surface_temp_celsius');
  return image.addBands(st);
}

// Apply temperature scaling
var landsatWithTemp = landsat.map(scaleTemp);

// Get the first image (assuming there's at least one for this date)
var image = landsatWithTemp.first();

// Calculate mean temperature for each region
var grindavikTemp = image.select('surface_temp_celsius').reduceRegion({
  reducer: ee.Reducer.mean(),
  geometry: grindavikRegion,
  scale: 30 // Landsat resolution
});

var northTemp = image.select('surface_temp_celsius').reduceRegion({
  reducer: ee.Reducer.mean(),
  geometry: northRegion,
  scale: 30
});

// Get the temperature values
var grindavikTempValue = grindavikTemp.get('surface_temp_celsius');
var northTempValue = northTemp.get('surface_temp_celsius');

// Calculate the temperature difference
var tempDifference = ee.Number(northTempValue).subtract(grindavikTempValue);

// Check if the northern region is warmer
var isNorthWarmer = ee.Number(northTempValue).gt(grindavikTempValue);

// Print results
print('Date of analysis:', '2024-01-16');
print('Grindavik temperature (°C):', grindavikTempValue);
print('1km North temperature (°C):', northTempValue);
print('Temperature difference (North - Grindavik, °C):', tempDifference);
print('Is the region 1km north warmer than Grindavik?', isNorthWarmer);

// Visualization
// Center map on Grindavik
Map.centerObject(grindavik, 14);

// Add temperature visualization
var tempVis = {
  bands: ['surface_temp_celsius'],
  min: -10,
  max: 20,
  palette: ['blue', 'cyan', 'green', 'yellow', 'orange', 'red']
};

// Add the layers to the map
Map.addLayer(image.select('surface_temp_celsius'), tempVis, 'Surface Temperature');
Map.addLayer(grindavikRegion, {color: 'black'}, 'Grindavik');
Map.addLayer(northRegion, {color: 'white'}, '1km North of Grindavik');

// Add an RGB visualization for context
var rgbVis = {
  bands: ['B4', 'B3', 'B2'],
  min: 7000,
  max: 30000
};

Map.addLayer(image, rgbVis, 'RGB Visualization', false);

// Add a more detailed temperature difference visualization
// Create a mask to focus on just our areas of interest
var areaOfInterest = grindavikRegion.union(northRegion).buffer(500);

// Add temperature with more detailed visualization for our specific area
Map.addLayer(
  image.select('surface_temp_celsius').clip(areaOfInterest),
  {
    min: -5,
    max: 10,
    palette: ['blue', 'cyan', 'green', 'yellow', 'orange', 'red']
  },
  'Detailed Temperature',
  true
);",v1,201
"Was the land surface temperature in California higher than in Mississippi during July 12-19, 2005?",,https://earthobservatory.nasa.gov/images/15247/heatwave-in-the-united-states,,"1. The high temperatures in the west are reflected in this image, which shows land surface temperatures in the United States between July 12 and July 19, 2005.",,,,https://code.earthengine.google.com/408ee3551d8334892e47f76a10a6ead8,"// Define California and Mississippi state boundaries
var california = ee.FeatureCollection(""TIGER/2018/States"")
  .filter(ee.Filter.eq('NAME', 'California'));
  
var mississippi = ee.FeatureCollection(""TIGER/2018/States"")
  .filter(ee.Filter.eq('NAME', 'Mississippi'));

// Load MODIS Land Surface Temperature dataset
var modisLST = ee.ImageCollection(""MODIS/061/MOD11A1"");

// Define the date range of interest (July 12-19, 2005)
var startDate = ee.Date('2005-07-12');
var endDate = ee.Date('2005-07-19');

// Get LST data for the target date range
var lstImages = modisLST
  .filter(ee.Filter.date(startDate, endDate))
  .select('LST_Day_1km');

// Function to convert MODIS LST to Celsius
var convertToCelsius = function(image) {
  var lst = image.select('LST_Day_1km');
  var lstCelsius = lst.multiply(0.02).subtract(273.15);
  return lstCelsius.rename('LST_Celsius');
};

// Map the conversion function over the image collection
var lstCelsiusCollection = lstImages.map(convertToCelsius);

// Calculate the mean LST for the time period
var meanLST = lstCelsiusCollection.mean();

// Calculate the mean LST for each state
var meanLST_CA = meanLST.reduceRegion({
  reducer: ee.Reducer.mean(),
  geometry: california,
  scale: 1000,
  maxPixels: 1e12
});

var meanLST_MS = meanLST.reduceRegion({
  reducer: ee.Reducer.mean(),
  geometry: mississippi,
  scale: 1000,
  maxPixels: 1e12
});

// Extract the LST values
var lstValue_CA = meanLST_CA.get('LST_Celsius');
var lstValue_MS = meanLST_MS.get('LST_Celsius');

// Compare the LST values
var difference = ee.Number(lstValue_CA).subtract(lstValue_MS);
var californiaHigher = ee.Number(lstValue_CA).gt(lstValue_MS);

// Visualization parameters for the LST map
var lstVis = {
  min: 20,
  max: 45,
  palette: ['blue', 'green', 'yellow', 'orange', 'red']
};

// Add layers to the map
Map.addLayer(meanLST.clip(california), lstVis, 'LST California (°C) - July 12-19, 2005');
Map.addLayer(meanLST.clip(mississippi), lstVis, 'LST Mississippi (°C) - July 12-19, 2005');

// Add state boundaries
Map.addLayer(california, {color: 'black'}, 'California Boundary');
Map.addLayer(mississippi, {color: 'black'}, 'Mississippi Boundary');

// Create a map that shows both states
var californiaBounds = california.geometry().bounds();
var mississippiBounds = mississippi.geometry().bounds();

// Set up the map to show the continental US
Map.setCenter(-95, 40, 4);

// Print the results
print('===== LAND SURFACE TEMPERATURE COMPARISON (July 12-19, 2005) =====');
print('Mean LST in California (°C):', lstValue_CA);
print('Mean LST in Mississippi (°C):', lstValue_MS);
print('Temperature difference (CA - MS) (°C):', difference);
print('Is California warmer than Mississippi?', californiaHigher);

// Additional analysis: Calculate temperature distributions within both states
// Create temperature bins for histogram analysis
var temperatureBins = [10, 15, 20, 25, 30, 35, 40, 45, 50, 55, 60];

// Sample points in both states
var samplePoints_CA = meanLST.clip(california).sample({
  region: california,
  scale: 1000,
  numPixels: 1000,
  geometries: true
});

var samplePoints_MS = meanLST.clip(mississippi).sample({
  region: mississippi,
  scale: 1000,
  numPixels: 1000,
  geometries: true
});

// Create histograms to compare temperature distributions
var histogramCA = ui.Chart.feature.histogram({
  features: samplePoints_CA,
  property: 'LST_Celsius',
  maxBuckets: 20
})
.setOptions({
  title: 'Temperature Distribution in California (July 12-19, 2005)',
  hAxis: {title: 'Temperature (°C)'},
  vAxis: {title: 'Frequency'},
  colors: ['red']
});

var histogramMS = ui.Chart.feature.histogram({
  features: samplePoints_MS,
  property: 'LST_Celsius',
  maxBuckets: 20
})
.setOptions({
  title: 'Temperature Distribution in Mississippi (July 12-19, 2005)',
  hAxis: {title: 'Temperature (°C)'},
  vAxis: {title: 'Frequency'},
  colors: ['blue']
});

print(histogramCA);
print(histogramMS);

// Calculate temperature statistics for each state
var statsCA = samplePoints_CA.reduceColumns({
  reducer: ee.Reducer.stdDev().combine({
    reducer2: ee.Reducer.median(),
    sharedInputs: true
  }).combine({
    reducer2: ee.Reducer.percentile([25, 75]),
    sharedInputs: true
  }),
  selectors: ['LST_Celsius']
});

var statsMS = samplePoints_MS.reduceColumns({
  reducer: ee.Reducer.stdDev().combine({
    reducer2: ee.Reducer.median(),
    sharedInputs: true
  }).combine({
    reducer2: ee.Reducer.percentile([25, 75]),
    sharedInputs: true
  }),
  selectors: ['LST_Celsius']
});

print('Temperature statistics for California:');
print('  Standard deviation (°C):', statsCA.get('stdDev'));
print('  Median (°C):', statsCA.get('median'));
print('  25th percentile (°C):', statsCA.get('p25'));
print('  75th percentile (°C):', statsCA.get('p75'));

print('Temperature statistics for Mississippi:');
print('  Standard deviation (°C):', statsMS.get('stdDev'));
print('  Median (°C):', statsMS.get('median'));
print('  25th percentile (°C):', statsMS.get('p25'));
print('  75th percentile (°C):', statsMS.get('p75'));

// Final conclusion on whether California has higher land surface temperature than Mississippi
print('CONCLUSION:');
print('Based on MODIS Land Surface Temperature data for July 12-19, 2005,',
      ee.Algorithms.If(
        californiaHigher,
        'California DID have higher average land surface temperatures than Mississippi.',
        'California DID NOT have higher average land surface temperatures than Mississippi.'
      ));",v1,202
"Was the aerosol optical depth higher over Chiang Mai, Thailand during March 2024 compared to May 2024?",,https://earthobservatory.nasa.gov/images/152635/hazy-skies-in-a-growing-city,,https://www.iqair.com/us/world-most-polluted-cities?sort=-rank&perPage=50&cities=uf7aCpduMf3Lg4de2%2CWJv6Pqdvj8ph9xkuZ,,,,,,v2,203
"Was the aerosol optical depth higher over Chiang Mai, Thailand during March 2024 than Bangkok, Thailand?",,https://earthobservatory.nasa.gov/images/152635/hazy-skies-in-a-growing-city,,https://www.iqair.com/us/world-most-polluted-cities?sort=-rank&perPage=50&cities=uf7aCpduMf3Lg4de2%2CWJv6Pqdvj8ph9xkuZ,,,,,,v2,204
Does the built-up area in Dublin increase from November 1984 to November 2022?,,https://earthobservatory.nasa.gov/images/152640/dublins-urban-expansion,,"1. These images show the extent to which urban areas have grown between 1984 (left) and 2022 (right). 
2. The images were acquired by Landsat 5 and Landsat 8, respectively, and are false color to emphasize the difference between vegetated (green) and built-up areas (gray and brown). Dublin’s growth has been fairly low-density, and some greenness remains even in urban areas.",,,,https://code.earthengine.google.com/daa4c9160878d97defc6f1bdc9ff50c1,"// Define Dublin using FAO GAUL dataset
var dublin = ee.FeatureCollection('FAO/GAUL/2015/level1')
  .filter(ee.Filter.and(
    ee.Filter.eq('ADM0_NAME', 'Ireland'),
    ee.Filter.eq('ADM1_NAME', 'Dublin')
  ));

// Center map on Dublin
Map.centerObject(dublin, 10);

// ----- GHSL BUILT VOLUME ANALYSIS (1985-2020) -----

// Load GHSL built-up area datasets (built-up area grid)
// This dataset shows the built-up presence at each epoch
var builtup_1985 = ee.Image('JRC/GHSL/P2023A/GHS_BUILT_V/1985').select('built_volume_total').clip(dublin);
var builtup_2020 = ee.Image('JRC/GHSL/P2023A/GHS_BUILT_V/2020').select('built_volume_total').clip(dublin);

// Visualization parameters for binary built-up areas
var builtupVisParams = {
  min: 0,
  max: 1,
  palette: ['white', 'red']
};

// ----- LANDSAT RGB ANALYSIS (1984-2022) -----

// November 1984 Landsat 5 TM data
var dataset_1984 = ee.ImageCollection('LANDSAT/LT05/C02/T1_L2')
    .filterDate('1984-10-01', '1984-12-31') // Focus on November 1984 +/- 1 month
    .filterBounds(dublin);

// November 2022 Landsat 9 OLI data
var dataset_2022 = ee.ImageCollection('LANDSAT/LC09/C02/T1_L2')
    .filterDate('2022-10-01', '2022-12-31') // Focus on November 2022 +/- 1 month
    .filterBounds(dublin);

// Function to apply scale factors for surface reflectance bands
function applyScaleFactors(image) {
  var opticalBands = image.select('SR_B.').multiply(0.0000275).add(-0.2);
  return image.addBands(opticalBands, null, true);
}

// Function to mask clouds using the QA_PIXEL band
function maskClouds(image) {
  // Get the QA band
  var qa = image.select('QA_PIXEL');
  
  // Bit positions: 1 = dilated cloud, 3 = cloud, 4 = cloud shadow
  var cloudBitMask = 1 << 1 | 1 << 3;
  var shadowBitMask = 1 << 4;
  
  // Mask out clouds and shadows
  var mask = qa.bitwiseAnd(cloudBitMask).eq(0)
             .and(qa.bitwiseAnd(shadowBitMask).eq(0));
  
  return image.updateMask(mask);
}

// Apply scale factors and cloud masking
dataset_1984 = dataset_1984.map(applyScaleFactors).map(maskClouds);
dataset_2022 = dataset_2022.map(applyScaleFactors).map(maskClouds);

// Create single composite images by taking the median value
var image_ls_1984 = dataset_1984.median().clip(dublin);
var image_ls_2022 = dataset_2022.median().clip(dublin);

// RGB visualization for Landsat 5 (1984)
var rgbVis_1984 = {
  bands: ['SR_B3', 'SR_B2', 'SR_B1'], // Landsat 5 RGB (Red, Green, Blue)
  min: 0,
  max: 0.3
};

// RGB visualization for Landsat 9 (2022)
var rgbVis_2022 = {
  bands: ['SR_B4', 'SR_B3', 'SR_B2'], // Landsat 9 RGB (Red, Green, Blue)
  min: 0,
  max: 0.3
};

// ----- COMBINED ANALYSIS & VISUALIZATION -----

// Add Dublin boundary
Map.addLayer(dublin, {}, 'Dublin County', false);

// Add Landsat RGB layers
Map.addLayer(image_ls_1984, rgbVis_1984, 'Landsat RGB Nov 1984', true);
Map.addLayer(image_ls_2022, rgbVis_2022, 'Landsat RGB Nov 2022', true);

// Add binary built-up area layers
Map.addLayer(builtup_1985, builtupVisParams, 'Built-up area 1985', false);
Map.addLayer(builtup_2020, builtupVisParams, 'Built-up area 2020', false);

// Calculate and add urban growth layer
var growth = builtup_2020.subtract(builtup_1985);
Map.addLayer(growth.selfMask(), {palette: 'darkred'}, 'Urban growth 1985-2020', true);

// Calculate area statistics
var pixelArea = ee.Image.pixelArea();

var area_1985 = builtup_1985.multiply(pixelArea).reduceRegion({
  reducer: ee.Reducer.sum(),
  geometry: dublin,
  scale: 30,  // Use Landsat resolution
  maxPixels: 1e9
});

var area_2020 = builtup_2020.multiply(pixelArea).reduceRegion({
  reducer: ee.Reducer.sum(),
  geometry: dublin,
  scale: 30,
  maxPixels: 1e9
});

// Convert area to square kilometers
var builtupArea_1985_km2 = ee.Number(area_1985.get('built_volume_total')).divide(1e6);
var builtupArea_2020_km2 = ee.Number(area_2020.get('built_volume_total')).divide(1e6);

// Calculate changes in area
var areaChange_km2 = builtupArea_2020_km2.subtract(builtupArea_1985_km2);
var areaPercentChange = areaChange_km2.divide(builtupArea_1985_km2).multiply(100);

// Print results to console
print('Built-up area in 1985 (km²):', builtupArea_1985_km2);
print('Built-up area in 2020 (km²):', builtupArea_2020_km2);
print('Change in built-up area (km²):', areaChange_km2);
print('Percentage change in area (%):', areaPercentChange);",v1,205
Was there a decrease in rainfall in Zimbabwe in February 2024 compared to February 2023?,,https://earthobservatory.nasa.gov/images/152711/severe-drought-in-southern-africa,,"1.  But CHC researchers analyzing CHIRPS data found that February 2024 was the driest February in the 40-year data record for an area spanning much of Zambia, Zimbabwe, southeastern Angola, and northern Botswana.",,,,https://code.earthengine.google.com/ceda23ceaaacf6c61db7b739982f1e87,"// Load CHIRPS daily precipitation data for February 2023 and 2024
var dataset_2023 = ee.ImageCollection('UCSB-CHG/CHIRPS/DAILY')
                  .filter(ee.Filter.date('2023-02-01', '2023-02-28'));
var dataset_2024 = ee.ImageCollection('UCSB-CHG/CHIRPS/DAILY')
                  .filter(ee.Filter.date('2024-02-01', '2024-02-29')); // Note: 2024 is a leap year

// Select the precipitation band
var precipitation_2023 = dataset_2023.select('precipitation');
var precipitation_2024 = dataset_2024.select('precipitation');

// Define Zimbabwe boundaries
// Load country boundaries and filter for Zimbabwe
var countries = ee.FeatureCollection('UCSB-CHG/CHIRPS/DAILY');
var zimbabwe = ee.FeatureCollection('FAO/GAUL/2015/level0')
              .filter(ee.Filter.eq('ADM0_NAME', 'Zimbabwe'));

// Create a visualization parameter for the precipitation data (in mm/day)
var precipitationVis = {
  min: 0,
  max: 20,
  palette: ['white', 'cyan', 'blue', 'purple', 'magenta'],
};

// Function to calculate mean precipitation for a specific dataset over a region
function calculateMeanPrecipitation(dataset, region) {
  // Get the mean precipitation over the month
  var meanPrecip = dataset.mean();
  
  // Calculate the average precipitation in the region in mm/day
  var meanRegionalPrecip = meanPrecip.reduceRegion({
    reducer: ee.Reducer.mean(),
    geometry: region,
    scale: 5000,
    maxPixels: 1e12
  });
  
  return meanRegionalPrecip.get('precipitation');
}

// Calculate the monthly total precipitation by summing daily values
var totalPrecip_2023 = precipitation_2023.sum();
var totalPrecip_2024 = precipitation_2024.sum();

// Calculate the mean precipitation for both years
var meanDailyPrecip_2023 = calculateMeanPrecipitation(precipitation_2023, zimbabwe);
var meanDailyPrecip_2024 = calculateMeanPrecipitation(precipitation_2024, zimbabwe);

// Calculate the total February precipitation for both years (mean daily * number of days)
var totalPrecip_2023_mm = ee.Number(meanDailyPrecip_2023).multiply(28); // 28 days in Feb 2023
var totalPrecip_2024_mm = ee.Number(meanDailyPrecip_2024).multiply(29); // 29 days in Feb 2024 (leap year)

// Calculate the absolute and percentage change
var absoluteChange = ee.Number(totalPrecip_2024_mm).subtract(totalPrecip_2023_mm);
var percentChange = absoluteChange.divide(totalPrecip_2023_mm).multiply(100);

// For fair comparison (adjusting for different number of days), calculate daily average
var dailyAvg_2023 = ee.Number(totalPrecip_2023_mm).divide(28);
var dailyAvg_2024 = ee.Number(totalPrecip_2024_mm).divide(29);
var dailyAvgChange = ee.Number(dailyAvg_2024).subtract(dailyAvg_2023);
var dailyAvgPercentChange = dailyAvgChange.divide(dailyAvg_2023).multiply(100);

// Print the results
print('Mean Daily Precipitation in Zimbabwe - February 2023 (mm/day):', meanDailyPrecip_2023);
print('Mean Daily Precipitation in Zimbabwe - February 2024 (mm/day):', meanDailyPrecip_2024);
print('Total Precipitation in Zimbabwe - February 2023 (mm):', totalPrecip_2023_mm);
print('Total Precipitation in Zimbabwe - February 2024 (mm):', totalPrecip_2024_mm);
print('Absolute Change in Total Precipitation (mm):', absoluteChange);
print('Percentage Change in Total Precipitation (%):', percentChange);
print('Did rainfall decrease in February 2024?', ee.Number(totalPrecip_2024_mm).lt(totalPrecip_2023_mm));

// Account for different number of days in month
print('Daily Average - February 2023 (mm/day):', dailyAvg_2023);
print('Daily Average - February 2024 (mm/day):', dailyAvg_2024);
print('Absolute Change in Daily Average (mm/day):', dailyAvgChange);
print('Percentage Change in Daily Average (%):', dailyAvgPercentChange);
print('Did average daily rainfall decrease in February 2024?', ee.Number(dailyAvg_2024).lt(dailyAvg_2023));

// Visualization
Map.centerObject(zimbabwe, 4);

// Calculate monthly total precipitation for visualization
var monthlyTotal_2023 = precipitation_2023.sum();
var monthlyTotal_2024 = precipitation_2024.sum();

// Set visualization parameters for monthly totals
var monthlyTotalVis = {
  min: 0,
  max: 300, // Adjusted for monthly totals in mm
  palette: ['white', 'cyan', 'green', 'yellow', 'red']
};

// Add layers to the map
Map.addLayer(monthlyTotal_2023.clip(zimbabwe), monthlyTotalVis, 'Total Rainfall Feb 2023 (mm)');
Map.addLayer(monthlyTotal_2024.clip(zimbabwe), monthlyTotalVis, 'Total Rainfall Feb 2024 (mm)', false);

// Create a difference image to show changes
var precipDifference = monthlyTotal_2024.subtract(monthlyTotal_2023);
var diffVis = {
  min: -100,
  max: 100,
  palette: ['brown', 'white', 'green']
};
Map.addLayer(precipDifference.clip(zimbabwe), diffVis, 'Rainfall Change (2024-2023)', false);

// Add the Zimbabwe boundary
Map.addLayer(zimbabwe, {color: 'black'}, 'Zimbabwe Boundary');

// Additional Analysis - Spatial Pattern

// Calculate the standard deviation of precipitation within the region for each period
var stdDev_2023 = monthlyTotal_2023.reduceRegion({
  reducer: ee.Reducer.stdDev(),
  geometry: zimbabwe,
  scale: 5000,
  maxPixels: 1e12
}).get('precipitation');

var stdDev_2024 = monthlyTotal_2024.reduceRegion({
  reducer: ee.Reducer.stdDev(),
  geometry: zimbabwe,
  scale: 5000,
  maxPixels: 1e12
}).get('precipitation');

print('Standard Deviation of Total Rainfall in Zimbabwe Feb 2023 (mm):', stdDev_2023);
print('Standard Deviation of Total Rainfall in Zimbabwe Feb 2024 (mm):', stdDev_2024);

// Calculate the minimum and maximum precipitation values within the region for each period
var minMax_2023 = monthlyTotal_2023.reduceRegion({
  reducer: ee.Reducer.minMax(),
  geometry: zimbabwe,
  scale: 5000,
  maxPixels: 1e12
});

var minMax_2024 = monthlyTotal_2024.reduceRegion({
  reducer: ee.Reducer.minMax(),
  geometry: zimbabwe,
  scale: 5000,
  maxPixels: 1e12
});

print('Min/Max Total Rainfall in Zimbabwe Feb 2023 (mm):', minMax_2023);
print('Min/Max Total Rainfall in Zimbabwe Feb 2024 (mm):', minMax_2024);

// Examine weekly trends
var weeks_2023 = ee.List([
  ee.Date('2023-02-01'),
  ee.Date('2023-02-08'),
  ee.Date('2023-02-15'),
  ee.Date('2023-02-22')
]);

var weeks_2024 = ee.List([
  ee.Date('2024-02-01'),
  ee.Date('2024-02-08'),
  ee.Date('2024-02-15'),
  ee.Date('2024-02-22')
]);

var weeklyMeans_2023 = weeks_2023.map(function(startDate) {
  var endDate = ee.Date(startDate).advance(7, 'day');
  var weekData = dataset_2023.filterDate(startDate, endDate).select('precipitation').sum();
  var weekMean = weekData.reduceRegion({
    reducer: ee.Reducer.mean(),
    geometry: zimbabwe,
    scale: 5000,
    maxPixels: 1e12
  }).get('precipitation');
  return ee.Dictionary({
    'week_start': ee.Date(startDate).format('YYYY-MM-dd'),
    'weekly_total_rainfall': weekMean
  });
});

var weeklyMeans_2024 = weeks_2024.map(function(startDate) {
  var endDate = ee.Date(startDate).advance(7, 'day');
  var weekData = dataset_2024.filterDate(startDate, endDate).select('precipitation').sum();
  var weekMean = weekData.reduceRegion({
    reducer: ee.Reducer.mean(),
    geometry: zimbabwe,
    scale: 5000,
    maxPixels: 1e12
  }).get('precipitation');
  return ee.Dictionary({
    'week_start': ee.Date(startDate).format('YYYY-MM-dd'),
    'weekly_total_rainfall': weekMean
  });
});

print('Weekly Rainfall Totals - February 2023 (mm):', weeklyMeans_2023);
print('Weekly Rainfall Totals - February 2024 (mm):', weeklyMeans_2024);

// Create some charts for visualization

// Time series for February 2023
var chart2023 = ui.Chart.image.series({
  imageCollection: precipitation_2023,
  region: zimbabwe,
  reducer: ee.Reducer.mean(),
  scale: 5000
}).setOptions({
  title: 'Daily Precipitation in Zimbabwe - February 2023',
  vAxis: {title: 'Precipitation (mm/day)'},
  hAxis: {title: 'Date', format: 'MM-dd'},
  lineWidth: 1,
  pointSize: 3,
});
print(chart2023);

// Time series for February 2024
var chart2024 = ui.Chart.image.series({
  imageCollection: precipitation_2024,
  region: zimbabwe,
  reducer: ee.Reducer.mean(),
  scale: 5000
}).setOptions({
  title: 'Daily Precipitation in Zimbabwe - February 2024',
  vAxis: {title: 'Precipitation (mm/day)'},
  hAxis: {title: 'Date', format: 'MM-dd'},
  lineWidth: 1,
  pointSize: 3,
});
print(chart2024);",v1,206
"Does Jabal Qidr have a darker color than Jabal Bayda, as observed in April 2024?",,https://earthobservatory.nasa.gov/images/152839/white-and-black-volcanoes-of-saudi-arabia,,"1. Jabal Qidr, in the northern part of the volcanic field, is built from several generations of dark, basaltic lava flows. Qidr has a 400-meter-diameter summit crater and exhibits the textbook cone shape of a stratovolcano. This is the only stratovolcano in the harrats of western Saudi Arabia.
2. Abyad and bayda are the masculine and feminine words for “white” in Arabic. The lighter color of these mountains comes from the ash of comenditic lavas that are rich with silica. The white and beige colors stand out against the darker basaltic lava of Qidr.
",,,,https://code.earthengine.google.com/f7dd3231c2935e05deb30e9860962e82,"var dataset = ee.ImageCollection('LANDSAT/LC09/C02/T1_L2')
  .filterDate('2024-04-01', '2024-04-30')
  .filterBounds(ee.Geometry.Point([39.94, 25.67])); // Approximate location of Jabal Qidr region

// Function to apply scaling factors for Landsat 9 Surface Reflectance
function applyScaleFactors(image) {
  var opticalBands = image.select('SR_B.').multiply(0.0000275).add(-0.2);
  var thermalBands = image.select('ST_B.*').multiply(0.00341802).add(149.0);
  return image.addBands(opticalBands, null, true)
              .addBands(thermalBands, null, true);
}

// Apply scale factors to the dataset
var dataset = dataset.map(applyScaleFactors);

// Create a natural color composite (RGB: 4,3,2)
var naturalColorVis = {
  bands: ['SR_B4', 'SR_B3', 'SR_B2'],
  min: 0.0,
  max: 0.3,
};

// Create a false color composite to highlight vegetation (RGB: 5,4,3)
var falseColorVis = {
  bands: ['SR_B5', 'SR_B4', 'SR_B3'],
  min: 0.0,
  max: 0.3,
};

// Define regions of interest for Jabal Qidr and Jabal Bayda
var jabalQidr = ee.Geometry.Point([39.943657, 25.719533]); // Approximate coordinates
var jabalBayda = ee.Geometry.Point([39.935929, 25.659859]); // Approximate coordinates

// Buffer the points to create areas for analysis
var qidrRegion = jabalQidr.buffer(3000);
var baydaRegion = jabalBayda.buffer(3000);

// Set map center to the region of interest
Map.setCenter(39.94, 25.67, 12);

// Add the most recent image from the collection
var mostRecent = dataset.sort('system:time_start', false).first();

// Add layers to the map
Map.addLayer(mostRecent, naturalColorVis, 'Natural Color (April 2024)');
Map.addLayer(mostRecent, falseColorVis, 'False Color (April 2024)');

// Add the regions of interest
Map.addLayer(qidrRegion, {color: 'red'}, 'Jabal Qidr Region');
Map.addLayer(baydaRegion, {color: 'blue'}, 'Jabal Bayda Region');

// Calculate reflectance statistics for both regions
var qidrStats = mostRecent.select(['SR_B4', 'SR_B3', 'SR_B2']).reduceRegion({
  reducer: ee.Reducer.mean(),
  geometry: qidrRegion,
  scale: 30,
  maxPixels: 1e9
});

var baydaStats = mostRecent.select(['SR_B4', 'SR_B3', 'SR_B2']).reduceRegion({
  reducer: ee.Reducer.mean(),
  geometry: baydaRegion,
  scale: 30,
  maxPixels: 1e9
});

// // Print statistics to console
print('Jabal Qidr Reflectance Values:', qidrStats);
print('Jabal Bayda Reflectance Values:', baydaStats);",v1,207
"Has the nighttime light intensity in Houston decreased on May 18, 2024, compared to the average intensity in April 2024?",,https://earthobservatory.nasa.gov/images/152843/derecho-darkens-houston,,"1. Power outages were widespread enough to be noticeable in nighttime satellite images. The left map above is a composite showing normal night light conditions in April 2024; the right map shows the same area early on May 18, after the derecho. Many outages occurred within the Beltway, especially in neighborhoods in the northern part of Houston and the surrounding suburbs.",,,,https://code.earthengine.google.com/e59b7a4922f769774b9538a99e9a9b6c,"// Define the study area: Houston, Texas
var houston = ee.Geometry.Point([-95.3698, 29.7604]).buffer(20000); // 20km buffer around Houston center

// Load VIIRS nighttime light data for April 2024 and May 18, 2024
var viirs_april = ee.ImageCollection('NOAA/VIIRS/001/VNP46A1')
  .filterDate('2024-04-01', '2024-04-30')
  .select('DNB_At_Sensor_Radiance_500m');

var viirs_may18 = ee.ImageCollection('NOAA/VIIRS/001/VNP46A1')
  .filterDate('2024-05-18', '2024-05-19') // Just May 18, 2024
  .select('DNB_At_Sensor_Radiance_500m');

// Create median composites to reduce cloud influence
var april_median = viirs_april.median();
var may18_image = viirs_may18.median(); // This will be just the May 18 image if available

// Clip the data to our region of interest
var houston_april = april_median.clip(houston);
var houston_may18 = may18_image.clip(houston);

// Set visualization parameters for the nighttime lights
var lightsVis = {
  min: 0,
  max: 20,
  palette: ['black', 'navy', 'blue', 'aqua', 'yellow', 'white']
};

// Set map center to Houston
Map.setCenter(-95.3698, 29.7604, 9);

// Add the nighttime light layers
Map.addLayer(houston_april, lightsVis, 'Houston April 2024');
Map.addLayer(houston_may18, lightsVis, 'Houston May 18, 2024');
Map.addLayer(houston, {color: 'red'}, 'Houston Area', false);

// Calculate statistics for both time periods
var april_stats = houston_april.reduceRegion({
  reducer: ee.Reducer.mean().combine({
    reducer2: ee.Reducer.max(),
    sharedInputs: true
  }).combine({
    reducer2: ee.Reducer.min(),
    sharedInputs: true
  }),
  geometry: houston,
  scale: 500,  // VIIRS resolution
  maxPixels: 1e9
});

var may18_stats = houston_may18.reduceRegion({
  reducer: ee.Reducer.mean().combine({
    reducer2: ee.Reducer.max(),
    sharedInputs: true
  }).combine({
    reducer2: ee.Reducer.min(),
    sharedInputs: true
  }),
  geometry: houston,
  scale: 500,  // VIIRS resolution
  maxPixels: 1e9
});

// Print results to console
print('Houston April 2024 Nighttime Light Statistics (nW/cm²/sr):', april_stats);
print('Houston May 18, 2024 Nighttime Light Statistics (nW/cm²/sr):', may18_stats);

// Calculate the percentage change in mean values
var mean_change = ee.Number(may18_stats.get('DNB_At_Sensor_Radiance_500m_mean'))
  .subtract(ee.Number(april_stats.get('DNB_At_Sensor_Radiance_500m_mean')))
  .divide(ee.Number(april_stats.get('DNB_At_Sensor_Radiance_500m_mean')))
  .multiply(100);

print('Percentage change in mean light intensity (May 18 vs April):', mean_change);

// Create a comparison visualization with histograms
var april_histogram = ui.Chart.image.histogram({
  image: houston_april,
  region: houston,
  scale: 500,
  maxPixels: 1e6
}).setOptions({
  title: 'Houston April 2024 Nighttime Light Distribution',
  hAxis: {title: 'Radiance (nW/cm²/sr)'},
  vAxis: {title: 'Count'},
  series: {0: {color: 'blue'}}
});

var may18_histogram = ui.Chart.image.histogram({
  image: houston_may18,
  region: houston,
  scale: 500,
  maxPixels: 1e6
}).setOptions({
  title: 'Houston May 18, 2024 Nighttime Light Distribution',
  hAxis: {title: 'Radiance (nW/cm²/sr)'},
  vAxis: {title: 'Count'},
  series: {0: {color: 'red'}}
});

print(april_histogram);
print(may18_histogram);

// Create a difference image to visualize changes
var difference = houston_may18.subtract(houston_april);
var diffVis = {
  min: -5,
  max: 5,
  palette: ['blue', 'white', 'red']  // Blue for decrease, red for increase
};

Map.addLayer(difference, diffVis, 'Change in Light Intensity (May 18 - April)');

// Add a conclusion text about whether Houston shows decreased values
var comparison_result = ee.Algorithms.If(
  ee.Number(may18_stats.get('DNB_At_Sensor_Radiance_500m_mean')).lt(
    ee.Number(april_stats.get('DNB_At_Sensor_Radiance_500m_mean'))),
  'Yes, Houston shows decreased nighttime light intensity on May 18, 2024, compared to April 2024.',
  'No, Houston does not show decreased nighttime light intensity on May 18, 2024, compared to April 2024.'
);

print('Answer to Research Question:', comparison_result);

// Additional information: Calculate area with significant decrease
var decrease_threshold = -2; // nW/cm²/sr
var significant_decrease = difference.lt(decrease_threshold);
var decrease_area = significant_decrease.multiply(ee.Image.pixelArea()).reduceRegion({
  reducer: ee.Reducer.sum(),
  geometry: houston,
  scale: 500,
  maxPixels: 1e9
});

var decrease_area_sqkm = ee.Number(decrease_area.get('DNB_At_Sensor_Radiance_500m')).divide(1e6); // Convert to sq km
print('Area with significant decrease in light intensity (sq km):', decrease_area_sqkm);

// Add a layer showing areas with significant decrease
Map.addLayer(significant_decrease.selfMask(), {palette: ['darkblue']}, 'Areas with Significant Decrease');",v1,208
"Does forest cover in Petén, Guatemala decrease in 2023 compared to 2001?",,https://earthobservatory.nasa.gov/images/152940/the-shrinking-selva-maya,,"1. However, the Selva Maya is changing. Satellite data show that, like the Amazon, large sections of this forest have been cleared in recent decades.
2. Forest loss is particularly pronounced in Petén, a department in northern Guatemala, west of Belize. ",,,,https://code.earthengine.google.com/587acd90a947cd41a83b99725fc3790f,"// Define the area of interest: Petén region in Guatemala
// var peten = ee.Geometry.Rectangle([-91.5, 16.5, -89.0, 17.8]); // Approximate bounds for Petén
var countries = ee.FeatureCollection('FAO/GAUL/2015/level1');

// Filter to get Petén department in Guatemala
var peten = countries.filter(
  ee.Filter.and(
    ee.Filter.eq('ADM0_NAME', 'Guatemala'),
    ee.Filter.eq('ADM1_NAME', 'Petén')
  )
);

// Get the geometry of Petén
var peten = peten.geometry();

// Load Hansen Global Forest Change dataset (2023 version)
var dataset = ee.Image('UMD/hansen/global_forest_change_2023_v1_11');

// Get various bands from the dataset
var treeCover2001 = dataset.select(['treecover2000']); // Tree cover in 2001
var loss = dataset.select(['loss']); // Forest loss 2000-2023
var lossYear = dataset.select(['lossyear']); // Year of loss
var gain = dataset.select(['gain']); // Forest gain 2000-2023

// Create a mask for areas that had forest in 2001 (with at least 30% tree cover)
var forestMask2001 = treeCover2001.gte(30);

// Calculate total forest area in 2001 (baseline)
var forestArea2001 = forestMask2001.multiply(ee.Image.pixelArea()).reduceRegion({
  reducer: ee.Reducer.sum(),
  geometry: peten,
  scale: 30,
  maxPixels: 1e13,
});

// Calculate total forest loss up to 2023
var lossUntil2023 = lossYear.lte(23).and(forestMask2001);
var forestLossUntil2023 = lossUntil2023.multiply(ee.Image.pixelArea()).reduceRegion({
  reducer: ee.Reducer.sum(),
  geometry: peten,
  scale: 30,
  maxPixels: 1e13,
});

// Convert to square kilometers
var forestAreaSqKm2001 = ee.Number(forestArea2001.get('treecover2000')).divide(1e6);
var forestLossUntil2023SqKm = ee.Number(forestLossUntil2023.get('lossyear')).divide(1e6);

// Calculate forest cover in 2023
var forestCover2023 = forestAreaSqKm2001.subtract(forestLossUntil2023SqKm);

// Calculate percentage decrease
var percentDecrease = forestLossUntil2023SqKm.divide(forestAreaSqKm2001).multiply(100);

// Print results
print('Total forest area in 2001 (sq km):', forestAreaSqKm2001);
print('Forest cover in 2023 (sq km):', forestCover2023);
print('Forest loss from 2001 to 2023 (sq km):', forestLossUntil2023SqKm);
print('Percentage decrease from 2001 to 2023 (%):', percentDecrease);

// Determine if forest cover decreased from 2001 to 2023
var hasDecreased = forestCover2023.lt(forestAreaSqKm2001);
print('Did forest cover decrease from 2001 to 2023?', hasDecreased);

// Visualization parameters for forest cover and loss
var treeCoverVisParam = {
  bands: ['treecover2000'],
  min: 0,
  max: 100,
  palette: ['black', 'green']
};

var lossVisParam = {
  palette: ['red'],
  opacity: 0.5
};

// Center map on Petén
Map.centerObject(peten, 8);

// Add layers to map
Map.addLayer(treeCover2001.updateMask(forestMask2001), treeCoverVisParam, 'Forest Cover 2001 (>30%)');
Map.addLayer(lossUntil2023.selfMask(), lossVisParam, 'Forest Loss 2001-2023');
Map.addLayer(peten, {color: 'blue', opacity: 0.3}, 'Petén Region');
  
function applyScaleFactors(image) {
  var opticalBands = image.select('SR_B.').multiply(0.0000275).add(-0.2);
  return image.addBands(opticalBands, null, true)
}

// var img_2001 = ee.ImageCollection('LANDSAT/LE07/C02/T1_L2')
//   .filterBounds(peten)
//   .filterDate('2001-01-01', '2001-12-31')
//   .map(applyScaleFactors)
//   .median()
  
// var img_2023 = ee.ImageCollection('LANDSAT/LC08/C02/T1_L2')
//   .filterBounds(peten)
//   .filterDate('2023-01-01', '2023-12-31')
//   .map(applyScaleFactors)
//   .median()

// // Optional: Add satellite base map for context
// Map.addLayer(img_2001,{
//     bands: ['SR_B3', 'SR_B2', 'SR_B1'], 
//     min: 0, 
//     max: 0.3
//   }, 
//   'Landsat 2001'
// );

// // Use Landsat 8 OLI/TIRS C2 L2 for 2023
// Map.addLayer(img_2023,
//   {
//     bands: ['SR_B4', 'SR_B3', 'SR_B2'], 
//     min: 0, 
//     max: 0.3
//   }, 
//   'Landsat 2023'
// );

// Function to apply scale factors for Landsat 7
function applyScaleFactorsL7(image) {
  var opticalBands = image.select('SR_B1', 'SR_B2', 'SR_B3', 'SR_B4', 'SR_B5', 'SR_B7')
      .multiply(0.0000275)
      .add(-0.2);
  
  // var thermalBand = image.select('ST_B6')
  //     .multiply(0.00341802)
  //     .add(149);
  
  return image.addBands(opticalBands, null, true);
              // .addBands(thermalBand, null, true);
}

// Function to apply scale factors for Landsat 8
function applyScaleFactorsL8(image) {
  var opticalBands = image.select('SR_B2', 'SR_B3', 'SR_B4', 'SR_B5', 'SR_B6', 'SR_B7')
      .multiply(0.0000275)
      .add(-0.2);
  
  // var thermalBands = image.select('ST_B10', 'ST_B11')
  //     .multiply(0.00341802)
  //     .add(149);
  
  return image.addBands(opticalBands, null, true);
              // .addBands(thermalBands, null, true);
}

// Function to mask clouds using the QA band for Landsat 7
function maskCloudsL7(image) {
  var qa = image.select('QA_PIXEL');
  
  // Bits 3 and 5 are cloud and cloud shadow
  var cloudBitMask = 1 << 3;
  var cloudShadowBitMask = 1 << 5;
  
  // Both flags should be set to zero, indicating clear conditions
  var mask = qa.bitwiseAnd(cloudBitMask).eq(0)
      .and(qa.bitwiseAnd(cloudShadowBitMask).eq(0));
  
  return image.updateMask(mask);
}

// Function to mask clouds using the QA band for Landsat 8
function maskCloudsL8(image) {
  var qa = image.select('QA_PIXEL');
  
  // Bits 3 and 5 are cloud and cloud shadow
  var cloudBitMask = 1 << 3;
  var cloudShadowBitMask = 1 << 5;
  
  // Both flags should be set to zero, indicating clear conditions
  var mask = qa.bitwiseAnd(cloudBitMask).eq(0)
      .and(qa.bitwiseAnd(cloudShadowBitMask).eq(0));
  
  return image.updateMask(mask);
}

// Load FAO GAUL administrative boundaries
var countries = ee.FeatureCollection('FAO/GAUL/2015/level1');

// Filter to get Petén department in Guatemala
var peten = countries.filter(
  ee.Filter.and(
    ee.Filter.eq('ADM0_NAME', 'Guatemala'),
    ee.Filter.eq('ADM1_NAME', 'Petén')
  )
);

// Get the geometry of Petén
var petenGeometry = peten.geometry();

// Prepare Landsat 7 image for 2001
var img_2001 = ee.ImageCollection('LANDSAT/LE07/C02/T1_L2')
  .filterBounds(petenGeometry)
  .filterDate('2001-01-01', '2001-12-31')
  .map(applyScaleFactorsL7)
  .map(maskCloudsL7)
  .median();

// Prepare Landsat 8 image for 2023
var img_2023 = ee.ImageCollection('LANDSAT/LC08/C02/T1_L2')
  .filterBounds(petenGeometry)
  .filterDate('2023-01-01', '2023-12-31')
  .map(applyScaleFactorsL8)
  .map(maskCloudsL8)
  .median();

// Optional: Add satellite base map for context
Map.centerObject(petenGeometry, 8);

// Add Landsat 2001 layer
Map.addLayer(img_2001, {
    bands: ['SR_B3', 'SR_B2', 'SR_B1'], 
    min: 0, 
    max: 0.3
  }, 
  'Landsat 2001 (Cloud Filtered)'
);

// Add Landsat 2023 layer
Map.addLayer(img_2023, {
    bands: ['SR_B4', 'SR_B3', 'SR_B2'], 
    min: 0, 
    max: 0.3
  }, 
  'Landsat 2023 (Cloud Filtered)'
);",v1,209
"Regarding land use in the Guayas River delta, based on Landsat 8 imagery from August 29, 2024, is the area within a 1km radius of coordinates -2.306934, -79.887682 predominantly shrimp farming rather than mangrove forest?",,https://earthobservatory.nasa.gov/images/153329/shrimp-farms-of-the-guayas-estuary,,1.  Rectangular shrimp ponds are visible to the south of the city on either side of the Guayas River amidst mangrove forests. The image on the right shows the estuary in false color to emphasize the difference between the shrimp ponds (dark blue) and the surrounding mangrove vegetation (shown in red).,,,,https://code.earthengine.google.com/ad0ebf519dcbe1fb2830b24173493a2c,"// Define the point of interest and buffer to create a 1km radius area
var point = ee.Geometry.Point([-79.887682, -2.306934]);
var areaOfInterest = point.buffer(1000); // 1000 meters = 1km radius

// Load Landsat 8 Collection 2 Level-2 data
var dataset = ee.ImageCollection('LANDSAT/LC08/C02/T1_L2')
  .filterDate('2024-08-29', '2024-08-30')  // Specific date requested
  .filterBounds(areaOfInterest);

// Function to scale the surface reflectance bands
function prepSrL8(image) {
  // Scale the surface reflectance bands (0-65535 to 0-1)
  var opticalBands = image.select('SR_B[1-7]').multiply(0.0000275).add(-0.2);
  
  // Return the scaled image with selected bands
  return image.addBands(opticalBands, null, true);
}

// Map the function over the image collection
var processedCol = dataset.map(prepSrL8);

// Get the first image (assuming there's at least one image for the date)
var image = processedCol.first();

// Select the bands useful for distinguishing aquaculture from vegetation
// B2 (blue), B3 (green), B4 (red), B5 (NIR), B6 (SWIR1)
var selectedBands = image.select(['SR_B2', 'SR_B3', 'SR_B4', 'SR_B5', 'SR_B6']);

// Calculate indices useful for distinguishing shrimp farms and mangroves
// NDVI (Normalized Difference Vegetation Index) - higher in mangroves, lower in water/aquaculture
var ndvi = image.normalizedDifference(['SR_B5', 'SR_B4']).rename('NDVI');

// NDWI (Normalized Difference Water Index) - higher in water bodies (like shrimp ponds)
var ndwi = image.normalizedDifference(['SR_B3', 'SR_B5']).rename('NDWI');

// MNDWI (Modified NDWI) - better for distinguishing built-up areas from water
var mndwi = image.normalizedDifference(['SR_B3', 'SR_B6']).rename('MNDWI');

// Add the indices to the image
var imageWithIndices = image.addBands([ndvi, ndwi, mndwi]);

// Create a classifier to distinguish between shrimp farms and mangroves
// Thresholds based on typical spectral characteristics
var shrimpFarmMask = ndwi.gt(0.2).and(ndvi.lt(0.0));
var mangroveMask = ndvi.gt(0.2).and(ndwi.lt(0.0));

// Calculate areas of each land cover type within the area of interest
var shrimpFarmArea = ee.Image.pixelArea().updateMask(shrimpFarmMask)
  .reduceRegion({
    reducer: ee.Reducer.sum(),
    geometry: areaOfInterest,
    scale: 30, // Landsat 8 resolution
    maxPixels: 1e9
  });

var mangroveArea = ee.Image.pixelArea().updateMask(mangroveMask)
  .reduceRegion({
    reducer: ee.Reducer.sum(),
    geometry: areaOfInterest,
    scale: 30,
    maxPixels: 1e9
  });

// Calculate the percentage of each class
var totalArea = ee.Number(areaOfInterest.area());
var shrimpFarmPercentage = ee.Number(shrimpFarmArea.get('area')).divide(totalArea).multiply(100);
var mangrovePercentage = ee.Number(mangroveArea.get('area')).divide(totalArea).multiply(100);

// Print results
print('Area of Interest (square meters):', totalArea);
print('Shrimp Farm Area (square meters):', shrimpFarmArea.get('area'));
print('Mangrove Area (square meters):', mangroveArea.get('area'));
print('Percentage of Shrimp Farm (%):', shrimpFarmPercentage);
print('Percentage of Mangrove (%):', mangrovePercentage);
print('Is location more likely to be a shrimp farm than mangrove?', 
      ee.Number(shrimpFarmArea.get('area')).gt(mangroveArea.get('area')));

// Visualization parameters
var ndviParams = {min: -0.5, max: 0.9, palette: ['blue', 'white', 'green']};
var ndwiParams = {min: -0.5, max: 0.5, palette: ['red', 'white', 'blue']};
var landCoverVis = {
  min: 0,
  max: 2,
  palette: ['blue', 'green']
};

// Create a land cover classification image (1=shrimp farm, 2=mangrove)
var landCover = shrimpFarmMask.multiply(1).add(mangroveMask.multiply(2));

// Display true color image
var trueColorVis = {
  bands: ['SR_B4', 'SR_B3', 'SR_B2'],
  min: 0,
  max: 0.3,
};

// Display false color image highlighting vegetation
var falseColorVis = {
  bands: ['SR_B5', 'SR_B4', 'SR_B3'],
  min: 0,
  max: 0.3,
};

// Set center of the map to the point of interest
Map.centerObject(point, 14);

// Add layers to the map
Map.addLayer(image, trueColorVis, 'True Color (August 29, 2024)');
Map.addLayer(image, falseColorVis, 'False Color (NIR)', false);
Map.addLayer(imageWithIndices.select('NDVI'), ndviParams, 'NDVI', false);
Map.addLayer(imageWithIndices.select('NDWI'), ndwiParams, 'NDWI', false);
Map.addLayer(landCover, landCoverVis, 'Land Cover (Blue=Shrimp, Green=Mangrove)');
Map.addLayer(areaOfInterest, {color: 'red'}, 'Area of Interest (1km radius)');
Map.addLayer(point, {color: 'yellow'}, 'Point of Interest');",v1,210
"Was the Swannanoa River visibly browner on October 2, 2024, than on August 30, 2024?",,https://earthobservatory.nasa.gov/images/153416/flash-floods-swamp-north-carolina,,"Was the Swannanoa River visibly browner on October 2, 2024, than on August 30, 2024, due to suspended sediment and mud from flooding?",,,"Landsat 8
Sentinel 2",,,v2,211
"Did the water extent in Sebkha el Melah (29.135547, -1.187011) increase between August 12, 2024, and September 29, 2024?",,https://earthobservatory.nasa.gov/images/153475/water-for-a-desert-lake-in-algeria,,"1. In September 2024, hints of this more watery past emerged after an extratropical cyclone dropped a deluge of rainfall on parts of northern Africa. Runoff from the storm has partially filled several ephemeral desert lakes in normally dry areas.",,,,https://code.earthengine.google.com/cc792aeecb064af0d68512762232c138,"// Define the region of interest (ROI) for Sebkha el Melah
var roi = ee.Geometry.Polygon(
        [[[-1.4176855405389066, 29.35517021085667],
          [-1.4176855405389066, 29.07169730409028],
          [-1.123114617687344, 29.07169730409028],
          [-1.123114617687344, 29.35517021085667]]], null, false);

// Function to calculate NDWI (Normalized Difference Water Index) for MODIS
function addNDWI_MODIS(image) {
  // For MODIS, use band 4 (green, 545nm) and band 6 (SWIR, 1640nm)
  var ndwi = image.normalizedDifference(['sur_refl_b04', 'sur_refl_b06']).rename('NDWI');
  return image.addBands(ndwi);
}

// Function to calculate water area
function calculateWaterArea(image, threshold) {
  var waterMask = image.select('NDWI').gt(threshold);
  var pixelArea = ee.Image.pixelArea();
  var waterArea = pixelArea.updateMask(waterMask).reduceRegion({
    reducer: ee.Reducer.sum(),
    geometry: roi,
    scale: 500, // MODIS resolution
    maxPixels: 1e9
  });
  
  var waterAreaSqMeters = waterArea.get('area');
  var waterAreaSqKm = ee.Number(waterAreaSqMeters).divide(1e6);
  
  return {
    sqMeters: waterAreaSqMeters,
    sqKm: waterAreaSqKm,
    mask: waterMask
  };
}

// Process MODIS data for August 12, 2024
var dataset_aug = ee.ImageCollection('MODIS/061/MOD09GA')
  .filterDate('2024-08-12', '2024-08-13')
  .filterBounds(roi)
  .map(addNDWI_MODIS);

var image_aug = dataset_aug.mosaic();
var water_aug = calculateWaterArea(image_aug, 0);

// Process MODIS data for September 29, 2024
var dataset_sep = ee.ImageCollection('MODIS/061/MOD09GA')
  .filterDate('2024-09-29', '2024-09-30')
  .filterBounds(roi)
  .map(addNDWI_MODIS);

var image_sep = dataset_sep.mosaic();
var water_sep = calculateWaterArea(image_sep, 0);

// Print water area results
print('August 12, 2024 Water Area (square kilometers):', water_aug.sqKm);
print('September 29, 2024 Water Area (square kilometers):', water_sep.sqKm);

// Calculate and print water area change
var waterAreaChange = ee.Number(water_sep.sqKm).subtract(water_aug.sqKm);
print('Water area change Aug-Sep 2024 (square kilometers):', waterAreaChange);
print('Water extent increase?', ee.Number(waterAreaChange).gt(0));

// Visualization parameters
var ndwiVis = {min: -1, max: 1, palette: ['red', 'white', 'blue']};
var waterMaskVis = {palette: ['white', 'blue']};
var trueColorVis = {
  bands: ['sur_refl_b01', 'sur_refl_b04', 'sur_refl_b03'],
  min: 0,
  max: 3000
};

// Center map on Sebkha el Melah
Map.setCenter(-1.187011, 29.135547, 11);

// Add August layers
Map.addLayer(image_aug, trueColorVis, 'August 2024 True Color');
Map.addLayer(image_aug.select('NDWI'), ndwiVis, 'August 2024 NDWI');
Map.addLayer(water_aug.mask, waterMaskVis, 'August 2024 Water Mask');

// Add September layers
Map.addLayer(image_sep, trueColorVis, 'September 2024 True Color');
Map.addLayer(image_sep.select('NDWI'), ndwiVis, 'September 2024 NDWI');
Map.addLayer(water_sep.mask, waterMaskVis, 'September 2024 Water Mask');

// Add ROI
Map.addLayer(roi, {color: 'yellow'}, 'Region of Interest');

// Add a comparative visualization to better see changes
// Create a RGB composite with August water in red and September water in blue
var waterChangeRGB = ee.Image.rgb(
  water_aug.mask,
  ee.Image(0),
  water_sep.mask
);
Map.addLayer(waterChangeRGB, {min: 0, max: 1}, 'Water Change (Aug=Red, Sep=Blue)');",v1,212
"Is the nighttime light intensity higher in Grindavík compared to Reykjavík on November 21, 2024?",,https://earthobservatory.nasa.gov/images/153630/lava-nears-icelands-blue-lagoon,,"1. About five hours after the eruption began, the VIIRS (Visible Infrared Imaging Radiometer Suite) on the Suomi NPP satellite acquired the nighttime image below. Light from the eruption appears brighter than light from the Icelandic capital of Reykjavík.",,,,https://code.earthengine.google.com/b681152c4ea98736c3a962fcc868d518,"// Define the study areas: Reykjavík and Grindavík
var reykjavik = ee.Geometry.Point([-21.880259, 64.133847]).buffer(2000);
var grindavik = ee.Geometry.Point([-22.4406, 63.8430]).buffer(2000); // Coordinates for Grindavík

// Load VIIRS nighttime light data for November 2024
// Note: Using the most recent VIIRS data available
var viirs = ee.ImageCollection('NOAA/VIIRS/001/VNP46A1')
  .filterDate('2024-11-21', '2024-11-22') // Specific date: November 21, 2024
  .select('DNB_At_Sensor_Radiance_500m');

// Create a composite for the specific date (or closest available)
var viirs_daily = viirs.first(); // Get the first (and likely only) image from the date

// Clip the data to our regions of interest
var reykjavik_lights = viirs_daily.clip(reykjavik);
var grindavik_lights = viirs_daily.clip(grindavik);

// Set visualization parameters for the nighttime lights
var lightsVis = {
  min: 0,
  max: 50,
  palette: ['black', 'navy', 'blue', 'aqua', 'yellow', 'white']
};

// Set map center between the two locations
Map.setCenter(-22.16, 64.0, 9);

// Add the nighttime light layers
Map.addLayer(viirs_daily, lightsVis, 'Nighttime Lights Nov 21, 2024');
Map.addLayer(reykjavik, {color: 'red'}, 'Reykjavík', true);
Map.addLayer(grindavik, {color: 'green'}, 'Grindavík', true);

// Calculate statistics for both regions
var reykjavik_stats = reykjavik_lights.reduceRegion({
  reducer: ee.Reducer.mean().combine({
    reducer2: ee.Reducer.max(),
    sharedInputs: true
  }).combine({
    reducer2: ee.Reducer.min(),
    sharedInputs: true
  }),
  geometry: reykjavik,
  scale: 500,  // VIIRS resolution
  maxPixels: 1e9
});

var grindavik_stats = grindavik_lights.reduceRegion({
  reducer: ee.Reducer.mean().combine({
    reducer2: ee.Reducer.max(),
    sharedInputs: true
  }).combine({
    reducer2: ee.Reducer.min(),
    sharedInputs: true
  }),
  geometry: grindavik,
  scale: 500,  // VIIRS resolution
  maxPixels: 1e9
});

// Print results to console
print('Date of Analysis:', ee.Date('2024-11-21').format('YYYY-MM-dd'));
print('Reykjavík Nighttime Light Statistics (nW/cm²/sr):', reykjavik_stats);
print('Grindavík Nighttime Light Statistics (nW/cm²/sr):', grindavik_stats);

// Calculate the ratio of mean values to compare
var mean_ratio = ee.Number(grindavik_stats.get('DNB_At_Sensor_Radiance_500m_mean'))
  .divide(ee.Number(reykjavik_stats.get('DNB_At_Sensor_Radiance_500m_mean')));
print('Ratio of mean light intensity (Grindavík/Reykjavík):', mean_ratio);

// Add a conclusion text about whether Grindavík shows higher values
var comparison_result = ee.Algorithms.If(
  ee.Number(grindavik_stats.get('DNB_At_Sensor_Radiance_500m_mean')).gt(
    ee.Number(reykjavik_stats.get('DNB_At_Sensor_Radiance_500m_mean'))),
  'Yes, Grindavík shows higher nighttime light intensity compared to Reykjavík on November 21, 2024.',
  'No, Grindavík does not show higher nighttime light intensity compared to Reykjavík on November 21, 2024.'
);

print('Answer to Research Question:', comparison_result);",v1,213
"Did forest cover in the Bobiri Forest Reserve, Ghana, decline between 2003 and 2023?",,https://earthobservatory.nasa.gov/images/153763/ghanas-declining-forest-reserves,,"Although vegetation change was relatively slow from 2003 to 2015, it picked up significantly between 2015 and 2019. Overall, there was more forest loss and degradation than recovery, resulting in a gradual decline of tree cover",,,,,,v2,214
"Did an island appear in the Caspian Sea within 4 km of coordinates 39.014501, 49.357405 on February 13, 2023, but did not exist on November 19, 2022?",,https://earthobservatory.nasa.gov/images/153799/satellites-spot-a-ghost-island,,"1. In November 2022 (left), the crest of the volcano remained below the sea surface. 
2. By February 14, 2023 (middle), an island had appeared, and a sediment plume drifted away from it.",,,,https://code.earthengine.google.com/4fcf787b169300f5810a57b0c78bac3b,"// Define the point of interest and buffer to create region of interest (ROI)
var centerPoint = ee.Geometry.Point([49.52, 39.56]);

var roi = centerPoint.buffer(10000); // 4 km buffer around the point

// Function to apply scale factors to Landsat 8/9 SR imagery
function applyScaleFactors(image) {
  var opticalBands = image.select('SR_B.').multiply(0.0000275).add(-0.2);
  var thermalBand = image.select('ST_B.*').multiply(0.00341802).add(149.0);
  return image.addBands(opticalBands, null, true)
              .addBands(thermalBand, null, true);
}

// Function to calculate NDWI for Landsat 8/9
function addNDWI(image) {
  // NDWI = Green - NIR / Green + NIR
  // For Landsat 8/9: Green is B3, NIR is B5
  var ndwi = image.normalizedDifference(['SR_B3', 'SR_B5']).rename('NDWI');
  return image.addBands(ndwi);
}

// Function to calculate Modified NDWI (MNDWI) for better water detection
function addMNDWI(image) {
  // MNDWI = Green - SWIR / Green + SWIR
  // For Landsat 8/9: Green is B3, SWIR is B6
  var mndwi = image.normalizedDifference(['SR_B3', 'SR_B6']).rename('MNDWI');
  return image.addBands(mndwi);
}

// Function to create land mask (potential islands)
function createLandMask(image) {
  // Use MNDWI for better water/land separation
  // Values < 0 are likely land
  var landMask = image.select('MNDWI').lt(0);
  return landMask.rename('land_mask');
}

// Function to calculate area of land within ROI
function calculateLandArea(landMask, resolution) {
  var pixelArea = ee.Image.pixelArea();
  var landArea = pixelArea.updateMask(landMask).reduceRegion({
    reducer: ee.Reducer.sum(),
    geometry: roi,
    scale: resolution,
    maxPixels: 1e9
  });
  
  var landAreaSqMeters = landArea.get('area');
  var landAreaSqKm = ee.Number(landAreaSqMeters).divide(1e6);
  
  return {
    sqMeters: landAreaSqMeters,
    sqKm: landAreaSqKm,
    mask: landMask
  };
}

// Process Landsat 8/9 imagery for November 19, 2022
var dataset_nov2022 = ee.ImageCollection('LANDSAT/LC08/C02/T1_L2')
  .merge(ee.ImageCollection('LANDSAT/LC09/C02/T1_L2'))
  .filterDate('2022-11-17', '2022-11-20')
  .filterBounds(roi)
  .map(applyScaleFactors)
  .map(addNDWI)
  .map(addMNDWI);

var image_nov2022 = dataset_nov2022.mosaic();
var landMask_nov2022 = createLandMask(image_nov2022);
var land_nov2022 = calculateLandArea(landMask_nov2022, 30);

// Process Landsat 8/9 imagery for February 13, 2023
var dataset_feb2023 = ee.ImageCollection('LANDSAT/LC08/C02/T1_L2')
  .merge(ee.ImageCollection('LANDSAT/LC09/C02/T1_L2'))
  .filterDate('2023-02-13', '2023-02-15')
  .filterBounds(roi)
  .map(applyScaleFactors)
  .map(addNDWI)
  .map(addMNDWI);

var image_feb2023 = dataset_feb2023.mosaic();
var landMask_feb2023 = createLandMask(image_feb2023);
var land_feb2023 = calculateLandArea(landMask_feb2023, 30);

// Calculate new land (potential new island)
var newLand = landMask_feb2023.and(landMask_nov2022.not());
var newLandArea = calculateLandArea(newLand, 30);

// Print results
print('ROI Area (4km buffer around point):', roi.area().divide(1e6), 'sq km');
print('November 2022 Land Area:', land_nov2022.sqKm, 'sq km');
print('February 2023 Land Area:', land_feb2023.sqKm, 'sq km');
print('New Land Area (potential island):', newLandArea.sqKm, 'sq km');

// Visualization parameters
var visParams = {
  bands: ['SR_B4', 'SR_B3', 'SR_B2'],
  min: 0,
  max: 0.2
};

var ndwiVis = {
  min: -0.5,
  max: 0.5,
  palette: ['red', 'white', 'blue']
};

var mndwiVis = {
  min: -0.5,
  max: 0.5,
  palette: ['brown', 'white', 'cyan']
};

var landMaskVis = {
  palette: ['blue', 'green']  // blue = water, green = land
};

var newLandVis = {
  palette: ['transparent', 'red']  // transparent = no change, red = new land
};

// Center map on ROI
Map.centerObject(roi, 11);

// Add ROI
Map.addLayer(roi, {color: 'yellow'}, 'Region of Interest (4km buffer)');
Map.addLayer(centerPoint, {color: 'yellow'}, 'Point of Interest');

// Add November 2022 layers
Map.addLayer(image_nov2022, visParams, 'November 2022 True Color');
Map.addLayer(image_nov2022.select('MNDWI'), mndwiVis, 'November 2022 MNDWI', false);
Map.addLayer(landMask_nov2022, landMaskVis, 'November 2022 Land');

// Add February 2023 layers
Map.addLayer(image_feb2023, visParams, 'February 2023 True Color');
Map.addLayer(image_feb2023.select('MNDWI'), mndwiVis, 'February 2023 MNDWI', false);
Map.addLayer(landMask_feb2023, landMaskVis, 'February 2023 Land');

// Add the new land (potential new island)
Map.addLayer(newLand, newLandVis, 'New Land (Potential New Island)');

// Simple interpretation of results
var newLandSqKm = ee.Number(newLandArea.sqKm).getInfo();
if (newLandSqKm > 0.01) {  // More than 0.01 sq km (10,000 sq m) to filter out noise
  print('RESULT: There appears to be a new island or land formation that was not present in November 2022 but appears in February 2023');
} else {
  print('RESULT: No significant new island or land formation detected between November 2022 and February 2023');
}",v1,215
"Does the plume from Whakaari/White Island, New Zealand travel in a southern direction on January 7, 2025?",No,https://earthobservatory.nasa.gov/images/153818/another-puff-from-whakaari,,Check images,,,,https://code.earthengine.google.com/085ab7794e24074a3f6f70e0fc45b2fe,"// Define the study area: Whakaari/White Island, New Zealand
var whiteIsland = ee.Geometry.Point([177.1830, -37.5217]).buffer(10000); // 10km buffer around White Island

// Define the date of interest
var dateOfInterest = '2025-01-07';

// Load Landsat 9 surface reflectance data for January 7, 2025
// Using a small date range to capture the specific day
var landsat = ee.ImageCollection('LANDSAT/LC09/C02/T1_L2')
  .filterDate(dateOfInterest, ee.Date(dateOfInterest).advance(1, 'day'))
  .filterBounds(whiteIsland);

// Print the available images to check if we have data for that day
print('Available Landsat images for Jan 7, 2025:', landsat);

// Select the most cloud-free image if multiple are available
var image = landsat.sort('CLOUD_COVER').first();

// Function to scale the surface reflectance data
function applyScaleFactors(image) {
  // Scale surface reflectance bands
  var opticalBands = image.select('SR_B.').multiply(0.0000275).add(-0.2);
  var thermalBand = image.select('ST_B10').multiply(0.00341802).add(149.0);
  
  // Get the QA_PIXEL band for cloud and other masks
  var qaBand = image.select('QA_PIXEL');
  
  return image.addBands(opticalBands, null, true)
              .addBands(thermalBand, null, true)
              .addBands(qaBand);
}

// Apply scale factors
var scaledImage = applyScaleFactors(image);

// Use QA_PIXEL to detect clouds, shadows, and potential aerosols
// Bit values for QA_PIXEL: https://www.usgs.gov/landsat-missions/landsat-collection-2-quality-assessment-bands
var qaPixel = scaledImage.select('QA_PIXEL');

// Extract specific bits from QA_PIXEL that could indicate plumes
// Bit 1: Dilated Cloud
// Bit 3: Cirrus
// Bit 4: Cloud
var dilatedCloud = bitwiseExtract(qaPixel, 1);
var cirrus = bitwiseExtract(qaPixel, 3);
var cloud = bitwiseExtract(qaPixel, 4);

// Create a combined mask of potential plume indicators
var potentialPlume = dilatedCloud.or(cirrus).or(cloud);

// Function to extract specific bits from a bitmask
function bitwiseExtract(image, bitPosition) {
  var bitMask = ee.Number(1).leftShift(bitPosition);
  return image.bitwiseAnd(bitMask).rightShift(bitPosition);
}

// Create false color composite to visualize the plume
// Using bands that help visualize aerosols and volcanic plumes
// B1 (Ultra Blue), B3 (Green), B5 (NIR)
var plumeBands = ['SR_B1', 'SR_B3', 'SR_B5'];
var plumeFalseColor = scaledImage.select(plumeBands);

// True color visualization
var trueColor = {
  bands: ['SR_B4', 'SR_B3', 'SR_B2'],
  min: 0,
  max: 0.3,
  gamma: 1.2
};

// False color visualization for potential plume
var falseColor = {
  bands: ['SR_B5', 'SR_B4', 'SR_B3'],
  min: 0,
  max: 0.3,
  gamma: 1.2
};

// Set visualization parameters for the potential plume mask
var plumeMaskVis = {
  min: 0,
  max: 1,
  palette: ['000000', 'yellow'],
  opacity: 0.7
};

// Set map center to White Island
Map.setCenter(177.1830, -37.5217, 11);

// Add the image layers
Map.addLayer(scaledImage, trueColor, 'True Color - Jan 7, 2025');
Map.addLayer(scaledImage, falseColor, 'False Color - Jan 7, 2025');
Map.addLayer(potentialPlume.selfMask(), plumeMaskVis, 'Potential Plume Indicators');
Map.addLayer(whiteIsland, {color: 'red'}, 'White Island Region', true);

// Divide the area around White Island into four directional quadrants for analysis
var center = ee.Geometry.Point([177.1830, -37.5217]);

// Create four directional quadrants (North, East, South, West)
// Using fixed coordinates instead of dynamic calculation
var centerLon = 177.1830;
var centerLat = -37.5217;

var north = ee.Geometry.Rectangle(
  [centerLon - 0.03, centerLat, centerLon + 0.03, centerLat + 0.03]
);

var east = ee.Geometry.Rectangle(
  [centerLon, centerLat - 0.03, centerLon + 0.03, centerLat + 0.03]
);

var south = ee.Geometry.Rectangle(
  [centerLon - 0.03, centerLat - 0.03, centerLon + 0.03, centerLat]
);

var west = ee.Geometry.Rectangle(
  [centerLon - 0.03, centerLat - 0.03, centerLon, centerLat + 0.03]
);

// Add the quadrants to the map
Map.addLayer(north, {color: 'blue'}, 'North Quadrant');
Map.addLayer(east, {color: 'green'}, 'East Quadrant');
Map.addLayer(south, {color: 'yellow'}, 'South Quadrant');
Map.addLayer(west, {color: 'purple'}, 'West Quadrant');

// Calculate the mean value of potential plume indicators in each quadrant
var northMean = potentialPlume.reduceRegion({
  reducer: ee.Reducer.mean(),
  geometry: north,
  scale: 30,
  maxPixels: 1e9
}).get('QA_PIXEL');

var eastMean = potentialPlume.reduceRegion({
  reducer: ee.Reducer.mean(),
  geometry: east,
  scale: 30,
  maxPixels: 1e9
}).get('QA_PIXEL');

var southMean = potentialPlume.reduceRegion({
  reducer: ee.Reducer.mean(),
  geometry: south,
  scale: 30,
  maxPixels: 1e9
}).get('QA_PIXEL');

var westMean = potentialPlume.reduceRegion({
  reducer: ee.Reducer.mean(),
  geometry: west,
  scale: 30,
  maxPixels: 1e9
}).get('QA_PIXEL');

// Print results
print('North Quadrant Mean Plume Indicator:', northMean);
print('East Quadrant Mean Plume Indicator:', eastMean);
print('South Quadrant Mean Plume Indicator:', southMean);
print('West Quadrant Mean Plume Indicator:', westMean);

// Create a dictionary of the means for comparison
var quadrantMeans = ee.Dictionary({
  'North': northMean,
  'East': eastMean,
  'South': southMean,
  'West': westMean
});

// Find the direction with the highest plume indicator value
var highestDirection = quadrantMeans.keys().sort(quadrantMeans.values()).get(-1);
print('Direction with highest plume concentration:', highestDirection);

// Check if the south direction has the highest plume indicator
var isSouthHighest = ee.Algorithms.If(
  ee.String(highestDirection).equals('South'),
  'Yes, the plume from Whakaari/White Island appears to be moving primarily in a southern direction on January 7, 2025.',
  'No, the plume from Whakaari/White Island does not appear to be moving primarily in a southern direction on January 7, 2025.');

print('Answer to Research Question:', isSouthHighest);",v1,216
"Did Punjab and Haryana have less than 20,000 fires detections in November, 2024, as observed with the VIIRS sensor?",,https://earthobservatory.nasa.gov/images/153826/is-fire-activity-declining-in-northwestern-india,,,,,,,,v2,217
Did Punjab and Haryana have the most amount of active fire detections in 2016 compared to all other years from 2012 to 2024?,,https://earthobservatory.nasa.gov/images/153826/is-fire-activity-declining-in-northwestern-india,,The past two years were the two lowest years on record; the most active was 2016.  ,,,,,,v2,218
"Were active fire counts in Punjab and Haryana during November 2024 lower than during November 2022, as observed with the VIIRS sensor?",,https://earthobservatory.nasa.gov/images/153826/is-fire-activity-declining-in-northwestern-india,,"During the 2024 burning season, MODIS observed the lowest number of fires in Punjab and Haryana on record since the two sensors began collecting data in 2000 and 2002",,,,,,v2,219
"Were active fire counts in Punjab and Haryana lower in November 2024 than any other November from 2012 to 2023, as observed with the VIIRS sensor?",,https://earthobservatory.nasa.gov/images/153826/is-fire-activity-declining-in-northwestern-india,,,,,,,,v2,220
"Were there more active fire counts in Punjab than Haryana on November 8, 2024?",,https://earthobservatory.nasa.gov/images/153826/is-fire-activity-declining-in-northwestern-india,,,,,,,,v2,221
"Did the burned area north and west of Pacific Palisades, California increase between January 6, 2025 and January 14, 2025?",,https://earthobservatory.nasa.gov/images/153831/the-palisades-fires-footprint,,"The images above, acquired on January 14 by the OLI-2 (Operational Land Imager-2) on Landsat 9, show the area affected by the fire. In the natural color image (left), visibly charred areas stretch to the north and west of Pacific Palisades. Several lines of bright red or pink fire retardant dropped by aircraft appear along the perimeter of the burned area. (These are more visible in the larger image.)

The false-color image (right) combines shortwave infrared, near infrared, and visible components (OLI bands 6-5-3) of the electromagnetic spectrum. This band combination makes it easier to identify unburned vegetation (green) and recently burned landscape (light to dark brown).
",,,,,,v2,222
"Does Pacific Palisades have higher tropospheric Nitrogen dioxide levels on January 9, 2025 than on January 12, 2025?",,https://earthobservatory.nasa.gov/images/153838/unhealthy-skies-over-los-angeles-county,,"1. January 7 brought an ominous change in the weather. Strong Santa Ana winds streamed from the northeast, pushing the normal emissions that formed over the city that morning farther over the Pacific Ocean. As the morning progressed, a small source of NO2 sprung up west of downtown Los Angeles over the Pacific Palisades neighborhood. By the afternoon (upper right), winds had pushed the gas to the southwest, creating two distinct parallel plumes.
2. By January 12 (lower right), firefighters had made enough progress that the NO2 signal from the fires waned and urban pollutants began to dominate emissions again. As of January 16, Cal Fire reported the Palisades fire was 27 percent contained, and the Eaton fire was 55 percent contained.",,,,https://code.earthengine.google.com/67ece2e7bd271e1a84cc88944f3536c7,"// Define the location
var pacificPalisades = ee.Geometry.Point([-118.5273, 34.0480]);

// Define the dates for comparison (2025)
var januaryNinth = ee.Date('2025-01-09');  // January 9, 2025
var januaryTwelfth = ee.Date('2025-01-12'); // January 12, 2025

// Load Sentinel-5P TROPOMI Nitrogen Dioxide data
var no2Collection = ee.ImageCollection('COPERNICUS/S5P/OFFL/L3_NO2')
                    .select('tropospheric_NO2_column_number_density');

// Filter data for Pacific Palisades on January 9, 2025
// Getting the day before and after to ensure data availability
var palisadesJan9 = no2Collection
                   .filterDate(januaryNinth.advance(-1, 'day'), januaryNinth.advance(1, 'day'))
                   .mean();

// Filter data for Pacific Palisades on January 12, 2025
// Getting the day before and after to ensure data availability
var palisadesJan12 = no2Collection
                .filterDate(januaryTwelfth.advance(-1, 'day'), januaryTwelfth.advance(1, 'day'))
                .mean();

// Create buffer zone around the point for better sampling
// Using a 5km buffer as NO2 data has coarse resolution
var palisadesBuffer = pacificPalisades.buffer(5000);

// Calculate NO2 values at each date
var jan9NO2Value = palisadesJan9.reduceRegion({
  reducer: ee.Reducer.mean(),
  geometry: palisadesBuffer,
  scale: 1000,  // Scale in meters
  maxPixels: 1e12
});

var jan12NO2Value = palisadesJan12.reduceRegion({
  reducer: ee.Reducer.mean(),
  geometry: palisadesBuffer,
  scale: 1000,  // Scale in meters
  maxPixels: 1e12
});

// Get the NO2 values
var jan9Result = jan9NO2Value.get('tropospheric_NO2_column_number_density');
var jan12Result = jan12NO2Value.get('tropospheric_NO2_column_number_density');

// Compare the values
var comparison = ee.Number(jan9Result).gt(jan12Result);

// Print the results
print('Pacific Palisades NO2 on January 9, 2025 (mol/m²):', jan9Result);
print('Pacific Palisades NO2 on January 12, 2025 (mol/m²):', jan12Result);
print('Difference (Jan 9 - Jan 12) (mol/m²):', 
      ee.Number(jan9Result).subtract(jan12Result));
print('Does Pacific Palisades have higher NO2 on January 9 than January 12, 2025?', comparison);

// Visualization
// Define visualization parameters for NO2
var no2Vis = {
  min: 0.00001,
  max: 0.0005,
  palette: ['black', 'blue', 'purple', 'cyan', 'green', 'yellow', 'red']
};

// Add layers to the map
Map.addLayer(palisadesJan9, no2Vis, 'Pacific Palisades NO2 (Jan 9, 2025)');
Map.addLayer(palisadesJan12, no2Vis, 'Pacific Palisades NO2 (Jan 12, 2025)');

// Add marker for the location
Map.addLayer(pacificPalisades, {color: 'white'}, 'Pacific Palisades');

// Center map on Pacific Palisades
Map.centerObject(pacificPalisades, 12);

// Create a difference image to better visualize the comparison
var no2Difference = palisadesJan9.subtract(palisadesJan12);
var diffVis = {
  min: -0.0002,
  max: 0.0002,
  palette: ['blue', 'white', 'red']
};

// Add the difference image for additional context
Map.addLayer(no2Difference, diffVis, 'NO2 Difference (Jan 9 - Jan 12, 2025)', false);

// Additional Analysis: Temporal context
// Get average NO2 for January 2025 to provide context
var januaryAverage = no2Collection
  .filterDate('2025-01-01', '2025-01-31')
  .mean()
  .reduceRegion({
    reducer: ee.Reducer.mean(),
    geometry: palisadesBuffer,
    scale: 1000,
    maxPixels: 1e12
  })
  .get('tropospheric_NO2_column_number_density');

print('Pacific Palisades average NO2 for January 2025:', januaryAverage);

// Add weekly pattern analysis
var weekData = ee.List.sequence(1, 31).map(function(day) {
  var date = ee.Date('2025-01-01').advance(ee.Number(day).subtract(1), 'day');
  var dayData = no2Collection
    .filterDate(date, date.advance(1, 'day'))
    .mean();
  
  var value = dayData.reduceRegion({
    reducer: ee.Reducer.mean(),
    geometry: palisadesBuffer,
    scale: 1000,
    maxPixels: 1e12
  }).get('tropospheric_NO2_column_number_density');
  
  return ee.Feature(null, {
    'date': date.format('YYYY-MM-dd'),
    'NO2': value
  });
});

// Convert the list to a feature collection for charting
var weekFc = ee.FeatureCollection(weekData);
print('January 2025 Daily NO2 Levels:', weekFc);

// Create a time series chart
var chart = ui.Chart.feature.byFeature(weekFc, 'date', ['NO2'])
  .setOptions({
    title: 'Daily NO2 Levels in Pacific Palisades (January 2025)',
    vAxis: {title: 'Tropospheric NO2 (mol/m²)'},
    hAxis: {title: 'Date'},
    pointSize: 3
  });

print(chart);",v1,223
"Is the tropospheric NO2 concentration higher in a region 50 km west of Pacific Palisades, Los Angeles, California than in a region 50 km southwest of Pacific Palisades on January 7, 2025 afternoon?",No,https://earthobservatory.nasa.gov/images/153838/unhealthy-skies-over-los-angeles-county,,"1. January 7 brought an ominous change in the weather. Strong Santa Ana winds streamed from the northeast, pushing the normal emissions that formed over the city that morning farther over the Pacific Ocea",,,,https://code.earthengine.google.com/f5ddaa256ce7058042db94c277e47ebd,"// Load Sentinel-5P TROPOMI NO2 data
// Note: Adjust the date range to match the period of the fire event
var dataset = ee.ImageCollection('COPERNICUS/S5P/NRTI/L3_NO2')
              .filter(ee.Filter.date('2025-01-07', '2025-01-08')); // Modify this date range as needed

// Define Palisades, Los Angeles coordinates
var palisades_point = ee.Geometry.Point([-118.5273, 34.0454]); // Pacific Palisades, LA coordinates

// Create point 50 km west of Palisades
var west_point = ee.Geometry.Point([-119.1273, 34.0454]); // 50 km west of Palisades

// Create point 50 km southwest of Palisades
// Calculate southwestern point (approximately 35.35 km west and 35.35 km south to get 50 km at 45° angle)
var southwest_point = ee.Geometry.Point([-118.9808, 33.7250]); // 50 km southwest of Palisades

// Create buffer regions (10km radius) to analyze the areas
var palisades_region = palisades_point.buffer(10000);
var west_region = west_point.buffer(10000);
var southwest_region = southwest_point.buffer(10000);

// Select the tropospheric NO2 column density band
var no2_data = dataset.select('tropospheric_NO2_column_number_density');

// Create a visualization parameter for NO2 data
var no2Vis = {
  min: 0,
  max: 0.0002, // Adjust based on typical NO2 range (in mol/m^2)
  palette: ['black', 'blue', 'purple', 'cyan', 'green', 'yellow', 'red']
};

// Function to calculate mean NO2 concentration for a region
function calculateMeanNO2(region, name) {
  // Calculate the mean value within the region
  var meanNO2 = no2_data.mean().reduceRegion({
    reducer: ee.Reducer.mean(),
    geometry: region,
    scale: 10000, // Using a finer resolution for more detailed analysis
    maxPixels: 1e12
  });
  
  return meanNO2.get('tropospheric_NO2_column_number_density');
}

// Calculate the mean NO2 concentration for all regions
var palisades_mean = calculateMeanNO2(palisades_region, 'Palisades');
var west_mean = calculateMeanNO2(west_region, 'West of Palisades');
var southwest_mean = calculateMeanNO2(southwest_region, 'Southwest of Palisades');

// Calculate the ratios
var west_to_palisades_ratio = ee.Number(west_mean).divide(palisades_mean);
var southwest_to_palisades_ratio = ee.Number(southwest_mean).divide(palisades_mean);
var west_to_southwest_ratio = ee.Number(west_mean).divide(southwest_mean);

// Print the results
print('Mean NO2 Concentration at Palisades (mol/m²):', palisades_mean);
print('Mean NO2 Concentration 50 km West of Palisades (mol/m²):', west_mean);
print('Mean NO2 Concentration 50 km Southwest of Palisades (mol/m²):', southwest_mean);
print('Is NO2 concentration higher 50 km West of Palisades?', ee.Number(west_mean).gt(southwest_mean));
print('West/Southwest Ratio:', west_to_southwest_ratio);
print('Percentage Difference (%):',
      ee.Number(west_mean).subtract(southwest_mean).divide(southwest_mean).multiply(100));

// Visualization
Map.setCenter(-118.7273, 33.9454, 8); // Center the map to show all three regions

// Calculate mean NO2 for the entire period
var meanNO2 = no2_data.mean();

// Add layers to the map
Map.addLayer(meanNO2, no2Vis, 'Mean NO2');

// Add regions to the map
Map.addLayer(ee.FeatureCollection(palisades_region), {color: 'red'}, 'Palisades Area');
Map.addLayer(ee.FeatureCollection(west_region), {color: 'blue'}, '50 km West of Palisades');
Map.addLayer(ee.FeatureCollection(southwest_region), {color: 'green'}, '50 km Southwest of Palisades');",v1,224
"Did Cairns, Queensland receive more rainfall than Cooktown, Queensland (-15.475923, 145.248920) between January 31 and February 4, 2025?",,https://earthobservatory.nasa.gov/images/153914/nishinoshima-belches-ash-and-lava,,"1. The rainfall was especially intense for several days along several hundred kilometers of the coast between Cairns and Ayr. 
2. The map above shows rainfall accumulation in a period of just over four days ending on February 4, 2025",,,,https://code.earthengine.google.com/058649112761d4b0dc6dd89cd98bfa0d,"// Load CHIRPS daily precipitation data for January 31 - February 4, 2025
var dataset = ee.ImageCollection('UCSB-CHG/CHIRPS/DAILY')
              .filter(ee.Filter.date('2025-01-31', '2025-02-05')); // End date is exclusive

// Select the precipitation band
var precipitation = dataset.select('precipitation');

// Define the regions of interest - Cairns and Cooktown in Queensland, Australia
var cairns = ee.Geometry.Point([145.7700, -16.9200]);
var cooktown = ee.Geometry.Point([145.2500, -15.4700]);

// Create buffer around points to create areas for analysis (10km radius)
var cairnsRegion = cairns.buffer(10000);
var cooktownRegion = cooktown.buffer(10000);

// Function to calculate total precipitation for a specific dataset over a region
function calculateTotalPrecipitation(dataset, region, regionName) {
  // Sum the precipitation over the time period
  var totalPrecip = dataset.sum();
  
  // Calculate the total precipitation in the region in mm
  var totalRegionalPrecip = totalPrecip.reduceRegion({
    reducer: ee.Reducer.mean(),
    geometry: region,
    scale: 5000,
    maxPixels: 1e12
  });
  
  return ee.Dictionary({
    'region': regionName,
    'total_precipitation': totalRegionalPrecip.get('precipitation')
  });
}

// Calculate the total precipitation for both regions
var cairnsPrecip = calculateTotalPrecipitation(precipitation, cairnsRegion, 'Cairns');
var cooktownPrecip = calculateTotalPrecipitation(precipitation, cooktownRegion, 'Cooktown');

// Print the results
print('Total Precipitation in Cairns (Jan 31 - Feb 4, 2025) (mm):', cairnsPrecip);
print('Total Precipitation in Cooktown (Jan 31 - Feb 4, 2025) (mm):', cooktownPrecip);

// Determine which location received more rainfall
var cairnsTotal = ee.Number(cairnsPrecip.get('total_precipitation'));
var cooktownTotal = ee.Number(cooktownPrecip.get('total_precipitation'));
var comparison = cairnsTotal.subtract(cooktownTotal);

print('Difference in Precipitation (Cairns - Cooktown) (mm):', comparison);
print('Did Cairns receive more rainfall than Cooktown?', comparison.gt(0));

// Visualization
Map.setCenter(145.77, -16.20, 8); // Center map between Cairns and Cooktown

// Calculate total precipitation for visualization
var totalPrecip = precipitation.sum();

// Set visualization parameters
var precipVis = {
  min: 0,
  max: 100, // Adjust based on expected rainfall values
  palette: ['white', 'cyan', 'blue', 'purple', 'magenta']
};

// Add layers to the map
Map.addLayer(totalPrecip, precipVis, 'Total Rainfall Jan 31 - Feb 4, 2025 (mm)');

// Add the region boundaries
Map.addLayer(cairnsRegion, {color: 'red'}, 'Cairns Region');
Map.addLayer(cooktownRegion, {color: 'yellow'}, 'Cooktown Region');",v1,225
"Are there more than three lakes within a 50 km radius of coordinates (35.879797, 86.428836) in Augest 11, 2024?",,https://earthobservatory.nasa.gov/images/154011/a-proliferation-of-lakes-on-the-tibetan-plateau,,"1. In a study published in 2024 and focused specifically on the Tibetan Plateau, one group of researchers estimated that the plateau had a total of 4,385 lakes larger than 0.1 square kilometers in 1991, with 4.2 percent of them measuring between 10 and 50 square kilometers and 2.9 percent of them larger than 50 square kilometers",,,,https://code.earthengine.google.com/f010d0fe3ba1d0cece56188e6254aa43,"// Define the center point and create a 50km buffer for analysis
var centerPoint = ee.Geometry.Point([86.428836,35.879797]);
var regionOfInterest = centerPoint.buffer(50000); // 50 km radius in meters

// Define a single date for August 11, 2024
// Since we want a specific date rather than a composite over time
var targetDate = ee.Date('2024-08-11');
// Set a small window of ±5 days to increase chances of finding cloud-free imagery
var startDate = targetDate.advance(-5, 'day');
var endDate = targetDate.advance(5, 'day');

// Get Landsat 8/9 imagery for the region around August 11, 2024
// Using Collection 2 Level 2 surface reflectance data
var landsat = ee.ImageCollection(""LANDSAT/LC08/C02/T1_L2"")
  .merge(ee.ImageCollection(""LANDSAT/LC09/C02/T1_L2"")) // Include Landsat 9 to increase data availability
  .filterDate(startDate, endDate)
  .filterBounds(regionOfInterest)
  .filter(ee.Filter.lt('CLOUD_COVER', 20)) // Filter for less cloudy images
  .sort('CLOUD_COVER')
  .sort('system:time_start', false) // Sort by date, most recent first
  .mosaic(); // Take the most recent, least cloudy image

// Function to rescale the surface reflectance
function prepSrL8(image) {
  // Landsat 8/9 Collection 2 Level 2 surface reflectance data needs scaling
  var opticalBands = image.select('SR_B.').multiply(0.0000275).add(-0.2);
  return image.addBands(opticalBands, null, true);
}

// Apply the scaling function
var landsatScaled = prepSrL8(landsat);

// Define functions for water detection
// 1. Modified Normalized Difference Water Index (MNDWI)
function calculateMNDWI(image) {
  var green = image.select('SR_B3');
  var swir1 = image.select('SR_B6');
  var mndwi = green.subtract(swir1).divide(green.add(swir1)).rename('mndwi');
  return mndwi;
}

// 2. Normalized Difference Water Index (NDWI)
function calculateNDWI(image) {
  var green = image.select('SR_B3');
  var nir = image.select('SR_B5');
  var ndwi = green.subtract(nir).divide(green.add(nir)).rename('ndwi');
  return ndwi;
}

// Calculate water indices
var mndwi = calculateMNDWI(landsatScaled);
var ndwi = calculateNDWI(landsatScaled);

// Create a water mask using both indices
var waterMask = mndwi.gt(0.2) // 0.2 threshold for MNDWI
  .or(ndwi.gt(0.2));  // 0.2 threshold for NDWI

// Clean up the water mask with morphological operations to reduce noise
var waterMaskCleaned = waterMask
  .focalMin(1).focalMax(1)  // Remove isolated pixels
  .selfMask();  // Mask out non-water areas

// Convert the water mask to vectors (polygons)
var waterVectors = waterMaskCleaned.reduceToVectors({
  geometry: regionOfInterest,
  scale: 30,
  geometryType: 'polygon',
  eightConnected: true,
  maxPixels: 1e10,
  reducer: ee.Reducer.countEvery()  // Count all water pixels
});

// Calculate area for each water body
var waterBodiesWithArea = waterVectors.map(function(feature) {
  // Calculate area in square meters with an error margin of 1 meter
  var area = feature.geometry().area(1);
  // Convert to square kilometers
  var areaKm2 = area.divide(1000000);
  return feature.set('area_km2', areaKm2);
});

// Filter water bodies larger than 10 sq km (10,000,000 sq meters)
var minLakeArea = 10000000; // 10 sq km in sq meters
var largeLakes = waterBodiesWithArea.filter(ee.Filter.gt('area_km2', 10));

// Count the number of large lakes
var largeCount = largeLakes.size();

// Create a Feature Collection of centroids for the lakes
var lakeCentroids = largeLakes.map(function(feature) {
  var centroid = feature.geometry().centroid(1); // 1 meter error margin
  return ee.Feature(centroid).set('area_km2', feature.get('area_km2'));
});

// Visualization parameters
var waterVis = {
  palette: ['0000ff'],
  opacity: 0.8
};

var trueColorVis = {
  bands: ['SR_B4', 'SR_B3', 'SR_B2'],
  min: 0,
  max: 0.3
};

// Add layers to the map
Map.centerObject(regionOfInterest, 8);
Map.addLayer(landsatScaled, trueColorVis, 'True Color Composite (Aug 2024)');
Map.addLayer(waterMaskCleaned, waterVis, 'Detected Water Bodies');
Map.addLayer(largeLakes, {color: 'cyan'}, 'Large Lakes (>10 sq km)');
Map.addLayer(lakeCentroids, {color: 'red', pointSize: 5}, 'Large Lake Centroids');
Map.addLayer(regionOfInterest, {color: 'yellow', fillColor: '00000000'}, '50km Radius Region');
Map.addLayer(centerPoint, {color: 'red', pointSize: 10}, 'Center Point');

// Print results
print('Question: Is there more than 2 lakes (size > 10 km²) in the Tibetan Plateau region?');
print('Number of large lakes detected (>10 km²):', largeCount);

// Evaluate the condition on the server side
largeLakes.size().gt(2).evaluate(function(result) {
  if (result) {
    print('Answer: YES, there are more than 2 lakes larger than 10 km² in the region.');
  } else {
    print('Answer: NO, there are 2 or fewer lakes larger than 10 km² in the region.');
  }
});

// Print information about each large lake
print('Large lakes information:', largeLakes);",v1,226
"Did the volcanic plume from Nyamulagira at Virunga National Park drift eastward on February 20, 2025, captured by Landsat 8?",No,https://earthobservatory.nasa.gov/images/154037/nyamulagira-brings-the-heat,," thermal signal also appears near the end of a southwest-trending lava flow, approximately 3.3 kilometers (2 miles) from the crater’s west rim.",,,Landsat 8,,,v2,227
"Are more floating solar panels visible on February 10, 2023, than on January 30, 2025, on a reservoir of the Narmada River in central India?",No,https://earthobservatory.nasa.gov/images/154067/floating-solar-in-madhya-pradesh,,"This pair of images shows the development of floating solar power arrays on a reservoir of the Narmada River in central India. The right image shows the reservoir on January 30, 2025. For comparison, the left image shows the same area on February 10, 2023, during an earlier stage of the project. Both images were acquired by the OLI-2 (Operational Land Imager-2) on Landsat 9.",,,,,,v2,228
"Does the floodplain along Cooper Creek, downstream of Windorah, 10 km radius around (-27.667421, 141.780304), show higher vegetation greenness on April 22, 2025 than on April 6, 2025?",,https://earthobservatory.nasa.gov/images/154233/floods-give-way-to-a-burst-of-desert-life,,"On April 6 (left), floodwaters filled the river channel downstream of Windorah, a town that saw some of its highest river levels on record in the preceding days. By April 22 (right), water levels had subsided somewhat, allowing vegetation to spring up from the moist ground.",,,"Landsat 9
Modis-Terra",,,v2,229
"Did the area of open water around Bay Dosgris, south of New Orleans, increase from 1985 to 2024 relative to wetland areas?",,https://earthobservatory.nasa.gov/images/154302/forty-years-of-change-in-louisianas-wetlands,,,,,,,,v2,230
Did the glacial ice and snow cover on Mount Stanley in the Rwenzori Mountains decrease between 2020 and 2024?,,https://earthobservatory.nasa.gov/images/154313/mountains-of-the-moon,,"The Rwenzori Mountains, along with Kilimanjaro and Mount Kenya east of this image, contain the bulk of East Africa’s tropical glaciers. All of them are in strong decline.

The white cap atop Mount Stanley, visible in the detailed image above, is a combination of glacial ice and snow. Researchers surveying the mountain’s glaciers found that the area of the Stanley Plateau glacier decreased by 29.5 percent between 2020 and 2024. T",,,,,,v2,231
"Did tropospheric nitrogen dioxide (NO2) concentrations over New York City appear higher at 2:00-3:00 pm than at 5:00-6:00 pm local time on August 9, 2023?",,https://earthobservatory.nasa.gov/images/154320/celebrating-a-long-career-with-roots-on-long-island,,"The sequence of images above shows a plume of nitrogen dioxide (NO2) emerging from New York City around noon local time on August 9, 2023",,,,https://code.earthengine.google.com/0dc734a1a2d20e30a51a05dbc4fc10e8,,v2,232
"On June 24, 2025, was New York City highest temperature higher than June 24, 2024?",,https://earthobservatory.nasa.gov/images/154475/sizzling-start-to-summer,,"On that day, both Boston and New York City (John F. Kennedy International Airport) reached highs of 102°F (39°C), setting new June records for those places.",,,,,,v2,233
"On June 24, 2025, was the peak observed temperature in St. Francis, Kansas higher than Death Valley, California?",,https://earthobservatory.nasa.gov/images/154475/sizzling-start-to-summer,,"Also on that day, Minneapolis, Minnesota, set a daily record high of 96°F (36°C), and St. Francis, Kansas, was the hottest place in the country at 104°F (40°C)—more scorching than Death Valley, California.",,,,,,v2,234
"On June 24, 2025, was the temperature over John F. Kennedy International Airport higher than on any other day in June 2020 to 2024?",,https://earthobservatory.nasa.gov/images/154475/sizzling-start-to-summer,,"New York City (John F. Kennedy International Airport) reached highs of 102°F (39°C), setting new June records for those places.",,,,,,v2,235
"Did Lac Rouge shrink by more than 90% between June 21, 2024 and June 15, 2025?",,https://earthobservatory.nasa.gov/images/154526/the-disappearance-of-lac-rouge,,"The image above (right) shows a drained Lac Rouge and the new course charted by its outflow on June 15, 2025. For comparison, the left image shows the area the previous June, when the lake was full. Both were acquired with the OLI-2 (Operational Land Imager-2) on Landsat 9.",,,Landsat 9,,,v2,236
Was there snow present in the Atacama Desert during the months of June and July in 2025?,,https://earthobservatory.nasa.gov/images/154562/rare-snowfall-in-the-atacama-desert,,"The MODIS (Moderate Resolution Imaging Spectroradiometer) on NASA’s Terra satellite captured an image (above left) of the snowfall on June 26, 2025, the day after the storm. The same sensor captured the second image on July 16, 2025.",,,,,,v2,237
"On August 3, 2025, were there more than 120 fires active in Saskatchewan, Canada?",no,https://earthobservatory.nasa.gov/images/154641/widespread-smoke-from-canadian-fires,,"On August 3, 2025, 159 and 81 fires were burning in Manitoba and Saskatchewan, respectively, many of which were classified as out of control.",,,,,,v2,238
"On August 3, 2025, were there more than 30 fires active in Manitoba, Canada?",,https://earthobservatory.nasa.gov/images/154641/widespread-smoke-from-canadian-fires,,"On August 3, 2025, 159 and 81 fires were burning in Manitoba and Saskatchewan, respectively, many of which were classified as out of control.",,,,,,v2,239
"Was the area burned in Canada from Jan to August 3, 2025 greater than the area burned by the same period in 2023?",No,https://earthobservatory.nasa.gov/images/154641/widespread-smoke-from-canadian-fires,,"Canada is facing one of its worst fire seasons on record in terms of area burned. As of August 3, more than 6.6 million hectares (16.3 million acres) had burned, according to the Canadian Interagency Forest Fire Center. That exceeds the 25-year average of about 2.2 million hectares but trails the more than 12.3 million hectares burned by this date in 2023, a record-setting year",,,,,,v2,240
"Was there only snow and no clouds present in the Northern Tablelands in New South Wales, Australia on August 2, 2025?",no,https://earthobservatory.nasa.gov/images/154644/fleeting-glimpse-of-rare-snow,,"The Northern Tablelands in New South Wales, Australia, transformed into a winter wonderland on August 2, 2025.",,,Landsat 8,,,v2,241
"Was there snow present in the Northern Tablelands in New South Wales, Australia on August 2, 2025?",,https://earthobservatory.nasa.gov/images/154644/fleeting-glimpse-of-rare-snow,,"The Northern Tablelands in New South Wales, Australia, transformed into a winter wonderland on August 2, 2025.",,,,,,v2,242
"Does the water 100 km south of Bear Island, Norway show more milky turquoise-blue color than that 250 km south of Bear Island on August 5, 2025?",,https://earthobservatory.nasa.gov/images/154651/bloom-time-in-the-barents-sea,,"The bloom is visible in this image, captured on August 5, 2025, by the MODIS (Moderate Resolution Imaging Spectroradiometer) on NASA’s Aqua satellite. The bloom swirled around Bear Island, an outer island of Norway’s Svalbard archipelago. The island lies about midway between the archipelago’s largest island, Spitsbergen (north of this scene), and mainland Norway, visible at the bottom of the image.

The milky turquoise-blue color likely comes from coccolithophores, notably Gephyrocapsa huxleyi (previously called Emiliania huxleyi)",,,MODIS-Aqua,https://code.earthengine.google.com/0aa371ef25f5536e28689427b6f85a26 or https://code.earthengine.google.com/2925e82abd72940abc00b762600dc46d,"// =======================
// Bear Island (Bjørnøya) reference
// =======================
var bearIsland = ee.Geometry.Point([19.017, 74.517]); // lon, lat

// Offset ~km south using degrees (≈111.32 km per degree latitude)
function southPoint(origin, kmSouth) {
  var dLat = ee.Number(kmSouth).divide(111.32);
  var lat = ee.Number(origin.coordinates().get(1)).subtract(dLat);
  var lon = ee.Number(origin.coordinates().get(0));
  return ee.Geometry.Point([lon, lat]);
}
var pt100 = southPoint(bearIsland, 100);
var pt250 = southPoint(bearIsland, 250);

// 10 km radius buffers for stats/visual clarity
var bufKm = 10;
var area100 = pt100.buffer(bufKm * 1000);
var area250 = pt250.buffer(bufKm * 1000);

// =======================
// Date: 2025-08-05 (±1 day, median composite)
// =======================
var start = ee.Date('2025-08-04');
var end   = ee.Date('2025-08-06');

// =======================
// MODIS Aqua surface reflectance (C61)
// Dataset: MODIS/061/MYD09GA (Aqua)
// Bands used: b03 (~469 nm, ""blue""), b04 (~555 nm, ""green"")
// =======================
var coll = ee.ImageCollection('MODIS/061/MYD09GA')
  .filterDate(start, end)
  .filterBounds(bearIsland)
  .select(['sur_refl_b03','sur_refl_b04','state_1km']);

// --- QA cloud mask (state_1km bits) ---
// Bits 0-1: Cloud state (0=clear, 1=cloudy, 2=mixed, 3=not set)
// Bit 10: Cirrus detected
function maskClouds(img) {
  var qa = img.select('state_1km').toInt16();

  // Bits 0–1: cloud state (0=clear, 1=cloudy, 2=mixed, 3=not set)
  var cloudState = qa.bitwiseAnd(3);         // no shift needed for bits 0–1
  var isCloudy   = cloudState.neq(0);

  // Example extra mask: single-bit flag (shift then AND 1)
  var cirrus = qa.rightShift(10).bitwiseAnd(1).eq(1);

  var clear = isCloudy.not().and(cirrus.not());
  return img.updateMask(clear);
}

var sr = coll.map(maskClouds)
             .median()
             .select(['sur_refl_b03','sur_refl_b04'])
             .rename(['B03','B04'])
             .multiply(0.0001);  // scale factor per MYD09 docs

// =======================
// OC3-style chlorophyll-a proxy
// Classic OC3M: X = log10(max(Rrs443,Rrs488)/Rrs551) then 10^(a0+a1X+...)
// Here we approximate with surface reflectance ratio B03(∼469)/B04(∼555).
// Coeffs (NASA OC3M v6): a0=0.283, a1=-2.753, a2=1.457, a3=0.659, a4=-1.403
// =======================
var eps = 1e-6;
var ratio = sr.select('B03').add(eps).divide(sr.select('B04').add(eps));
var X = ratio.log10();
var a0 = 0.283, a1 = -2.753, a2 = 1.457, a3 = 0.659, a4 = -1.403;
var poly = ee.Image.constant(a0)
  .add(X.multiply(a1))
  .add(X.pow(2).multiply(a2))
  .add(X.pow(3).multiply(a3))
  .add(X.pow(4).multiply(a4));

// chlor_a in mg m^-3 (proxy)
var chlorA = ee.Image(10).pow(poly).rename('chlor_a_proxy');

// Optional sanity mask: keep reasonable ocean values
var chlorMask = chlorA.gt(0.02).and(chlorA.lt(50)); // 0.02–50 mg/m^3
chlorA = chlorA.updateMask(chlorMask);

// =======================
// Visualization (water-color palette)
// =======================
var chlVis = {
  min: 0.05,
  max: 15.0,
  palette: [
    '001146','00336e','005a8c','1e86b6','4bb3d1',
    '7ad3d4','a7e3c3','d4f0a1','f6f28f','f9cc74','f29c53','e35a3f','c22e3a'
  ]
};

// Map extent & layers
var bbox = area100.union(area250).buffer(30000);
Map.centerObject(bbox, 6);
Map.addLayer(chlorA.clip(bbox), chlVis, 'Chlorophyll-a (OC3 proxy) • Aqua MYD09GA • 2025-08-05', true);
Map.addLayer(area100, {color: 'cyan'},   '100 km S • 10 km buffer');
Map.addLayer(area250, {color: 'magenta'},'250 km S • 10 km buffer');
Map.addLayer(bearIsland, {color: 'yellow'}, 'Bear Island ref', false);

// =======================
// Statistics
// =======================
function meanChl(img, region, label){
  var stats = img.reduceRegion({
    reducer: ee.Reducer.mean().combine({reducer2: ee.Reducer.stdDev(), sharedInputs: true}),
    geometry: region,
    scale: 1000,    // MYD09GA resolution
    maxPixels: 1e12,
    bestEffort: true
  });
  print(label + ' mean chlor-a proxy (mg/m^3):', stats.get('chlor_a_proxy_mean'));
  print(label + ' stdDev chlor-a proxy (mg/m^3):', stats.get('chlor_a_proxy_stdDev'));
  return stats;
}

var s100 = meanChl(chlorA, area100, '100 km south');
var s250 = meanChl(chlorA, area250, '250 km south');

// Difference summary
var mean100 = ee.Number(s100.get('chlor_a_proxy_mean'));
var mean250 = ee.Number(s250.get('chlor_a_proxy_mean'));
var diff = mean250.subtract(mean100);
var pct  = diff.divide(mean100).multiply(100);
print('Δ chlor-a proxy (250 − 100) mg/m^3:', diff);
print('Percent difference (%):', pct);

// For quick QC:
print('Ratio (B03/B04) stats at 100 km S:', chlorA.addBands(ratio.rename('ratio')).reduceRegion({
  reducer: ee.Reducer.mean().combine({reducer2: ee.Reducer.minMax(), sharedInputs: true}),
  geometry: area100, scale: 1000, maxPixels: 1e12, bestEffort: true
}));
",v2,243
"Was the ash plume from Klyuchevskaya Sopka drifting primarily eastward across the Kamchatka Peninsula on August 8, 2025?",,https://earthobservatory.nasa.gov/images/154670/ash-streams-from-klyuchevskaya-sopka,,,,,MODIS-Terra,,,v2,244
"Did surface water extent in Keechelus Lake, Washington, decrease between July 2024 and July 2025?",,https://earthobservatory.nasa.gov/images/154703/drought-parches-the-yakima-river-basin,,"Water storage in the basin’s five reservoirs has dropped sharply as well, bringing levels, at times, to some of the lowest measured since record-keeping started in 1971. The OLI (Operational Land Imager) on Landsat 8 captured this image (above right) of three of the Yakima basin reservoirs on July 29, 2025, the most recent date a clear image of the reservoirs was available.",,,,,,v2,245
"Did vegetation greenness decrease in farmland southeast of Calgary, Alberta, between August 19, 2025, and August 24, 2025?",,https://earthobservatory.nasa.gov/images/154724/hail-scars-alberta-farmland,,"The pair of images above highlights the long swath of damage visible in satellite imagery in the aftermath of the storm. The first image (left) shows a mixture of farmland, grasslands, and forests southeast of Calgary on August 19, 2025; the second image (right) shows the same area on August 24, after the storm had battered the landscape. The images were acquired with the MODIS (Moderate Resolution Imaging Spectroradiometer) on NASA’s Terra and Aqua satellites, respectively.",,,,https://code.earthengine.google.com/a46511a40402a944902526172e8b1367,"/**
 * Function to mask clouds using the Sentinel-2 QA band
 * @param {ee.Image} image Sentinel-2 image
 * @return {ee.Image} cloud masked Sentinel-2 image
 */
function maskS2clouds(image) {
  var qa = image.select('QA60');

  // Bits 10 and 11 are clouds and cirrus, respectively.
  var cloudBitMask = 1 << 10;
  var cirrusBitMask = 1 << 11;

  // Both flags should be set to zero, indicating clear conditions.
  var mask = qa.bitwiseAnd(cloudBitMask).eq(0)
      .and(qa.bitwiseAnd(cirrusBitMask).eq(0));

  return image.updateMask(mask).divide(10000);
}

var visualization = {
  min: 0.0,
  max: 0.3,
  bands: ['B4', 'B3', 'B2'],
};

Map.setCenter(-111.760162, 50.710872, 10);


var dataset = ee.ImageCollection('COPERNICUS/S2_SR_HARMONIZED')
                  .filterDate('2025-08-25', '2025-08-26')
                  // Pre-filter to get less cloudy granules.
                  .filter(ee.Filter.lt('CLOUDY_PIXEL_PERCENTAGE',20))
                  .map(maskS2clouds);
Map.addLayer(dataset.mean(), visualization, 'after');

var dataset_b = ee.ImageCollection('COPERNICUS/S2_SR_HARMONIZED')
                  .filterDate('2025-08-14', '2025-08-22')
                  // Pre-filter to get less cloudy granules.
                  .filter(ee.Filter.lt('CLOUDY_PIXEL_PERCENTAGE',20))
                  .map(maskS2clouds);
Map.addLayer(dataset_b.mean(), visualization, 'before');
",v2,246
Did the water in Lake Bosumtwi appear more green in December 2024 than in December 2015?,,https://earthobservatory.nasa.gov/images/154739/an-explosive-beginning-for-lake-bosumtwi,,The greener water in 2024 is likely due to the lake having a higher concentration of some types of phytoplankton,,,,,,v2,247
"Did smoke plumes from the Itcha Lake fire spread south into the US Pacific Northwest on September 2, 2025?",No,https://earthobservatory.nasa.gov/images/154751/bc-wildfires-send-smoke-skyward,,"On the afternoon of September 2, 2025, the MODIS (Moderate Resolution Imaging Spectroradiometer) on NASA’s Aqua satellite captured this image of smoke pouring from wildfires in the Cariboo region. Most were burning within the western part of this region, which spans 8.2 million hectares (20 million acres) of British Columbia’s central interior.",,,,,,v2,248
"Did the urban area in Mekele, Ethiopia, increase between 1984 and 2025?",,https://earthobservatory.nasa.gov/images/154760/breaking-new-ground-in-mekele,,"The pair of Landsat images above, acquired in 1984 (left) and 2025 (right), show Mekele’s transformation from a town of 60,000 people to a city of more than 500,000, complete with heavy industry, an airport, a cement plant, and large-scale planned residential neighborhoods.",,,,,,v2,249
Did water extent in Alsek Lake decrease between 1984 and 2010?,No,https://earthobservatory.nasa.gov/images/154764/alaskas-brand-new-island,,"This pair of images shows the extent of ice retreat and lake growth between 1984 and 2025. They were acquired in the summers of those years with the TM (Thematic Mapper) on Landsat 5 and the OLI-2 (Operational Land Imager-2) on Landsat 9, respectively.",,,Landsat 5/8/9,,,v2,250
"Did surface water extent increase along the Indus River floodplain in Pakistan between July 1, 2022 and August 28, 2022?",,https://earthobservatory.nasa.gov/images/154781/monsoon-rains-flood-pakistan,,"The image on the right shows flooding along major rivers in the region on September 9, 2025. For comparison, the left image shows the area on the same day in 2023, when monsoon rainfall amounts were close to normal. The images were acquired with the VIIRS (Visible Infrared Imaging Radiometer Suite) on the NOAA-20 satellite and are false-color to emphasize the presence of water.

Mid-August brought torrential rains to mountainous northern areas of the country, triggering damaging and deadly flash floods and landslides as the water worked its way downstream. By the end of the month, monsoon rain totals were 21 percent above normal nationwide and 36 percent higher in Punjab province. As of September 4, nearly 4 million people in eastern Punjab were affected, and close to 2 million were evacuated. About 4,000 villages were inundated by overflowing rivers.
",,,"VIIRS

Sentinel 2",,,v2,251
"Was there more green vegetation visible around Onemen Bay near Anadyr on August 9, 2025, than on September 11, 2025?",,https://earthobservatory.nasa.gov/images/154785/color-along-the-anadyr,,"The transition is apparent in this pair of images. On August 9 (left), lush, green vegetation spanned the landscape. About a month later (right), striking reds, yellows, and browns prevailed",,,MODIS-Terra,,,v2,252
"Did smoke from the Lynx Mountain fire in northeastern Washington spread into British Columbia on September 13, 2025?",,https://earthobservatory.nasa.gov/images/154797/smoky-skies-in-the-pacific-northwest,,"On September 13, 2025, the MODIS (Moderate Resolution Imaging Spectroradiometer) on NASA’s Terra satellite captured this view of smoke spreading from the Lynx Mountain fire across the northeastern part of the state and into British Columbia",,,MODIS-Terra,,,v2,253
"Did the water extent in Lake Killamperpunna increase between June 20, 2025 and September 15, 2025?",,https://earthobservatory.nasa.gov/images/154803/cooper-creek-replenishes-lake-eyre,,,,,,,,v2,254
"Did the water extent in the northern part of Lake Eyre increase between June 20, 2025 and September 15, 2025?",No,https://earthobservatory.nasa.gov/images/154803/cooper-creek-replenishes-lake-eyre,,"The northwest part of Lake Eyre became drier, while its eastern side expanded",,,,,,v2,255
"Did vegetation cover increase in Warburton Creek between June 20, 2025 and September 15, 2025?",,https://earthobservatory.nasa.gov/images/154803/cooper-creek-replenishes-lake-eyre,,"Note how Warburton Creek appears blue in mid-June (left), indicating water was flowing, and then green in mid-September (right), suggesting the river flow had waned and vegetation had emerged in the riverbed",,,,,,v2,256
"Since 2001, has the forest in Tshopo province around Kisangani lost less than 15,000 square kilometers of tree cover?",No,https://earthobservatory.nasa.gov/images/154817/reshaping-the-forests-around-kisangani,,"The forest in Tshopo province around Kisangani—a fast-growing city now home to about 1.5 million people—is one of several areas contributing to the losses. A similar Global Forest Watch analysis indicates that the province saw more tree cover loss in recent decades than any other part of the DRC, with losses totaling more than 19,000 square kilometers (7,300 square miles) since 2001.",,,,,,v2,257
"Did the Cuyuni River (6.437929, -58.628264) appear lighter in color than the Mazaruni and Essequibo Rivers near their confluence (6.407305, -58.606792) on August 16, 2023?",,https://earthobservatory.nasa.gov/images/154830/land-of-many-waters-and-much-sediment,,"The difference in water color between the Cuyuni and the other two rivers is due to varying amounts of small particles floating in the water, or suspended sediment. When the image was acquired, the darker waters of the Mazaruni and Essequibo likely contained less suspended sediment, allowing tannins—organic compounds from decaying vegetation—to stain the water a dark brown color. In contrast, the Cuyuni appeared light brown because it was carrying what Colby College hydrologist Evan Dethier described as “enormous” amounts of fine-grained sediment",,,,,,v2,258
"Was snow present near the Mississippi River Delta Basin (Plaquemines-Balize Delta) during the interval of January 21-24, 2025?",,https://earthobservatory.nasa.gov/images/154838/winter-transforms-the-mississippi-river-delta,,"A major Gulf Coast storm came through the area between January 20 and 22, 2025. Snow, an uncommon occurrence in this region, still blanketed much of the landscape on the morning of January 24, though most of it had melted away by the afternoon, when this photo was taken. (Some patches may have persisted in urban areas.)",,,,,,v2,259
Was there more fire activity in August 2008 than in February 2008 in Thailand?,No,https://earthobservatory.nasa.gov/images/36220/2019-was-the-second-warmest-year-on-record,,"1. February is clearly the burning season in the tropics. A solid band of red stretches across the Sahel of Africa, and hundreds fires were burning in northern South America, Central America, and southeast Asia.",,,,https://code.earthengine.google.com/ab0e6722df2329f9a15755da82293f1c,"// Load MODIS Thermal Anomalies & Fire data for the two time periods
var dataset_feb = ee.ImageCollection('MODIS/006/MOD14A1')
                  .filter(ee.Filter.date('2008-02-01', '2008-02-29'))
                  .filter(ee.Filter.bounds(ee.Geometry.Rectangle([97.3, 5.6, 105.6, 20.5]))); // Thailand bounds

var dataset_aug = ee.ImageCollection('MODIS/006/MOD14A1')
                  .filter(ee.Filter.date('2008-08-01', '2008-08-31'))
                  .filter(ee.Filter.bounds(ee.Geometry.Rectangle([97.3, 5.6, 105.6, 20.5]))); // Thailand bounds

// Select the Maximum Fire Radiative Power band
var frp_feb = dataset_feb.select('MaxFRP');
var frp_aug = dataset_aug.select('MaxFRP');

// Create a visualization parameter for fire data
var fireVis = {
  min: 0,
  max: 500, // Adjust based on typical FRP range
  palette: ['black', 'blue', 'purple', 'cyan', 'green', 'yellow', 'red']
};

// Define Thailand region
var thailand = ee.FeatureCollection('USDOS/LSIB_SIMPLE/2017')
                  .filter(ee.Filter.eq('country_na', 'Thailand'));

// Function to calculate fire statistics for a dataset
function calculateFireStats(dataset) {
  // Get the mean FRP over the time period
  var meanFRP = dataset.mean();
  
  // Calculate the mean value within the region
  var regionalMean = meanFRP.reduceRegion({
    reducer: ee.Reducer.mean(),
    geometry: thailand,
    scale: 10000,
    maxPixels: 1e12
  });
  
  // Count fire pixels (where MaxFRP > 0)
  var fireCount = dataset.map(function(image) {
    return image.gt(0).selfMask();
  }).sum();
  
  var totalFirePixels = fireCount.reduceRegion({
    reducer: ee.Reducer.sum(),
    geometry: thailand,
    scale: 10000,
    maxPixels: 1e12
  });
  
  return {
    'meanFRP': regionalMean.get('MaxFRP'),
    'firePixelCount': totalFirePixels.get('MaxFRP')
  };
}

// Calculate the fire statistics for both periods
var stats_feb = calculateFireStats(frp_feb);
var stats_aug = calculateFireStats(frp_aug);

// Print the results
print('February 2008 Fire Statistics:');
print('- Mean Fire Radiative Power (MW):', stats_feb.meanFRP);
print('- Fire Pixel Count:', stats_feb.firePixelCount);

print('August 2008 Fire Statistics:');
print('- Mean Fire Radiative Power (MW):', stats_aug.meanFRP);
print('- Fire Pixel Count:', stats_aug.firePixelCount);

// Calculate the percentage change
var frpChange = ee.Number(stats_aug.meanFRP).subtract(stats_feb.meanFRP);
var frpPercentChange = frpChange.divide(stats_feb.meanFRP).multiply(100);

var countChange = ee.Number(stats_aug.firePixelCount).subtract(stats_feb.firePixelCount);
var countPercentChange = countChange.divide(stats_feb.firePixelCount).multiply(100);

print('Fire Radiative Power Change (MW):', frpChange);
print('Fire Radiative Power Percentage Change (%):', frpPercentChange);
print('Fire Pixel Count Change:', countChange);
print('Fire Pixel Count Percentage Change (%):', countPercentChange);
print('Was there more fire in August 2008 than in February 2008?', 
      ee.Number(stats_aug.firePixelCount).gt(stats_feb.firePixelCount));

// Visualization
Map.setCenter(101, 15, 6); // Center on Thailand

// Calculate mean FRP for both periods
var meanFRP_feb = frp_feb.mean();
var meanFRP_aug = frp_aug.mean();

// Add layers to the map
Map.addLayer(meanFRP_feb, fireVis, 'Mean FRP February 2008');
Map.addLayer(meanFRP_aug, fireVis, 'Mean FRP August 2008');

// Create a difference image to show changes
var frpDifference = meanFRP_aug.subtract(meanFRP_feb);
var diffVis = {
  min: -100,
  max: 100,
  palette: ['blue', 'white', 'red']
};

Map.addLayer(frpDifference, diffVis, 'FRP Change (August - February 2008)', true);

// Add the Thailand boundary
Map.addLayer(ee.FeatureCollection(thailand), {color: 'black'}, 'Thailand Boundary');

// Create masks showing areas of FRP increase and decrease
var increaseThreshold = 50; // Adjust based on observed values
var decreaseThreshold = -50; // Adjust based on observed values

var increaseMask = frpDifference.gt(increaseThreshold);
var decreaseMask = frpDifference.lt(decreaseThreshold);

Map.addLayer(increaseMask.selfMask(), {palette: ['darkred']}, 'Areas with FRP Increase', false);
Map.addLayer(decreaseMask.selfMask(), {palette: ['darkblue']}, 'Areas with FRP Decrease', false);

// Count fire pixels per day for each month
var countFiresPerDay = function(startDate, endDate) {
  var dailyCollection = ee.ImageCollection('MODIS/006/MOD14A1')
    .filter(ee.Filter.date(startDate, endDate))
    .filter(ee.Filter.bounds(thailand));
    
  return dailyCollection.map(function(image) {
    var fireMask = image.select('MaxFRP').gt(0);
    var dateMillis = image.get('system:time_start');
    var fireCount = fireMask.reduceRegion({
      reducer: ee.Reducer.sum(),
      geometry: thailand,
      scale: 1000,
      maxPixels: 1e12
    }).get('MaxFRP');
    
    return ee.Feature(null, {
      'date': dateMillis,
      'fireCount': fireCount
    });
  });
};

var february_fires = countFiresPerDay('2008-02-01', '2008-02-29');
var august_fires = countFiresPerDay('2008-08-01', '2008-08-31');

// Add a chart showing the time series of fire counts for both periods
var feb_chart = ui.Chart.feature.byFeature(february_fires, 'date', ['fireCount'])
  .setOptions({
    title: 'Daily Fire Counts in Thailand (February 2008)',
    vAxis: {title: 'Fire Pixel Count'},
    hAxis: {title: 'Date', format: 'MM-dd'},
    lineWidth: 1,
    pointSize: 3
  });

var aug_chart = ui.Chart.feature.byFeature(august_fires, 'date', ['fireCount'])
  .setOptions({
    title: 'Daily Fire Counts in Thailand (August 2008)',
    vAxis: {title: 'Fire Pixel Count'},
    hAxis: {title: 'Date', format: 'MM-dd'},
    lineWidth: 1,
    pointSize: 3
  });

print(feb_chart);
print(aug_chart);

// Create a combined fire activity map
var fireActivity_feb = frp_feb.map(function(image) {
  return image.gt(0).selfMask();
}).sum();

var fireActivity_aug = frp_aug.map(function(image) {
  return image.gt(0).selfMask();
}).sum();

var fireActivityVis = {
  min: 0,
  max: 10,
  palette: ['yellow', 'orange', 'red']
};

Map.addLayer(fireActivity_feb, fireActivityVis, 'Fire Activity February 2008');
Map.addLayer(fireActivity_aug, fireActivityVis, 'Fire Activity August 2008');",v1,260
"Does forest cover decrease in Santa Cruz de la Sierra, Bolivia (east region) from August 1986 to August 2001?",,https://earthobservatory.nasa.gov/images/3721,,"1. These images from 1986 and 2001 are for an area of tropical dry forest lying east of Santa Cruz de la Sierra, Bolivia. Since the mid-1980s, the resettlement of people from the Altiplano (the Andean high plains) and a large agricultural development effort (the Tierras Baja project) has lead to this area’s deforestation. ",,,,https://code.earthengine.google.com/0bbe44571c3278146860418471df9bb2,"// Define the area of interest: Eastern region of Santa Cruz de la Sierra, Bolivia
// First, load administrative boundaries
var countries = ee.FeatureCollection('FAO/GAUL/2015/level1');

// Filter to get Santa Cruz department in Bolivia
var santaCruz = countries.filter(
  ee.Filter.and(
    ee.Filter.eq('ADM0_NAME', 'Bolivia'),
    ee.Filter.eq('ADM1_NAME', 'Santa Cruz')
  )
);

// Define the eastern region of Santa Cruz (approximate coordinates)
// We'll use a rectangle to focus on the eastern part
var santaCruzEast = ee.Geometry.Rectangle([-62.5, -18.5, -60.0, -16.5]);

// Intersect with Santa Cruz department to ensure we're within administrative boundaries
var studyArea = santaCruz.geometry().intersection(santaCruzEast);

// Function to mask clouds using the Landsat QA band
function maskL5Clouds(image) {
  var qa = image.select('QA_PIXEL');
  // Bits 3 and 5 are cloud shadow and cloud, respectively
  var cloudShadowBitMask = (1 << 3);
  var cloudsBitMask = (1 << 5);
  // Both flags should be set to zero, indicating clear conditions
  var mask = qa.bitwiseAnd(cloudShadowBitMask).eq(0)
                .and(qa.bitwiseAnd(cloudsBitMask).eq(0));
  return image.updateMask(mask);
}

// Function to calculate NDVI
function addNDVI(image) {
  var ndvi = image.normalizedDifference(['SR_B4', 'SR_B3']).rename('NDVI');
  return image.addBands(ndvi);
}

// Function to apply scale factors for surface reflectance
function applyScaleFactors(image) {
  var opticalBands = image.select('SR_B.').multiply(0.0000275).add(-0.2);
  return image.addBands(opticalBands, null, true);
}

// Function to classify forest based on NDVI
function classifyForest(image) {
  // Consider pixels with NDVI > 0.5 as forest (adjust threshold if needed)
  var forestMask = image.select('NDVI').gt(0.5);
  return forestMask.rename('forest');
}

// Load Landsat 5 TM Collection 2 Tier 1 Surface Reflectance for 1986
var landsat1986 = ee.ImageCollection('LANDSAT/LT05/C02/T1_L2')
  .filterBounds(studyArea)
  .filterDate('1986-08-01', '1986-08-31')
  .map(maskL5Clouds)
  .map(applyScaleFactors);

// Load Landsat 5 TM Collection 2 Tier 1 Surface Reflectance for 2001
var landsat2001 = ee.ImageCollection('LANDSAT/LT05/C02/T1_L2')
  .filterBounds(studyArea)
  .filterDate('2001-08-01', '2001-08-31')
  .map(maskL5Clouds)
  .map(applyScaleFactors);

// Create cloud-free composites
var composite1986 = landsat1986.median();
var composite2001 = landsat2001.median();

// Calculate NDVI for both time periods
var ndvi1986 = composite1986.normalizedDifference(['SR_B4', 'SR_B3']).rename('NDVI');
var ndvi2001 = composite2001.normalizedDifference(['SR_B4', 'SR_B3']).rename('NDVI');

// Classify forest (NDVI > 0.5)
var forest1986 = ndvi1986.gt(0.5).rename('forest');
var forest2001 = ndvi2001.gt(0.5).rename('forest');

// Calculate areas in square kilometers
var areaImage = ee.Image.pixelArea().divide(1000000); // convert to sq km

// Calculate forest area in 1986
var forestArea1986 = forest1986.multiply(areaImage).reduceRegion({
  reducer: ee.Reducer.sum(),
  geometry: studyArea,
  scale: 30,
  maxPixels: 1e13
});

// Calculate forest area in 2001
var forestArea2001 = forest2001.multiply(areaImage).reduceRegion({
  reducer: ee.Reducer.sum(),
  geometry: studyArea,
  scale: 30,
  maxPixels: 1e13
});

// Calculate forest loss and percentage change
var forestArea1986Value = ee.Number(forestArea1986.get('forest'));
var forestArea2001Value = ee.Number(forestArea2001.get('forest'));
var forestLoss = forestArea1986Value.subtract(forestArea2001Value);
var percentDecrease = forestLoss.divide(forestArea1986Value).multiply(100);

// Determine if forest cover decreased
var hasDecreased = forestArea2001Value.lt(forestArea1986Value);

// Print results
print('Forest area in August 1986 (sq km):', forestArea1986Value);
print('Forest area in August 2001 (sq km):', forestArea2001Value);
print('Forest loss from 1986 to 2001 (sq km):', forestLoss);
print('Percentage decrease from 1986 to 2001 (%):', percentDecrease);
print('Did forest cover decrease from 1986 to 2001?', hasDecreased);

// Visualization parameters
var forestVisParam = {
  min: 0,
  max: 1,
  palette: ['black', 'green']
};

var ndviVisParam = {
  min: -0.2,
  max: 0.8,
  palette: ['brown', 'yellow', 'green']
};

var rgbVisParam = {
  bands: ['SR_B3', 'SR_B2', 'SR_B1'],
  min: 0,
  max: 0.3
};

// Center map on study area
Map.centerObject(studyArea, 8);

// Add layers to map
Map.addLayer(composite1986, rgbVisParam, 'Landsat 1986 RGB');
Map.addLayer(composite2001, rgbVisParam, 'Landsat 2001 RGB');
Map.addLayer(ndvi1986, ndviVisParam, 'NDVI 1986');
Map.addLayer(ndvi2001, ndviVisParam, 'NDVI 2001');
Map.addLayer(forest1986, forestVisParam, 'Forest Cover 1986');
Map.addLayer(forest2001, forestVisParam, 'Forest Cover 2001');
Map.addLayer(studyArea, {color: 'blue', opacity: 0.3}, 'Study Area - Eastern Santa Cruz');

// Create a forest change map (forest loss in red, forest gain in blue, stable forest in green)
var forestChange = forest1986.add(forest2001.multiply(2));
// Values:
// 0: No forest in either year
// 1: Forest in 1986, no forest in 2001 (loss)
// 2: No forest in 1986, forest in 2001 (gain)
// 3: Forest in both years (stable forest)

var changeVisParam = {
  min: 0,
  max: 3,
  palette: ['gray', 'red', 'blue', 'green']
};

Map.addLayer(forestChange, changeVisParam, 'Forest Change (Red=Loss, Blue=Gain, Green=Stable)');",v1,261
Does the Antarctic ozone hole size increase in September 2003 compared to September 2002?,,https://earthobservatory.nasa.gov/images/3821,,"1. The size of this year’s Antarctic ozone hole reached 10.9 million square miles on September 11, 2003, slightly larger than the North American continent.
2. Last year the ozone hole was smaller, covering 8.1 million square miles.",,,,https://code.earthengine.google.com/cfdfb2ebb1c434a9212a4d6cab036418,"// Load TOMS/MERGED ozone data for September 2002 and 2003
var dataset_2002 = ee.ImageCollection('TOMS/MERGED')
                  .filter(ee.Filter.date('2002-09-01', '2002-09-30'));
var dataset_2003 = ee.ImageCollection('TOMS/MERGED')
                  .filter(ee.Filter.date('2003-09-01', '2003-09-30'));

// Select the ozone band
var columnOzone_2002 = dataset_2002.select('ozone');
var columnOzone_2003 = dataset_2003.select('ozone');

// Define the Antarctic region
var antarctica = ee.Geometry.Rectangle([-179, -85, 180, -60]);

// Define ozone hole threshold (Dobson Units)
// The ozone hole is typically defined as regions with ozone concentration below 220 DU
var ozoneHoleThreshold = 220;

// Function to calculate ozone hole area for a specific dataset
function calculateOzoneHoleArea(dataset) {
  // Get the mean ozone concentration over the month
  var meanOzone = dataset.mean();
  
  // Create a binary mask where ozone is below the threshold
  var ozoneHoleMask = meanOzone.lt(ozoneHoleThreshold);
  
  // Calculate the area of the ozone hole in square kilometers
  var ozoneHoleArea = ozoneHoleMask.multiply(ee.Image.pixelArea()).reduceRegion({
    reducer: ee.Reducer.sum(),
    geometry: antarctica,
    scale: 25000,
    maxPixels: 1e12
  });
  
  return ozoneHoleArea.get('ozone');
}

// Calculate the ozone hole area for both years
var area_2002 = calculateOzoneHoleArea(columnOzone_2002);
var area_2003 = calculateOzoneHoleArea(columnOzone_2003);

// Calculate the absolute and percentage change
var absoluteChange = ee.Number(area_2003).subtract(area_2002);
var percentChange = absoluteChange.divide(area_2002).multiply(100);

// Check if the ozone hole increased in 2003
var didIncrease = ee.Number(area_2003).gt(area_2002);

// Print the results with clear answer to the question
print('ANALYSIS: Did the Antarctic ozone hole size increase in September 2003 compared to September 2002?');
print('Answer:', didIncrease);
print('--------------------------------------');
print('Antarctic Ozone Hole Area September 2002 (sq km):', area_2002);
print('Antarctic Ozone Hole Area September 2003 (sq km):', area_2003);
print('Absolute Change (sq km):', absoluteChange);
print('Percentage Change (%):', percentChange);

// Create clearer visualization
Map.setCenter(0, 0, 1);

// Calculate monthly mean ozone for both periods
var meanOzone_2002 = columnOzone_2002.mean();
var meanOzone_2003 = columnOzone_2003.mean();

// Create ozone hole masks
var ozoneHoleMask_2002 = meanOzone_2002.lt(ozoneHoleThreshold);
var ozoneHoleMask_2003 = meanOzone_2003.lt(ozoneHoleThreshold);

// Add visualization parameters
var columnOzoneVis = {
  min: 100,
  max: 500,
  palette: ['1621a2', 'cyan', 'green', 'yellow', 'orange', 'red'],
};

// Add layers to the map
Map.addLayer(meanOzone_2002, columnOzoneVis, 'Mean Ozone September 2002');
Map.addLayer(meanOzone_2003, columnOzoneVis, 'Mean Ozone September 2003');

// Add ozone hole masks with more distinct colors
Map.addLayer(ozoneHoleMask_2002.selfMask(), {palette: ['red']}, 'Ozone Hole 2002');
Map.addLayer(ozoneHoleMask_2003.selfMask(), {palette: ['blue']}, 'Ozone Hole 2003');",v1,262
"Is the Kalahari Desert greener on April 19, 2009 compared to August 6, 2008, based on NDVI measurements?",,https://earthobservatory.nasa.gov/images/38367/how-birds-respond-to-extreme-weather,,"1. MODIS captured the top image on April 19, 2009, not long after the end of the rainy season. In this image, green hues predominate throughout the region. 
2. MODIS captured the bottom image on August 6, 2008, during the dry season. 
3. Most of this image appears pale green or beige—an indication of the reduced plant activity during the dry season.",,,,https://code.earthengine.google.com/cfd760804bd6dbf5b92a59ce18d2c0bf,"// Define the area of interest for the Kalahari Desert
var kalahari = ee.Geometry.Rectangle([21.538085937500007, -24.29959416045756, 26.613769531250007, -19.510661185921197]); // Approximate Kalahari Desert bounds

// Date ranges for analysis
var startDate = '2008-08-06';
var endDate = '2009-04-19';

// Additional date parameters for precise 16-day composite selection
var startDatePrecise = ee.Date('2008-08-06');
var endDatePrecise = ee.Date('2009-04-19');

// Load MODIS Terra NDVI dataset (16-day composites)
var modisNDVI = ee.ImageCollection('MODIS/006/MOD13Q1')
  .filter(ee.Filter.bounds(kalahari))
  .filter(ee.Filter.date('2008-08-01', '2009-04-30')); // Wider date range to ensure we capture the dates we need

// Load MODIS Terra Surface Reflectance dataset for RGB visualization
var modisSR = ee.ImageCollection('MODIS/006/MOD09GA')
  .filter(ee.Filter.bounds(kalahari))
  .filter(ee.Filter.date('2008-08-01', '2009-04-30'));

// Function to get the closest MODIS composite to a specific date
var getClosestImage = function(collection, date) {
  date = ee.Date(date);
  
  // Sort the collection by distance from the target date
  var closest = collection
    .map(function(image) {
      // Calculate difference in days between image date and target date
      var diff = ee.Number(date.difference(ee.Date(image.get('system:time_start')), 'day')).abs();
      return image.set('dateDiff', diff);
    })
    .sort('dateDiff')
    .first();
  
  return closest;
};

// Get images closest to our target dates
var startImage = getClosestImage(modisNDVI, startDatePrecise);
var endImage = getClosestImage(modisNDVI, endDatePrecise);

// Extract actual dates from the selected images
var startImageDate = ee.Date(startImage.get('system:time_start')).format('YYYY-MM-dd');
var endImageDate = ee.Date(endImage.get('system:time_start')).format('YYYY-MM-dd');

// Scale NDVI values correctly (MODIS NDVI values need to be scaled by 0.0001)
var startNDVI = startImage.select('NDVI').multiply(0.0001).clip(kalahari);
var endNDVI = endImage.select('NDVI').multiply(0.0001).clip(kalahari);

// Calculate NDVI change
var ndviChange = endNDVI.subtract(startNDVI);

// Get RGB visualization for both periods
var startRGB = getClosestImage(modisSR, startDatePrecise)
  .select(['sur_refl_b01', 'sur_refl_b04', 'sur_refl_b03'])
  .clip(kalahari);
  
var endRGB = getClosestImage(modisSR, endDatePrecise)
  .select(['sur_refl_b01', 'sur_refl_b04', 'sur_refl_b03'])
  .clip(kalahari);

// Visualization parameters
var ndviVis = {
  min: 0,
  max: 0.8,
  palette: ['brown', 'yellow', 'lightgreen', 'green', 'darkgreen']
};

var ndviChangeVis = {
  min: -0.3,
  max: 0.3,
  palette: ['red', 'white', 'green']
};

var rgbVis = {
  bands: ['sur_refl_b01', 'sur_refl_b04', 'sur_refl_b03'],
  min: 0,
  max: 3000
};

// Statistical analysis of NDVI change
var ndviStats = ee.Dictionary({
  'start_mean': startNDVI.reduceRegion({
    reducer: ee.Reducer.mean(),
    geometry: kalahari,
    scale: 250,
    maxPixels: 1e9
  }).get('NDVI'),
  
  'end_mean': endNDVI.reduceRegion({
    reducer: ee.Reducer.mean(),
    geometry: kalahari,
    scale: 250,
    maxPixels: 1e9
  }).get('NDVI'),
  
  'change_mean': ndviChange.reduceRegion({
    reducer: ee.Reducer.mean(),
    geometry: kalahari,
    scale: 250,
    maxPixels: 1e9
  }).get('NDVI')
});

// Determine if vegetation increased
var startMeanNDVI = ee.Number(ndviStats.get('start_mean'));
var endMeanNDVI = ee.Number(ndviStats.get('end_mean'));
var meanNDVIChange = ee.Number(ndviStats.get('change_mean'));
var hasIncreased = meanNDVIChange.gt(0);

// Calculate percentage of area that has greened
var greenedArea = ndviChange.gt(0.05);  // Areas with significant greening (NDVI increase > 0.05)
var percentGreened = greenedArea.reduceRegion({
  reducer: ee.Reducer.mean(),
  geometry: kalahari,
  scale: 250,
  maxPixels: 1e9
}).get('NDVI');

// Print results
print('=== Kalahari Desert NDVI Analysis ===');
print('Start Date Target:', startDate);
print('End Date Target:', endDate);
print('Start Date Actual:', startImageDate);
print('End Date Actual:', endImageDate);
print('Mean NDVI in Start Period:', startMeanNDVI);
print('Mean NDVI in End Period:', endMeanNDVI);
print('Mean NDVI Change:', meanNDVIChange);
print('Is Kalahari Greener in April 2009?', hasIncreased);
print('Percentage of Area Greened:', ee.Number(percentGreened).multiply(100));

// Add layers to the map
Map.centerObject(kalahari, 5);

// NDVI Layers
Map.addLayer(startNDVI, ndviVis, 'August 2008 NDVI');
Map.addLayer(endNDVI, ndviVis, 'April 2009 NDVI');
Map.addLayer(ndviChange, ndviChangeVis, 'NDVI Change');

// RGB Layers
Map.addLayer(startRGB, rgbVis, 'August 2008 RGB', false);
Map.addLayer(endRGB, rgbVis, 'April 2009 RGB', false);

// Add the region outline
Map.addLayer(kalahari, {color: 'red', opacity: 0.3, fillColor: '00000000'}, 'Kalahari Desert');

// Add a title
var title = ui.Label('Kalahari Desert Vegetation Comparison: August 2008 vs April 2009', 
  {fontWeight: 'bold', fontSize: '16px'});
Map.add(title);

// Add a legend for NDVI change
var legend = ui.Panel({
  style: {
    position: 'bottom-left',
    padding: '8px 15px'
  }
});

var legendTitle = ui.Label('NDVI Change', {fontWeight: 'bold', fontSize: '14px', 
  margin: '0 0 4px 0', padding: '0'});
legend.add(legendTitle);

var makeRow = function(color, name) {
  var colorBox = ui.Label({
    style: {
      backgroundColor: color,
      padding: '8px',
      margin: '0 0 4px 0'
    }
  });
  
  var description = ui.Label({
    value: name,
    style: {margin: '0 0 4px 6px'}
  });
  
  return ui.Panel({
    widgets: [colorBox, description],
    layout: ui.Panel.Layout.Flow('horizontal')
  });
};

legend.add(makeRow('red', 'Less Green'));
legend.add(makeRow('white', 'No Change'));
legend.add(makeRow('green', 'More Green'));

Map.add(legend);",v1,263
"From August 3 to 9, 2009, did Southern Taiwan experience more rainfall than Northern Taiwan?",,https://earthobservatory.nasa.gov/images/39747/slow-moving-typhoon-morakot-inundates-taiwan,,"1. Though its winds were not particularly powerful when it made landfall in Tawian, slow-moving Typhoon Morakot soaked the southern part of the island with heavy rain between August 3 and 9, 2009. ",,,,https://code.earthengine.google.com/b08a40a57972e1ffa4c4373a9e1378c0,"// Define Northern and Southern Taiwan regions
var northernTaiwan = ee.Geometry.Polygon([
  [[121.0, 25.3], 
   [122.0, 25.3], 
   [122.0, 24.0], 
   [121.0, 24.0]]
], null, false);

var southernTaiwan = ee.Geometry.Polygon([
  [[120.0, 24.0], 
   [121.0, 24.0], 
   [121.0, 22.0], 
   [120.0, 22.0]]
], null, false);

// Load GPM (Global Precipitation Measurement) daily precipitation data
var gpm = ee.ImageCollection(""NASA/GPM_L3/IMERG_V06"")
  .filterDate('2009-08-03', '2009-08-10')  // Filter for August 3-9, 2019
  .select('precipitationCal');  // Select precipitation data

// Calculate total precipitation for the period
var totalPrecipitation = gpm.sum();

// Define visualization parameters for precipitation
var precipVis = {
  min: 0,
  max: 1000,  // Adjust max value based on precipitation amounts
  palette: ['white', 'green', 'red']
};

// Define a more detailed visualization for the precipitation map
var detailedPrecipVis = {
  min: 0,
  max: 2000,
  palette: ['white', 'green', 'blue']
};

// Center the map on Taiwan
Map.centerObject(northernTaiwan, 7);

// Add layers to the map
// Add the detailed precipitation map
Map.addLayer(totalPrecipitation, 
             detailedPrecipVis, 
             'Total Precipitation (mm) Aug 3-9, 2019');

// Add regional overlays
Map.addLayer(northernTaiwan, {color: 'yellow', fillColor: '00000000'}, 'Northern Taiwan');
Map.addLayer(southernTaiwan, {color: 'red', fillColor: '00000000'}, 'Southern Taiwan');

// Calculate mean precipitation for both regions
var northMeanPrecip = totalPrecipitation.reduceRegion({
  reducer: ee.Reducer.mean(),
  geometry: northernTaiwan,
  scale: 10000,  // Scale in meters
  maxPixels: 1e9
});

var southMeanPrecip = totalPrecipitation.reduceRegion({
  reducer: ee.Reducer.mean(),
  geometry: southernTaiwan,
  scale: 10000,  // Scale in meters
  maxPixels: 1e9
});

// Get the precipitation values
var northPrecipValue = northMeanPrecip.get('precipitationCal');
var southPrecipValue = southMeanPrecip.get('precipitationCal');

// Compare precipitation values
var difference = ee.Number(southPrecipValue).subtract(northPrecipValue);
var percentDifference = difference.divide(northPrecipValue).multiply(100);
var southMoreRainfall = ee.Number(southPrecipValue).gt(northPrecipValue);

// Print the results
print('===== RAINFALL COMPARISON: NORTHERN VS SOUTHERN TAIWAN (August 3-9, 2019) =====');
print('Mean Precipitation in Northern Taiwan (mm):', northPrecipValue);
print('Mean Precipitation in Southern Taiwan (mm):', southPrecipValue);
print('Absolute Difference (mm):', difference);
print('Percentage Difference (%):', percentDifference);
print('Does Southern Taiwan have more rainfall than Northern Taiwan?', southMoreRainfall);
",v1,264
"Did deforestation occur in West Virginia, US, at the specific location (38.07594286088219, -81.81.97068176434179), between September 17, 1984 and June 2, 2009?",,https://earthobservatory.nasa.gov/images/43000/growth-of-mountaintop-mine-west-virginia-1984-2009?src=on-this-day,,"1. Based on data from NASA’s Landsat 5 satellite, these natural-color (photo-like) images document the growth of the Hobet mine in Boone County, West Virginia, as it expands from ridge to ridge between 1984 to 2009;
2. By 2009, it is has expanded across more than 10,000 acres (15.6 square miles) to the south and west. Most of the mine lies within the upper watershed of the Mud River",,,,https://code.earthengine.google.com/62732aca5b887d7dd641e014957dea65,"var buffer = 
    /* color: #98ff00 */
    /* displayProperties: [
      {
        ""type"": ""rectangle""
      }
    ] */
    ee.Geometry.Polygon(
        [[[-81.97537813388882, 38.13431874871363],
          [-81.97537813388882, 38.06920870771433],
          [-81.89366731845914, 38.06920870771433],
          [-81.89366731845914, 38.13431874871363]]], null, false);

// Function to create a false color composite (vegetation emphasis)
function createFalseColor(image) {
  return image.select(['B4', 'B3', 'B2']);
}

// Define the date range
var startDate = '1984-09-17';
var endDate = '2009-06-02';

// Function to calculate NDVI for Landsat 5 imagery
function calculateNDVI(image) {
  // For Landsat 5, NDVI = (NIR - Red) / (NIR + Red)
  // NIR is band 4, Red is band 3
  var ndvi = image.normalizedDifference(['B4', 'B3']).rename('NDVI');
  return image.addBands(ndvi);
}

// Function to mask clouds in Landsat 5 imagery
function maskClouds(image) {
  // Use the QA band to create a mask for cloudy pixels
  var qa = image.select('QA_PIXEL');
  
  // Bits 3 and 5 are cloud shadow and cloud, respectively.
  var cloudShadowBitMask = 1 << 3;
  var cloudsBitMask = 1 << 5;
  
  // Create a mask to remove cloud and cloud shadow pixels
  var mask = qa.bitwiseAnd(cloudShadowBitMask).eq(0)
              .and(qa.bitwiseAnd(cloudsBitMask).eq(0));
  
  return image.updateMask(mask);
}

// Function to scale the surface reflectance values
function applyScaleFactors(image) {
  var opticalBands = image.select('SR_B.').multiply(0.0000275).add(-0.2);
  return image.addBands(opticalBands, null, true)
              .copyProperties(image, [""system:time_start""]);
}

// Load Landsat 5 collection, filter by dates and location
var landsat5Collection = ee.ImageCollection('LANDSAT/LT05/C02/T1_L2')
  .filterDate(startDate, endDate)
  .filterBounds(buffer)
  .map(applyScaleFactors)
  .map(function(image) {
    // Rename bands for clarity
    return image.select(['SR_B1', 'SR_B2', 'SR_B3', 'SR_B4', 'SR_B5', 'SR_B7', 'QA_PIXEL'])
                .rename(['B1', 'B2', 'B3', 'B4', 'B5', 'B7', 'QA_PIXEL']);
  })
  .map(maskClouds)
  .map(calculateNDVI);

// Select seasons - focus on summer months (June-August) to reduce seasonal variation
var early_summer_collection = landsat5Collection.filter(ee.Filter.calendarRange(6, 8, 'month'))
                                              .filterDate(startDate, '1986-12-31');
var late_summer_collection = landsat5Collection.filter(ee.Filter.calendarRange(6, 8, 'month'))
                                             .filterDate('2007-01-01', endDate);

// Compute the median NDVI for each time period
var early_ndvi = early_summer_collection.select('NDVI').median();
var late_ndvi = late_summer_collection.select('NDVI').median();

// Calculate the NDVI difference
var ndviDifference = late_ndvi.subtract(early_ndvi).rename('NDVI_diff');

// Define visualization parameters
var ndviParams = {
  min: 0.2,
  max: 0.9,
  palette: ['red', 'yellow', 'green']
};

var ndviDiffParams = {
  min: -0.3,
  max: 0.3,
  palette: ['red', 'white', 'green']
};

// RGB visualization parameters for true color images
var rgbVis = {
  bands: ['B3', 'B2', 'B1'],
  min: 0,
  max: 0.3,
  gamma: 1.4
};

// False color visualization parameters (NIR, Red, Green)
// This makes vegetation appear red, emphasizing forest cover
var falseColorVis = {
  bands: ['B4', 'B3', 'B2'],
  min: 0,
  max: 0.3,
  gamma: 1.4
};

// Define a threshold for significant NDVI decrease (potential deforestation)
var deforestationThreshold = -0.2;
var deforestation = ndviDifference.lt(deforestationThreshold);

// Calculate statistics
var stats = ndviDifference.reduceRegion({
  reducer: ee.Reducer.mean(),
  geometry: buffer,
  scale: 30,
  maxPixels: 1e9
});

var deforestedArea = deforestation.multiply(ee.Image.pixelArea()).reduceRegion({
  reducer: ee.Reducer.sum(),
  geometry: buffer,
  scale: 30,
  maxPixels: 1e9
});

// NDVI values at the exact point
var early_point_ndvi = early_ndvi.reduceRegion({
  reducer: ee.Reducer.first(),
  geometry: buffer,
  scale: 30
}).get('NDVI');

var late_point_ndvi = late_ndvi.reduceRegion({
  reducer: ee.Reducer.first(),
  geometry: buffer,
  scale: 30
}).get('NDVI');

var ndvi_diff_point = ee.Number(late_point_ndvi).subtract(early_point_ndvi);

// Display results
print('Early period (1984-1986) NDVI at point:', early_point_ndvi);
print('Late period (2007-2009) NDVI at point:', late_point_ndvi);
print('NDVI change at point:', ndvi_diff_point);
print('Average NDVI change in buffer area:', stats.get('NDVI_diff'));
print('Area with significant NDVI decrease (sq meters):', deforestedArea.get('NDVI_diff'));
print('Area with significant NDVI decrease (hectares):', 
      ee.Number(deforestedArea.get('NDVI_diff')).divide(10000));

// Determine if there was significant deforestation
var isDeforested = ee.Algorithms.If(
  ee.Number(ndvi_diff_point).lt(deforestationThreshold),
  'Yes, there is evidence of deforestation at this specific point.',
  'No significant deforestation detected at this specific point.'
);

print('Is there deforestation at the specific point?', isDeforested);

// Create RGB composites for visualization
// Get median images from both periods to create stable RGB composites
var earlyRGB = early_summer_collection.select(['B3', 'B2', 'B1']).median();
var lateRGB = late_summer_collection.select(['B3', 'B2', 'B1']).median();

// Add layers to the map
Map.centerObject(buffer, 13);
Map.addLayer(buffer, {color: 'yellow'}, 'Study Area (1 km buffer)');

// Add RGB layers
Map.addLayer(earlyRGB, rgbVis, 'Early RGB (1984-1986 summers)', false);
Map.addLayer(lateRGB, rgbVis, 'Late RGB (2007-2009 summers)', false);

// Add NDVI layers
Map.addLayer(early_ndvi, ndviParams, 'Early NDVI (1984-1986 summers)');
Map.addLayer(late_ndvi, ndviParams, 'Late NDVI (2007-2009 summers)');
Map.addLayer(ndviDifference, ndviDiffParams, 'NDVI Difference');
Map.addLayer(deforestation.selfMask(), {palette: ['red']}, 'Potential Deforestation');

// Add a time series chart
var timeSeriesChart = ui.Chart.image.seriesByRegion({
  imageCollection: landsat5Collection.select('NDVI'),
  regions: buffer,
  reducer: ee.Reducer.mean(),
  scale: 30,
  xProperty: 'system:time_start'
}).setOptions({
  title: 'NDVI Time Series (1984-2009)',
  vAxis: {title: 'NDVI'},
  hAxis: {title: 'Year', format: 'yyyy'},
  series: {0: {color: 'green'}}
});

print(timeSeriesChart);

// Add a legend
var legend = ui.Panel({
  style: {
    position: 'bottom-left',
    padding: '8px 15px'
  }
});

var legendTitle = ui.Label({
  value: 'Legend',
  style: {
    fontWeight: 'bold',
    fontSize: '16px',
    margin: '0 0 4px 0',
    padding: '0'
  }
});

legend.add(legendTitle);

var makeRow = function(color, name) {
  var colorBox = ui.Label({
    style: {
      backgroundColor: color,
      padding: '8px',
      margin: '0 0 4px 0'
    }
  });
  
  var description = ui.Label({
    value: name,
    style: {margin: '0 0 4px 6px'}
  });
  
  return ui.Panel({
    widgets: [colorBox, description],
    layout: ui.Panel.Layout.Flow('horizontal')
  });
};

legend.add(makeRow('yellow', 'Study Area'));
legend.add(makeRow('red', 'Point of Interest'));
legend.add(makeRow('green', 'High NDVI (Dense Vegetation)'));
legend.add(makeRow('red', 'Potential Deforestation'));

// Add RGB composite explanation
var rgbExplanation = ui.Label({
  value: 'RGB composites use bands 3,2,1 (Red, Green, Blue)\nVegetation appears green, bare soil reddish-brown',
  style: {margin: '8px 0 4px 0', fontSize: '12px', fontStyle: 'italic'}
});
legend.add(rgbExplanation);

Map.add(legend);",v1,265
"Does the urban area extent in Naivasha, Kenya increase from 1986 to 2000?",,https://earthobservatory.nasa.gov/images/4341,,"1. The increase in the size of the city of Naivasha to the northeast of the lake (at about 2 o’clock) is apparent. New development has sprung up in the south and southeast as well, where bright, reflective rooftops glimmer in the sun. ",,,,https://code.earthengine.google.com/6ad4389ed7f1a68db74d83320c98db9d,"// Define the study area (Naivasha, Kenya)
var naivasha = ee.Geometry.Polygon(
        [[[36.23308258056682, -0.6768757954552048],
          [36.23308258056682, -0.8495517545031697],
          [36.47752838134807, -0.8495517545031697],
          [36.47752838134807, -0.6768757954552048]]], null, false);

// ----- GHSL BUILT VOLUME ANALYSIS (1985-2000) -----

// Load GHSL built volume datasets
// Note: Using 1985 as the closest available year to 1986
var image_1985 = ee.Image('JRC/GHSL/P2023A/GHS_BUILT_V/1985');
var image_2000 = ee.Image('JRC/GHSL/P2023A/GHS_BUILT_V/2000');

// Select the built_volume_total band
var volume_total_1985 = image_1985.select('built_volume_total').clip(naivasha);
var volume_total_2000 = image_2000.select('built_volume_total').clip(naivasha);

// Calculate areas with significant built-up volume (using a threshold)
// We define built-up areas as those with volume > 500 m3 per cell (lower threshold for a smaller city)
var builtup_threshold = 500;
var builtup_1985 = volume_total_1985.gt(builtup_threshold);
var builtup_2000 = volume_total_2000.gt(builtup_threshold);

// Visualization parameters for built volume
var volumeVisParams = {
  min: 0,
  max: 30000, // Adjusted for a smaller city
  palette: ['000004', '51127c', 'b73779', 'fc8961', 'fcfdbf'],
};

// Visualization parameters for binary built-up areas
var builtupVisParams = {
  min: 0,
  max: 1,
  palette: ['white', 'red']
};

// ----- LANDSAT RGB ANALYSIS (1986-2000) -----

// 1986 Landsat 5 TM data
var dataset_1986 = ee.ImageCollection('LANDSAT/LT05/C02/T1_L2')
    .filterDate('1986-01-01', '1986-12-31')
    .filterBounds(naivasha);

// 2000 Landsat 5 TM data (using Landsat 5 for consistency)
var dataset_2000 = ee.ImageCollection('LANDSAT/LT05/C02/T1_L2')
    .filterDate('2000-01-01', '2000-12-31')
    .filterBounds(naivasha);

// Function to apply scale factors for surface reflectance bands
function applyScaleFactors(image) {
  var opticalBands = image.select('SR_B.').multiply(0.0000275).add(-0.2);
  return image.addBands(opticalBands, null, true);
}

// Apply scale factors
dataset_1986 = dataset_1986.map(applyScaleFactors);
dataset_2000 = dataset_2000.map(applyScaleFactors);

// Create single composite images by taking the median value
var image_ls_1986 = dataset_1986.median().clip(naivasha);
var image_ls_2000 = dataset_2000.median().clip(naivasha);

// RGB visualization for Landsat 5
var rgbVis = {
  bands: ['SR_B3', 'SR_B2', 'SR_B1'], // Landsat 5 RGB (Red, Green, Blue)
  min: 0,
  max: 0.3
};

// ----- COMBINED ANALYSIS & VISUALIZATION -----

// Set map center to Naivasha
Map.centerObject(naivasha, 12);

// Add Landsat RGB layers
Map.addLayer(image_ls_1986, rgbVis, 'Landsat RGB 1986', true);
Map.addLayer(image_ls_2000, rgbVis, 'Landsat RGB 2000', true);

// Add GHSL building volume layers
Map.addLayer(volume_total_1985, volumeVisParams, 'Total building volume [m3], 1985', false);
Map.addLayer(volume_total_2000, volumeVisParams, 'Total building volume [m3], 2000', false);

// Add binary built-up area layers
Map.addLayer(builtup_1985, builtupVisParams, 'Built-up area 1985', false);
Map.addLayer(builtup_2000, builtupVisParams, 'Built-up area 2000', false);

// Calculate and add urban growth layer
var growth = builtup_2000.subtract(builtup_1985);
Map.addLayer(growth.selfMask(), {palette: 'darkred'}, 'Urban growth 1985-2000', true);

// Calculate area statistics
var pixelArea = ee.Image.pixelArea();

var area_1985 = builtup_1985.multiply(pixelArea).reduceRegion({
  reducer: ee.Reducer.sum(),
  geometry: naivasha,
  scale: 100,  // GHSL resolution is 100m
  maxPixels: 1e9
});

var area_2000 = builtup_2000.multiply(pixelArea).reduceRegion({
  reducer: ee.Reducer.sum(),
  geometry: naivasha,
  scale: 100,
  maxPixels: 1e9
});

// Calculate volume statistics
var totalVolume_1985 = volume_total_1985.reduceRegion({
  reducer: ee.Reducer.sum(),
  geometry: naivasha,
  scale: 100,
  maxPixels: 1e9
});

var totalVolume_2000 = volume_total_2000.reduceRegion({
  reducer: ee.Reducer.sum(),
  geometry: naivasha,
  scale: 100,
  maxPixels: 1e9
});

// Convert area to square kilometers
var builtupArea_1985_km2 = ee.Number(area_1985.get('built_volume_total')).divide(1e6);
var builtupArea_2000_km2 = ee.Number(area_2000.get('built_volume_total')).divide(1e6);

// Calculate changes in area and volume
var areaChange_km2 = builtupArea_2000_km2.subtract(builtupArea_1985_km2);
var areaPercentChange = areaChange_km2.divide(builtupArea_1985_km2).multiply(100);

var volumeChange = ee.Number(totalVolume_2000.get('built_volume_total'))
                    .subtract(ee.Number(totalVolume_1985.get('built_volume_total')));
var volumePercentChange = volumeChange.divide(ee.Number(totalVolume_1985.get('built_volume_total'))).multiply(100);

// Print results to console
print('Built-up area in 1985/6 (km²):', builtupArea_1985_km2);
print('Built-up area in 2000 (km²):', builtupArea_2000_km2);
print('Change in built-up area (km²):', areaChange_km2);
print('Percentage change in area (%):', areaPercentChange);

print('Total building volume in 1985/6 (m³):', totalVolume_1985.get('built_volume_total'));
print('Total building volume in 2000 (m³):', totalVolume_2000.get('built_volume_total'));
print('Change in building volume (m³):', volumeChange);
print('Percentage change in volume (%):', volumePercentChange);

// Answer the question based on results
var expansionOccurred = areaChange_km2.gt(0);
print('Did urban area expand between 1985/6-2000?', expansionOccurred);",v1,266
"Was the primary direction of the Eyjafjallajökull volcanic plume toward the north rather than the south on May 10, 2010?",No,https://earthobservatory.nasa.gov/images/43924/eruption-of-eyjafjallajokull-volcano-iceland,,"1. The ash is blowing southeast over the North Atlantic Ocean. Volcanic ash from previous days closed airports in Ireland and Portugal on May 10, said CNN.",,,,https://code.earthengine.google.com/80074038605199922f0b0329c4113dd3,"// Load MODIS Aqua data for May 10, 2010
var dataset = ee.ImageCollection('MODIS/061/MOD09GA')  // MODIS Aqua Surface Reflectance
              .filter(ee.Filter.date('2010-05-10', '2010-05-11'));

// Define Eyjafjallajökull Volcano location
var volcano_point = ee.Geometry.Point([-19.6133, 63.6300]); // Eyjafjallajökull coordinates

// Create a buffer region around the volcano to analyze the plume direction
var volcano_region = volcano_point.buffer(300000); // 300km buffer to capture plume

// Define visualization parameters for true color image
var trueColorVis = {
  bands: ['sur_refl_b01', 'sur_refl_b04', 'sur_refl_b03'],
  min: 0,
  max: 3000
};

// Create a false color visualization to better highlight the ash plume
var falseColorVis = {
  bands: ['sur_refl_b07', 'sur_refl_b02', 'sur_refl_b01'],
  min: 0,
  max: 3000
};

var shift = 0.1
// Define northern and southern regions relative to the volcano
var north_region = ee.Geometry.Rectangle({
  coords: [[-19.6133 - shift, 63.6300], [-19.6133 + shift, 63.6300 + shift]],
  geodesic: true
});

var south_region = ee.Geometry.Rectangle({
  coords: [[-19.6133 - shift, 63.6300 - shift], [-19.6133 + shift, 63.6300]],
  geodesic: true
});

// Function to calculate cloud/ash pixel count in a region
function calculatePlumePresence(image, region) {
  // Use brightness threshold in Band 1 to identify potential cloud/ash pixels
  // This is a simplistic approach - more sophisticated methods could be implemented
  var plume = image.select('sur_refl_b01').gt(2000);
  
  var pixelCount = plume.reduceRegion({
    reducer: ee.Reducer.sum(),
    geometry: region,
    scale: 1000,
    maxPixels: 1e12
  });
  
  return pixelCount.get('sur_refl_b01');
}

// Select the latest image from the collection for that day
var modisImage = dataset.sort('system:time_start', false).first();

// Calculate plume presence in northern and southern regions
var north_count = calculatePlumePresence(modisImage, north_region);
var south_count = calculatePlumePresence(modisImage, south_region);

// Calculate ratio to determine predominant direction
var north_south_ratio = ee.Number(north_count).divide(ee.Number(south_count));

// Print the results
print('Date of image:', modisImage.date().format('YYYY-MM-dd'));
print('Plume pixel count in northern region:', north_count);
print('Plume pixel count in southern region:', south_count);
print('North/South ratio:', north_south_ratio);
print('Is plume predominantly moving north?', ee.Number(north_count).gt(south_count));

// Add north and south analysis regions
var north_style = {color: 'blue', fillColor: '0000FF22'};
var south_style = {color: 'red', fillColor: 'FF000022'};

// Center the map on the volcano
Map.setCenter(-19.6133, 63.6300, 9);

// Add layers to the map
Map.addLayer(modisImage, trueColorVis, 'MODIS Aqua True Color (2010-05-10)');
Map.addLayer(modisImage, falseColorVis, 'MODIS Aqua False Color (2010-05-10)', false);
Map.addLayer(ee.FeatureCollection(volcano_point), {color: 'yellow'}, 'Eyjafjallajökull Volcano');
Map.addLayer(ee.FeatureCollection(north_region), north_style, 'Northern Region');
Map.addLayer(ee.FeatureCollection(south_region), south_style, 'Southern Region');

// Create a custom function to highlight the plume
// This tries to identify ash/cloud pixels using reflectance values
function highlightPlume(image) {
  // Simple threshold approach to identify potential plume pixels
  var plume = image.select('sur_refl_b01').gt(2200);
  return plume.updateMask(plume).visualize({palette: ['ff0000']});
}

// Add the plume highlight layer
Map.addLayer(highlightPlume(modisImage), {}, 'Highlighted Plume', false);

// Optional: Add Aerosol Optical Depth data if available for this date
var aodData = ee.ImageCollection('MODIS/061/MOD09GA')
              .filter(ee.Filter.date('2010-05-10', '2010-05-11'));

if (aodData.size().getInfo() > 0) {
  var aodImage = aodData.first();
  var aodVis = {
    bands: ['state_1km'],
    min: 0,
    max: 1.5,
    palette: ['blue', 'green', 'yellow', 'orange', 'red']
  };
  
  Map.addLayer(aodImage, aodVis, 'Aerosol Optical Depth', false);
}",v1,267
"Does the land surface temperature in Southern California increase during April 14-21, 2004, compared to April 14-21, 2003?",,https://earthobservatory.nasa.gov/images/4441,,"1. The images were produced using data collected by the Moderate Resolution Imaging Spectroradiometer (MODIS), flying aboard NASA’s Terra satellite, from April 14-21 in 2004 (top) and 2003 (bottom). 
2. A visual comparison of these 8-day composite images reveals that temperatures were significantly hotter in Southern California this year as compared to the same time last year.",,,,https://code.earthengine.google.com/27fba602103798cb594d8e2491327bf6,"// Define Southern California boundary
// Using a simplified polygon for Southern California (Los Angeles, San Diego, Orange, Riverside, San Bernardino, Imperial counties)
var southernCalifornia = ee.Geometry.Polygon([
  [[-121.5, 32.5], [-121.5, 35.5], [-114.0, 35.5], [-114.0, 32.5], [-121.5, 32.5]]
]);

// Load MODIS Land Surface Temperature dataset
var modisLST = ee.ImageCollection(""MODIS/006/MOD11A2"");

// Define the target periods (April 14-21, 2003 and 2004)
var startDate2003 = ee.Date('2003-04-14');
var endDate2003 = ee.Date('2003-04-21');
var startDate2004 = ee.Date('2004-04-14');
var endDate2004 = ee.Date('2004-04-21');

// Select land surface temperature band
var lstBand = 'LST_Day_1km';

// Function to convert MODIS LST to Celsius
var convertToCelsius = function(image) {
  var lst = image.select(lstBand);
  // MODIS LST is stored as Kelvin * 0.02, so multiply by 0.02 to get Kelvin
  // then subtract 273.15 to convert to Celsius
  var lstCelsius = lst.multiply(0.02).subtract(273.15);
  return image.addBands(lstCelsius.rename('LST_Celsius'), null, true);
};

// Get LST data for April 14-21, 2003
var lst2003 = modisLST
  .filter(ee.Filter.date(startDate2003, endDate2003))
  .map(convertToCelsius)
  .select('LST_Celsius')
  .mean();

// Get LST data for April 14-21, 2004
var lst2004 = modisLST
  .filter(ee.Filter.date(startDate2004, endDate2004))
  .map(convertToCelsius)
  .select('LST_Celsius')
  .mean();

// Calculate the anomaly (difference between 2004 and 2003)
var lstAnomaly = lst2004.subtract(lst2003);

// Define visualization parameters
var lstVis = {
  min: 15,
  max: 40,
  palette: ['blue', 'purple', 'cyan', 'green', 'yellow', 'red']
};

var anomalyVis = {
  min: -5,
  max: 5,
  palette: ['blue', 'white', 'red']
};

// Center the map on Southern California
Map.centerObject(southernCalifornia, 6);

// Add Southern California boundary
Map.addLayer(southernCalifornia, {color: 'black'}, 'Southern California Boundary');

// Add layers to the map
Map.addLayer(lst2003.clip(southernCalifornia), lstVis, 'LST April 14-21, 2003', false);
Map.addLayer(lst2004.clip(southernCalifornia), lstVis, 'LST April 14-21, 2004', false);
Map.addLayer(lstAnomaly.clip(southernCalifornia), anomalyVis, 'LST Anomaly (2004-2003)', true);

// Calculate regional statistics
var calculateRegionalStats = function(image, name) {
  return image.reduceRegion({
    reducer: ee.Reducer.mean(),
    geometry: southernCalifornia,
    scale: 10000,
    maxPixels: 1e9
  });
};

// Get statistics
var stats2003 = calculateRegionalStats(lst2003, '2003');
var stats2004 = calculateRegionalStats(lst2004, '2004');
var anomalyStats = calculateRegionalStats(lstAnomaly, 'Anomaly');

// Print results to console
print('===== LAND SURFACE TEMPERATURE ANALYSIS FOR SOUTHERN CALIFORNIA =====');
print('April 14-21, 2003:', stats2003.get('LST_Celsius'), '°C');
print('April 14-21, 2004:', stats2004.get('LST_Celsius'), '°C');
print('Anomaly (2004-2003):', anomalyStats.get('LST_Celsius'), '°C');

// Determine if there was an increase
var tempIncrease = ee.Number(anomalyStats.get('LST_Celsius')).gt(0);
print('Was Southern California warmer in April 14-21, 2004 compared to 2003?', tempIncrease);",v1,268
"Does the chlorophyll concentration in the Gulf of Mexico off southwestern Florida increase in November 21, 2004 compared to October 30, 2004?",,https://earthobservatory.nasa.gov/images/5071,,"1. This effect is visible in the image from October 30. Though the obvious sign of the red tide had not yet developed — note the red bulge detected offshore on November 21 is missing — coastal waters were still reflective enough to suggest high chlorophyll concentrations along the coast.
2. The red tide is clearly visible as the oval-shaped red area to the west of the shore in the November 21 image from the Sea-viewing Wide Field-of-view Sensor (SeaWiFS) flying on the OrbView-2 satellite. The high chlorophyll concentrations occur between Charlotte Harbor and the Florida Keys, which matches the location of the bloom.
",,,,https://code.earthengine.google.com/81417eb1112b554049f96a6a20a206d6,"// Load SeaWiFS Chlorophyll-a data for the two dates
var dataset_oct = ee.ImageCollection('NASA/OCEANDATA/MODIS-Aqua/L3SMI')
                  .filter(ee.Filter.date('2004-10-30', '2004-10-31')); 

var dataset_nov = ee.ImageCollection('NASA/OCEANDATA/MODIS-Aqua/L3SMI')
                  .filter(ee.Filter.date('2004-11-21', '2004-11-22')); 

// Select the chlorophyll-a bands
var chlor_oct = dataset_oct.select(['chlor_a']);
var chlor_nov = dataset_nov.select(['chlor_a']);

// Define the Gulf of Mexico region off southwestern Florida
var swFloridaGulf = geometry;

// Function to calculate mean chlorophyll-a concentration over water
function calculateMeanChlorophyll(dataset) {
  // Get the mean chlorophyll over the time period
  var meanChlor = dataset.mean();
  
  // Apply the water mask
  var waterChlor = meanChlor;
  
  // Calculate the mean value within the Gulf region
  var regionalMean = waterChlor.reduceRegion({
    reducer: ee.Reducer.mean(),
    geometry: swFloridaGulf,
    scale: 4000, // SeaWiFS resolution
    maxPixels: 1e12
  });
  
  return regionalMean;
}

// Calculate the mean chlorophyll-a for both dates
var mean_oct = calculateMeanChlorophyll(chlor_oct);
var mean_nov = calculateMeanChlorophyll(chlor_nov);

// Calculate changes in chlorophyll-a
var chlor_oct_val = mean_oct.get('chlor_a');
var chlor_nov_val = mean_nov.get('chlor_a');

// Calculate the percentage change
var chlorChange = ee.Number(chlor_nov_val).subtract(chlor_oct_val).divide(chlor_oct_val).multiply(100);

// Print the results
print('Mean Chlorophyll-a October 30, 2004 (mg/m³):', chlor_oct_val);
print('Mean Chlorophyll-a November 21, 2004 (mg/m³):', chlor_nov_val);
print('Percentage Change in Chlorophyll-a (%):', chlorChange);
print('Did chlorophyll-a concentration increase in November?', ee.Number(chlor_nov_val).gt(chlor_oct_val));

// Visualization parameters for chlorophyll-a
var visParams = {
  min: 0,
  max: 3,
  palette: ['000000', '0000FF', '00FFFF', '00FF00', 'FFFF00', 'FF0000']
};

// Center the map on the SW Florida Gulf region
Map.setCenter(-84, 26, 7);

// Create composites for both dates
var octComposite = chlor_oct.mean();
var novComposite = chlor_nov.mean();

// Add layers to the map
Map.addLayer(octComposite, visParams, 'Chlorophyll-a October 30, 2004');
Map.addLayer(novComposite, visParams, 'Chlorophyll-a November 21, 2004', true);

// Create a difference image to show changes
var chlorDifference = novComposite.subtract(octComposite);
var diffVis = {
  min: -0.5,
  max: 0.5,
  palette: ['blue', 'white', 'red']
};

Map.addLayer(chlorDifference, diffVis, 'Chlorophyll-a Change (Nov - Oct 2004)', true);",v1,269
Does the chlorophyll concentration in the equatorial Pacific Ocean (around 140 degrees West) decrease in December 1999 compared to August 1998 ?,,https://earthobservatory.nasa.gov/images/5673,,"1. However, during the La Niña episode that followed the strong El Niño in 1997, satellites recorded a major phytoplankton bloom in the equatorial Pacific
2. The graph at lower left shows the chlorophyll concentration of the region from September (S) of 1997 through December (D) of 2000. Chlorophyll concentrations increase from purple (very low) to red (high). During the La Niña bloom an area of very high chlorophyll occurs around 140 degrees West; this area corresponds to the peak in the graph, which reaches its maximum in August 1998. ",,,,https://code.earthengine.google.com/815fcc6df07c5f84ea18359687a4e6a2,"// Load SeaWiFS Chlorophyll-a data for the two dates
var dataset_aug1998 = ee.ImageCollection('NASA/OCEANDATA/SeaWiFS/L3SMI')
                  .filter(ee.Filter.date('1998-08-01', '1998-08-31')); 
var dataset_dec1999 = ee.ImageCollection('NASA/OCEANDATA/SeaWiFS/L3SMI')
                  .filter(ee.Filter.date('1999-12-01', '1999-12-31')); 

// Select the chlorophyll-a bands
var chlor_aug1998 = dataset_aug1998.select(['chlor_a']);
var chlor_dec1999 = dataset_dec1999.select(['chlor_a']);

// Define the equatorial Pacific Ocean region around 140 degrees West
var equatorialPacific = ee.Geometry.Rectangle([-145, -5, -135, 5]);

// Function to calculate mean chlorophyll-a concentration over water
function calculateMeanChlorophyll(dataset) {
  // Get the mean chlorophyll over the time period
  var meanChlor = dataset.mean();
  
  // Calculate the mean value within the equatorial Pacific region
  var regionalMean = meanChlor.reduceRegion({
    reducer: ee.Reducer.mean(),
    geometry: equatorialPacific,
    scale: 4000, // SeaWiFS resolution
    maxPixels: 1e12
  });
  
  return regionalMean;
}

// Calculate the mean chlorophyll-a for both dates
var mean_aug1998 = calculateMeanChlorophyll(chlor_aug1998);
var mean_dec1999 = calculateMeanChlorophyll(chlor_dec1999);

// Get the chlorophyll values
var chlor_aug1998_val = mean_aug1998.get('chlor_a');
var chlor_dec1999_val = mean_dec1999.get('chlor_a');

// Calculate the percentage change
var chlorChange = ee.Number(chlor_aug1998_val).subtract(chlor_dec1999_val).divide(chlor_dec1999_val).multiply(100);

// Print the results
print('Mean Chlorophyll-a August 1998 (mg/m³):', chlor_aug1998_val);
print('Mean Chlorophyll-a December 1999 (mg/m³):', chlor_dec1999_val);
print('Percentage Change in Chlorophyll-a (August 1998 compared to December 1999, %):', chlorChange);
print('Does chlorophyll-a concentration in August 1998 exceed December 1999?', ee.Number(chlor_aug1998_val).gt(chlor_dec1999_val));

// Visualization parameters for chlorophyll-a
var visParams = {
  min: 0,
  max: 0.5, // Adjusted for equatorial Pacific values which tend to be lower
  palette: ['000000', '0000FF', '00FFFF', '00FF00', 'FFFF00', 'FF0000']
};

// Center the map on the equatorial Pacific region
Map.setCenter(-140, 0, 5);

// Create composites for both dates
var aug1998Composite = chlor_aug1998.mean();
var dec1999Composite = chlor_dec1999.mean();

// Add layers to the map
Map.addLayer(aug1998Composite, visParams, 'Chlorophyll-a August 1998');
Map.addLayer(dec1999Composite, visParams, 'Chlorophyll-a December 1999', true);

// Create a difference image to show changes (August 1998 - December 1999)
var chlorDifference = aug1998Composite.subtract(dec1999Composite);
var diffVis = {
  min: -0.2,
  max: 0.2,
  palette: ['blue', 'white', 'red']
};
Map.addLayer(chlorDifference, diffVis, 'Chlorophyll-a Change (Aug 1998 - Dec 1999)', true);

// Add the region boundary for reference
Map.addLayer(equatorialPacific, {color: 'yellow'}, 'Equatorial Pacific Region');",v1,270
"Does the urban area extent in Jakarta (centered at 6.2°S, 106.8°E) increase between 1989 and 2004?",,https://earthobservatory.nasa.gov/images/5693,,"1. This time series of images shows the growth of the city between 1976, when the population was 6 million, and 1989, when the population was 9 million, and 2004, when the population was 13 million. 
2. By 2004, when the final image was captured by the Advanced Spaceborne Thermal Emission and Reflection Radiometer (ASTER) on NASA’s Terra satellite, westward expansion had occurred as well.",,,,https://code.earthengine.google.com/d4529b0b2041b590e63d9be07cd52a9b,"// Define the region of interest (ROI) for Jakarta
var jakarta_center = ee.Geometry.Point([106.8, -6.2]);
var roi = jakarta_center.buffer(25000); // 25km buffer around Jakarta center

// Function to apply scale factors to Landsat 5 imagery
function applyScaleFactorsL5(image) {
  var opticalBands = image.select('SR_B.').multiply(0.0000275).add(-0.2);
  var thermalBand = image.select('ST_B6').multiply(0.00341802).add(149.0);
  return image.addBands(opticalBands, null, true)
    .addBands(thermalBand, null, true);
}

// Function to apply scale factors to Landsat 7 SR imagery
function applyScaleFactorsL7(image) {
  var opticalBands = image.select('SR_B.').multiply(0.0000275).add(-0.2);
  var thermalBands = image.select('ST_B6').multiply(0.00341802).add(149.0);
  return image.addBands(opticalBands, null, true)
    .addBands(thermalBands, null, true);
}

// Function to mask clouds for Landsat 4-7
function maskL457Clouds(image) {
  var qa = image.select('QA_PIXEL');
  var cloudBitMask = 1 << 3;
  var shadowBitMask = 1 << 4;
  var mask = qa.bitwiseAnd(cloudBitMask).eq(0)
    .and(qa.bitwiseAnd(shadowBitMask).eq(0));
  return image.updateMask(mask);
}

// Calculate indices for Landsat 5 TM
function addIndicesL5(image) {
  // NDBI = (SWIR1 - NIR) / (SWIR1 + NIR)
  var ndbi = image.normalizedDifference(['SR_B5', 'SR_B4']).rename('NDBI');
  
  // NDVI = (NIR - Red) / (NIR + Red)
  var ndvi = image.normalizedDifference(['SR_B4', 'SR_B3']).rename('NDVI');
  
  // Urban Index (UI)
  var swir1 = image.select('SR_B5');
  var nir = image.select('SR_B4');
  var ui = swir1.subtract(nir).divide(swir1.add(nir)).rename('UI');
  
  return image.addBands([ndbi, ndvi, ui]);
}

// Function to create a built-up area mask using multiple indices
function createBuiltUpMask(image) {
  // Using NDBI > 0 AND NDVI < 0.2 to identify built-up areas
  var ndbiMask = image.select('NDBI').gt(0);
  var ndviMask = image.select('NDVI').lt(0.2);
  var uiMask = image.select('UI').gt(0);
  
  // Combine masks: Built-up = high NDBI + low NDVI + high UI
  return ndbiMask.and(ndviMask).and(uiMask);
}

// Function to calculate built-up area
function calculateBuiltUpArea(image, resolution) {
  var builtUpMask = createBuiltUpMask(image);
  var pixelArea = ee.Image.pixelArea();
  var builtUpArea = pixelArea.updateMask(builtUpMask).reduceRegion({
    reducer: ee.Reducer.sum(),
    geometry: roi,
    scale: resolution,
    maxPixels: 1e12
  });
  
  var builtUpAreaSqMeters = builtUpArea.get('area');
  var builtUpAreaSqKm = ee.Number(builtUpAreaSqMeters).divide(1e6);
  
  return {
    sqMeters: builtUpAreaSqMeters,
    sqKm: builtUpAreaSqKm,
    mask: builtUpMask
  };
}

// Process Landsat 5 (1989) imagery
var dataset_1989 = ee.ImageCollection('LANDSAT/LT05/C02/T1_L2')
  .filterDate('1989-01-01', '1989-12-31')  // Filter to 1989
  .filterBounds(roi)
  .filter(ee.Filter.lt('CLOUD_COVER', 20))  // Filter less cloudy images
  .map(maskL457Clouds)
  .map(applyScaleFactorsL5)
  .map(addIndicesL5);

var image_1989 = dataset_1989.median();
var builtUp_1989 = calculateBuiltUpArea(image_1989, 30);

// Process Landsat 5 (2004) imagery
var dataset_2004 = ee.ImageCollection('LANDSAT/LT05/C02/T1_L2')
  .filterDate('2004-01-01', '2004-12-31')  // Filter to 2004
  .filterBounds(roi)
  .filter(ee.Filter.lt('CLOUD_COVER', 20))  // Filter less cloudy images
  .map(maskL457Clouds)
  .map(applyScaleFactorsL5)
  .map(addIndicesL5);

var image_2004 = dataset_2004.median();
var builtUp_2004 = calculateBuiltUpArea(image_2004, 30);

// Calculate built-up area change
var builtUpAreaChange = ee.Number(builtUp_2004.sqKm).subtract(builtUp_1989.sqKm);
var percentChange = ee.Number(builtUp_2004.sqKm).subtract(builtUp_1989.sqKm)
  .divide(builtUp_1989.sqKm).multiply(100);

// Print results
print('1989 Built-up Area (square kilometers):', builtUp_1989.sqKm);
print('2004 Built-up Area (square kilometers):', builtUp_2004.sqKm);
print('Built-up area change 1989-2004 (square kilometers):', builtUpAreaChange);
print('Percentage change in built-up area:', percentChange);

// Generate a binary change map: 0 = non-urban in both years, 1 = urban in 2004 but not in 1989
var urbanExpansion = builtUp_2004.mask.and(builtUp_1989.mask.not());

// Visualization parameters
var trueColorVis_1989 = {
  bands: ['SR_B3', 'SR_B2', 'SR_B1'],
  min: 0.0,
  max: 0.3,
};

var trueColorVis_2004 = {
  bands: ['SR_B3', 'SR_B2', 'SR_B1'],
  min: 0.0,
  max: 0.3,
};

var ndbiVis = {
  min: -0.5, 
  max: 0.5, 
  palette: ['blue', 'white', 'red']
};

var builtUpVis = {
  palette: ['white', 'red']
};

var expansionVis = {
  palette: ['black', 'yellow']
};

// Center map on Jakarta and display the ROI
Map.centerObject(roi, 10);

// Add Jakarta ROI boundary
Map.addLayer(roi, {color: 'yellow'}, 'Jakarta ROI');

// Add 1989 layers
Map.addLayer(image_1989, trueColorVis_1989, '1989 True Color', false);
Map.addLayer(image_1989.select('NDBI'), ndbiVis, '1989 NDBI', false);
Map.addLayer(builtUp_1989.mask, builtUpVis, '1989 Built-up Areas');

// Add 2004 layers
Map.addLayer(image_2004, trueColorVis_2004, '2004 True Color', false);
Map.addLayer(image_2004.select('NDBI'), ndbiVis, '2004 NDBI', false);
Map.addLayer(builtUp_2004.mask, builtUpVis, '2004 Built-up Areas');

// Add urban expansion layer
Map.addLayer(urbanExpansion, expansionVis, 'Urban Expansion 1989-2004');",v1,271
Does the total number of lakes in northern Siberia east of the Taz River decrease in 2002 compared to 1973?,,https://earthobservatory.nasa.gov/images/5713/disappearing-lakes-in-siberia,,"1. White arrows point to lakes that have disappeared or shrunk considerably between 1973 (top) and 2002 (bottom). 
2. After studying satellite imagery of about 10,000 large lakes in a 500,000-square-kilometer area in northern Siberia, the scientists documented a decline of 11 percent in the number of lakes, with at least 125 disappearing completely.",,,,https://code.earthengine.google.com/d0dd04b08020d6d26741320ca066f784,"// Define the region of interest (ROI)
var roi = ee.Geometry.Rectangle([
  82.71879971717125, 66.2856015130595,
  82.80188382361656, 66.31844234818071
]);

// Function to apply scale factors to Landsat 7 SR imagery
function applyScaleFactors(image) {
  var opticalBands = image.select('SR_B.').multiply(0.0000275).add(-0.2);
  var thermalBand = image.select('ST_B6').multiply(0.00341802).add(149.0);
  return image.addBands(opticalBands, null, true)
    .addBands(thermalBand, null, true);
}

// Function to calculate NDWI for Landsat 7
function addNDWI_L7(image) {
  var ndwi = image.normalizedDifference(['SR_B2', 'SR_B4']).rename('NDWI');
  return image.addBands(ndwi);
}

// Function to calculate NDWI for Landsat 1
function addNDWI_L1(image) {
  var ndwi = image.normalizedDifference(['B4', 'B6']).rename('NDWI');
  return image.addBands(ndwi);
}

// Function to calculate water area
function calculateWaterArea(image, resolution) {
  var waterMask = image.select('NDWI').gt(0);
  var pixelArea = ee.Image.pixelArea();
  var waterArea = pixelArea.updateMask(waterMask).reduceRegion({
    reducer: ee.Reducer.sum(),
    geometry: roi,
    scale: resolution,
    maxPixels: 1e9
  });
  
  var waterAreaSqMeters = waterArea.get('area');
  var waterAreaSqKm = ee.Number(waterAreaSqMeters).divide(1e6);
  
  return {
    sqMeters: waterAreaSqMeters,
    sqKm: waterAreaSqKm,
    mask: waterMask
  };
}

// Process Landsat 7 (2002) imagery
var dataset_2002 = ee.ImageCollection('LANDSAT/LE07/C02/T1_L2')
  .filterDate('2002-07-02', '2002-07-03')
  .map(applyScaleFactors)
  .map(addNDWI_L7);

var image_2002 = dataset_2002.mosaic();
var water_2002 = calculateWaterArea(image_2002, 30);

// Process Landsat 1 (1973) imagery
var dataset_1973 = ee.ImageCollection('LANDSAT/LM01/C02/T2')
  .filterDate('1973-06-25', '1973-07-01')
  .map(addNDWI_L1);

var image_1973 = dataset_1973.mosaic();
var water_1973 = calculateWaterArea(image_1973, 100);

// Print water area results
print('2002 Water Area (square kilometers):', water_2002.sqKm);
print('1973 Water Area (square kilometers):', water_1973.sqKm);

// Visualization parameters
var vis_2002 = {
  bands: ['SR_B3', 'SR_B2', 'SR_B1'],
  min: 0.0,
  max: 0.3,
};

var vis_1973 = {
  bands: ['B6', 'B5', 'B4']
};

var ndwiVis = {
  min: -1, 
  max: 1, 
  palette: ['red', 'white', 'blue']
};

var waterMaskVis = {
  palette: ['white', 'blue']
};

// Center map on ROI
Map.setCenter(82.76, 66.302, 13);

// Add 2002 layers
Map.addLayer(dataset_2002, vis_2002, '2002 True Color');
Map.addLayer(image_2002.select('NDWI'), ndwiVis, '2002 NDWI');
Map.addLayer(water_2002.mask, waterMaskVis, '2002 Water Mask');

// Add 1973 layers
Map.addLayer(dataset_1973, vis_1973, '1973 True Color');
Map.addLayer(image_1973.select('NDWI'), ndwiVis, '1973 NDWI');
Map.addLayer(water_1973.mask, waterMaskVis, '1973 Water Mask');

// Add ROI
Map.addLayer(roi, {color: 'yellow'}, 'Region of Interest');

// Calculate and print water area change
var waterAreaChange = ee.Number(water_2002.sqKm).subtract(water_1973.sqKm);
print('Water area change 1973-2002 (square kilometers):', waterAreaChange);",v1,272
"In 2003, using MODIS Land Surface Temperature (LST) data, did Queensland, Australia record a higher maximum daytime land surface temperature compared to Lut Desert, Iran and El Azizia, Libya?",,https://earthobservatory.nasa.gov/images/77779/finding-the-hottest-spots-on-earth-by-satellite,,"1. But the Lut was not the hottest spot every year. In 2003, the satellites recorded a temperature of 69.3°C (156.7°F)—the second highest in the seven-year analysis—in the shrublands of Queensland. ",,,,https://code.earthengine.google.com/571d9b64691ae519325563c1c0ce8b88,"// Define study period for 2004
var startDate = '2003-01-01';
var endDate = '2003-12-31';

// Define the Lut Desert area in Iran
var lutDesert = ee.Geometry.Rectangle([57.2, 26.0, 60.7, 32.8]);

// Define other hot regions for comparison
var deathValley = ee.Geometry.Rectangle([-117.5, 36.0, -116.5, 37.0]);
var turpanDepression = ee.Geometry.Rectangle([88.5, 42.5, 89.5, 43.5]);
var elAzizia = ee.Geometry.Rectangle([13.0, 31.5, 13.1, 32.5]);
var queensland = ee.Geometry.Rectangle([140.0, -28.0, 148.0, -20.0]);

// MODIS Terra and Aqua Land Surface Temperature (LST) data
// Use 8-day composite data for more complete coverage
var modisTerraDaytime = ee.ImageCollection('MODIS/061/MOD11A2')
    .filter(ee.Filter.date(startDate, endDate))
    .select('LST_Day_1km');

var modisAquaDaytime = ee.ImageCollection('MODIS/061/MYD11A2')
    .filter(ee.Filter.date(startDate, endDate))
    .select('LST_Day_1km');

// Combine Terra and Aqua for better coverage
var combinedLST = modisTerraDaytime.merge(modisAquaDaytime);

// Convert from Kelvin to Celsius and scale by 0.02 as per MODIS documentation
var scaledLST = combinedLST.map(function(image) {
    return image.multiply(0.02).subtract(273.15)
        .copyProperties(image, ['system:time_start']);
});

// Find maximum temperature throughout the period
var maxLST = scaledLST.max();

// Get the maximum temperature for each region
var lutStats = maxLST.reduceRegion({
    reducer: ee.Reducer.max(),
    geometry: lutDesert,
    scale: 1000,
    maxPixels: 1e9
});

var deathValleyStats = maxLST.reduceRegion({
    reducer: ee.Reducer.max(),
    geometry: deathValley,
    scale: 1000,
    maxPixels: 1e9
});

var turpanStats = maxLST.reduceRegion({
    reducer: ee.Reducer.max(),
    geometry: turpanDepression,
    scale: 1000,
    maxPixels: 1e9
});

var elAziziaStats = maxLST.reduceRegion({
    reducer: ee.Reducer.max(),
    geometry: elAzizia,
    scale: 1000,
    maxPixels: 1e9
});

var queenslandStats = maxLST.reduceRegion({
    reducer: ee.Reducer.max(),
    geometry: queensland,
    scale: 1000,
    maxPixels: 1e9
});

// Find dates with highest temperatures for Lut Desert
var lutMaxTemp = ee.Number(lutStats.get('LST_Day_1km'));

// Get the image with the maximum temperature for Lut Desert
var highTempImages = scaledLST.map(function(image) {
    // Create a mask for pixels with temperature close to the max
    var tempMask = image.gte(lutMaxTemp.subtract(0.1));
    return image.updateMask(tempMask);
});

// Find dates when maximum temps occurred
var lutMaxDates = highTempImages.map(function(image) {
    var date = ee.Date(image.get('system:time_start')).format('YYYY-MM-dd');
    return ee.Feature(null, {'date': date});
}).distinct('date');

// Create visualization parameters for the LST images
var lstVis = {
    min: 30,
    max: 70,
    palette: ['blue', 'cyan', 'green', 'yellow', 'orange', 'red']
};

// Set map center to Lut Desert
Map.setCenter(59.0, 30.5, 6);

// Add layers to map
Map.addLayer(maxLST, lstVis, 'Maximum LST 2004 (°C)');
Map.addLayer(lutDesert, {color: 'yellow'}, 'Lut Desert, Iran');
Map.addLayer(deathValley, {color: 'white'}, 'Death Valley, USA');
Map.addLayer(turpanDepression, {color: 'purple'}, 'Turpan Depression, China');
Map.addLayer(elAzizia, {color: 'brown'}, 'El Azizia, Libya');
Map.addLayer(queensland, {color: 'orange'}, 'Queensland, Australia');

// Create a mask showing where the temperature is within 1°C of the Lut Desert maximum
var nearMaxMask = maxLST.gte(lutMaxTemp.subtract(1));
Map.addLayer(nearMaxMask.selfMask(), {palette: ['red']}, 'Areas Near Lut Desert Maximum Temperature', false);

// Print results
print('Analysis Period:', startDate, 'to', endDate);
print('Lut Desert Maximum Temperature (°C):', lutStats.get('LST_Day_1km'));
print('Death Valley Maximum Temperature (°C):', deathValleyStats.get('LST_Day_1km'));
print('Turpan Depression Maximum Temperature (°C):', turpanStats.get('LST_Day_1km'));
print('El Azizia Maximum Temperature (°C):', elAziziaStats.get('LST_Day_1km'));
print('Queensland Maximum Temperature (°C):', queenslandStats.get('LST_Day_1km'));
//print('Dates with highest temperatures in Lut Desert:', lutMaxDates);",v1,273
"In 2004, using MODIS Land Surface Temperature (LST) data, did Death Valley, USA record the highest maximum daytime land surface temperature in the world?",No,https://earthobservatory.nasa.gov/images/77779/finding-the-hottest-spots-on-earth-by-satellite,,"1. In five of the seven years—2004, 2005, 2006, 2007, and 2009—the highest surface temperature on Earth was found in the Lut Desert of Iran. The single highest LST recorded in any year occurred there in 2005, when MODIS recorded 70.7°C (159.3°F)—more than 12°C (22°F) warmer than the official world record air temperature from Libya.",,,,https://code.earthengine.google.com/571d9b64691ae519325563c1c0ce8b88,"// Define study period for 2004
var startDate = '2003-01-01';
var endDate = '2003-12-31';

// Define the Lut Desert area in Iran
var lutDesert = ee.Geometry.Rectangle([57.2, 26.0, 60.7, 32.8]);

// Define other hot regions for comparison
var deathValley = ee.Geometry.Rectangle([-117.5, 36.0, -116.5, 37.0]);
var turpanDepression = ee.Geometry.Rectangle([88.5, 42.5, 89.5, 43.5]);
var elAzizia = ee.Geometry.Rectangle([13.0, 31.5, 13.1, 32.5]);
var queensland = ee.Geometry.Rectangle([140.0, -28.0, 148.0, -20.0]);

// MODIS Terra and Aqua Land Surface Temperature (LST) data
// Use 8-day composite data for more complete coverage
var modisTerraDaytime = ee.ImageCollection('MODIS/061/MOD11A2')
    .filter(ee.Filter.date(startDate, endDate))
    .select('LST_Day_1km');

var modisAquaDaytime = ee.ImageCollection('MODIS/061/MYD11A2')
    .filter(ee.Filter.date(startDate, endDate))
    .select('LST_Day_1km');

// Combine Terra and Aqua for better coverage
var combinedLST = modisTerraDaytime.merge(modisAquaDaytime);

// Convert from Kelvin to Celsius and scale by 0.02 as per MODIS documentation
var scaledLST = combinedLST.map(function(image) {
    return image.multiply(0.02).subtract(273.15)
        .copyProperties(image, ['system:time_start']);
});

// Find maximum temperature throughout the period
var maxLST = scaledLST.max();

// Get the maximum temperature for each region
var lutStats = maxLST.reduceRegion({
    reducer: ee.Reducer.max(),
    geometry: lutDesert,
    scale: 1000,
    maxPixels: 1e9
});

var deathValleyStats = maxLST.reduceRegion({
    reducer: ee.Reducer.max(),
    geometry: deathValley,
    scale: 1000,
    maxPixels: 1e9
});

var turpanStats = maxLST.reduceRegion({
    reducer: ee.Reducer.max(),
    geometry: turpanDepression,
    scale: 1000,
    maxPixels: 1e9
});

var elAziziaStats = maxLST.reduceRegion({
    reducer: ee.Reducer.max(),
    geometry: elAzizia,
    scale: 1000,
    maxPixels: 1e9
});

var queenslandStats = maxLST.reduceRegion({
    reducer: ee.Reducer.max(),
    geometry: queensland,
    scale: 1000,
    maxPixels: 1e9
});

// Find dates with highest temperatures for Lut Desert
var lutMaxTemp = ee.Number(lutStats.get('LST_Day_1km'));

// Get the image with the maximum temperature for Lut Desert
var highTempImages = scaledLST.map(function(image) {
    // Create a mask for pixels with temperature close to the max
    var tempMask = image.gte(lutMaxTemp.subtract(0.1));
    return image.updateMask(tempMask);
});

// Find dates when maximum temps occurred
var lutMaxDates = highTempImages.map(function(image) {
    var date = ee.Date(image.get('system:time_start')).format('YYYY-MM-dd');
    return ee.Feature(null, {'date': date});
}).distinct('date');

// Create visualization parameters for the LST images
var lstVis = {
    min: 30,
    max: 70,
    palette: ['blue', 'cyan', 'green', 'yellow', 'orange', 'red']
};

// Set map center to Lut Desert
Map.setCenter(59.0, 30.5, 6);

// Add layers to map
Map.addLayer(maxLST, lstVis, 'Maximum LST 2004 (°C)');
Map.addLayer(lutDesert, {color: 'yellow'}, 'Lut Desert, Iran');
Map.addLayer(deathValley, {color: 'white'}, 'Death Valley, USA');
Map.addLayer(turpanDepression, {color: 'purple'}, 'Turpan Depression, China');
Map.addLayer(elAzizia, {color: 'brown'}, 'El Azizia, Libya');
Map.addLayer(queensland, {color: 'orange'}, 'Queensland, Australia');

// Create a mask showing where the temperature is within 1°C of the Lut Desert maximum
var nearMaxMask = maxLST.gte(lutMaxTemp.subtract(1));
Map.addLayer(nearMaxMask.selfMask(), {palette: ['red']}, 'Areas Near Lut Desert Maximum Temperature', false);

// Print results
print('Analysis Period:', startDate, 'to', endDate);
print('Lut Desert Maximum Temperature (°C):', lutStats.get('LST_Day_1km'));
print('Death Valley Maximum Temperature (°C):', deathValleyStats.get('LST_Day_1km'));
print('Turpan Depression Maximum Temperature (°C):', turpanStats.get('LST_Day_1km'));
print('El Azizia Maximum Temperature (°C):', elAziziaStats.get('LST_Day_1km'));
print('Queensland Maximum Temperature (°C):', queenslandStats.get('LST_Day_1km'));
//print('Dates with highest temperatures in Lut Desert:', lutMaxDates);",v1,274
Does the surface water extent in Egypt's Toshka Lakes decrease in June 2012 compared to September 2002?,,https://earthobservatory.nasa.gov/images/78531,,"1. In June 2012 (upper image), water filled only the lowest parts of the main western and eastern basins—representing a surface area of 307 square kilometers, or roughly 80 percent smaller than in 2002. 
2. Water is almost completely absent from the central basin.",,,,https://code.earthengine.google.com/505dbee922c8b0cfb97e00921b8109c8,"var dataset_after = ee.ImageCollection('MODIS/061/MOD09GQ')
                  .filter(ee.Filter.date('2012-06-21', '2012-06-22'));
var dataset_before = ee.ImageCollection('MODIS/061/MOD09GQ')
                  .filter(ee.Filter.date('2002-09-11', '2002-09-12'));
                  
var falseColorVis = {
  min: -100.0,
  max: 8000.0,
  bands: ['sur_refl_b02', 'sur_refl_b02', 'sur_refl_b01'],
};

Map.setCenter(30.677307, 23.242635, 10);
Map.addLayer(dataset_before, falseColorVis, '2002-09-11');
Map.addLayer(dataset_after, falseColorVis, '2012-06-21');",v1,275
"Was the percentage of cloud cover over Lago Hermoso, Argentina higher on March 29, 1987 (morning) compared to February 15, 2001?",,https://earthobservatory.nasa.gov/images/79700/fog-in-argentinas-lake-district,,"1. On the morning of March 29, 1987, the Thematic Mapper on the Landsat 5 satellite captured this scene of fog lingering in valley bottoms of Argentina’s Lake District.",,,,https://code.earthengine.google.com/6bc0c43a84a5daeb0f67773cecdf578e,"// Analysis of cloud cover over Lago Hermoso, Argentina
// Comparing March 29, 1987 vs February 15, 2001
// Using Google Earth Engine JavaScript API

// Define the Lago Hermoso region (approximate coordinates)
// Lago Hermoso is located in Neuquén Province, Argentina
var lagoHermoso = ee.Geometry.Polygon([
  // Approximate boundary of Lago Hermoso
  [[-71.50, -40.38], 
   [-71.45, -40.38], 
   [-71.45, -40.35], 
   [-71.50, -40.35]]
]);

// Create a function to analyze cloud cover for a specific date
function analyzeCloudCover(date) {
  // Format date strings for filtering
  var startDate = ee.Date(date);
  var endDate = startDate.advance(1, 'day');
  
  // Load Landsat data for the specified date
  // For 1987, we'll use Landsat 5
  // For 2001, we'll use Landsat 7
  var collection;
  
  if (startDate.millis().lt(ee.Date('2000-01-01').millis())) {
    // Before 2000 - use Landsat 5
    collection = ee.ImageCollection('LANDSAT/LT05/C02/T1_TOA')
      .filterDate(startDate, endDate)
      .filterBounds(lagoHermoso);
  } else {
    // 2000 and after - use Landsat 7
    collection = ee.ImageCollection('LANDSAT/LE07/C02/T1_TOA')
      .filterDate(startDate, endDate)
      .filterBounds(lagoHermoso);
  }
  
  // If no images are available on the exact date, try to get the closest image
  // within a 10-day window
  var image = collection.first();
  if (image === null || image === undefined) {
    var relaxedStartDate = startDate.advance(-5, 'day');
    var relaxedEndDate = startDate.advance(5, 'day');
    
    if (startDate.millis().lt(ee.Date('2000-01-01').millis())) {
      collection = ee.ImageCollection('LANDSAT/LT05/C02/T1_TOA')
        .filterDate(relaxedStartDate, relaxedEndDate)
        .filterBounds(lagoHermoso);
    } else {
      collection = ee.ImageCollection('LANDSAT/LE07/C02/T1_TOA')
        .filterDate(relaxedStartDate, relaxedEndDate)
        .filterBounds(lagoHermoso);
    }
    
    image = collection.sort('system:time_start', false).first();
  }
  
  // If still no image, return null
  if (image === null || image === undefined) {
    return null;
  }
  
  // Extract the actual capture date
  var captureDate = ee.Date(image.get('system:time_start'));
  
  // For water detection, use NDWI (Normalized Difference Water Index)
  var ndwi = image.normalizedDifference(['B2', 'B4']);  // Green and NIR bands
  var waterMask = ndwi.gt(0.1).clip(lagoHermoso);
  
  // Calculate lake area
  var lakeArea = waterMask.multiply(ee.Image.pixelArea()).reduceRegion({
    reducer: ee.Reducer.sum(),
    geometry: lagoHermoso,
    scale: 30,  // Landsat resolution
    maxPixels: 1e10
  });
  
  // Cloud detection based on the QA_PIXEL band for Collection 2
  // Bit 3 is for Cloud, Bit 1 is for Dilated Cloud
  var cloudBitMask = (1 << 3);
  var dilatedCloudBitMask = (1 << 1);
  
  // Consider a pixel cloudy if either the cloud bit or dilated cloud bit is set
  var cloudMask = image.select('QA_PIXEL')
    .bitwiseAnd(cloudBitMask).neq(0)
    .or(image.select('QA_PIXEL').bitwiseAnd(dilatedCloudBitMask).neq(0));
  
  // Calculate cloud coverage over the lake
  var cloudOverLake = cloudMask.updateMask(waterMask);
  var cloudArea = cloudOverLake.multiply(ee.Image.pixelArea()).reduceRegion({
    reducer: ee.Reducer.sum(),
    geometry: lagoHermoso,
    scale: 30,
    maxPixels: 1e10
  });
  
  // Calculate cloud percentage
  var lakeAreaValue = ee.Number(lakeArea.get(lakeArea.keys().get(0)));
  var cloudAreaValue = ee.Number(cloudArea.get(cloudArea.keys().get(0)));
  var cloudPercentage = cloudAreaValue.divide(lakeAreaValue).multiply(100);
  
  return {
    'date': captureDate.format('YYYY-MM-dd'),
    'image': image,
    'waterMask': waterMask,
    'cloudMask': cloudMask,
    'cloudOverLake': cloudOverLake,
    'lakeArea': lakeAreaValue,
    'cloudArea': cloudAreaValue,
    'cloudPercentage': cloudPercentage
  };
}

// Analyze cloud cover for both dates
var result1987 = analyzeCloudCover('1987-03-29');
var result2001 = analyzeCloudCover('2001-02-15');

// Print results
if (result1987 !== null) {
  print('=== Cloud Coverage Analysis for 1987 ===');
  print('Date of Analysis:', result1987.date);
  print('Lake Area (sq m):', result1987.lakeArea);
  print('Cloud-Covered Lake Area (sq m):', result1987.cloudArea);
  print('Cloud Cover Percentage (%):', result1987.cloudPercentage);
} else {
  print('No image available for 1987 analysis period');
}

if (result2001 !== null) {
  print('=== Cloud Coverage Analysis for 2001 ===');
  print('Date of Analysis:', result2001.date);
  print('Lake Area (sq m):', result2001.lakeArea);
  print('Cloud-Covered Lake Area (sq m):', result2001.cloudArea);
  print('Cloud Cover Percentage (%):', result2001.cloudPercentage);
} else {
  print('No image available for 2001 analysis period');
}

// Compare the two dates
if (result1987 !== null && result2001 !== null) {
  var diff = result1987.cloudPercentage.subtract(result2001.cloudPercentage);
  print('=== Comparison ===');
  print('Difference in Cloud Cover (1987 - 2001, %)', diff);
  print('Is there more cloud cover in 1987 than 2001?', diff.gt(0));
}

// Visualization
Map.centerObject(lagoHermoso, 12);
Map.addLayer(lagoHermoso, {color: 'black'}, 'Lago Hermoso Region');

// Add 1987 layers if available
if (result1987 !== null) {
  Map.addLayer(result1987.image, 
              {bands: ['B3', 'B2', 'B1'], min: 0, max: 0.4}, 
              'Landsat 5 - 1987', false);
  Map.addLayer(result1987.waterMask, 
              {palette: ['blue']}, 
              'Lake Mask - 1987', false);
  Map.addLayer(result1987.cloudMask.selfMask(), 
              {palette: ['white']}, 
              'All Clouds - 1987', false);
  Map.addLayer(result1987.cloudOverLake, 
              {palette: ['cyan']}, 
              'Clouds over Lake - 1987', false);
}

// Add 2001 layers if available
if (result2001 !== null) {
  Map.addLayer(result2001.image, 
              {bands: ['B3', 'B2', 'B1'], min: 0, max: 0.4}, 
              'Landsat 7 - 2001', false);
  Map.addLayer(result2001.waterMask, 
              {palette: ['darkblue']}, 
              'Lake Mask - 2001', false);
  Map.addLayer(result2001.cloudMask.selfMask(), 
              {palette: ['lightgray']}, 
              'All Clouds - 2001', false);
  Map.addLayer(result2001.cloudOverLake, 
              {palette: ['red']}, 
              'Clouds over Lake - 2001', false);
}",v1,276
"Did the air temperature reach over 50 degrees Celsius at the Furnace Creek Visitor's Center on June 30, 2013?",,https://earthobservatory.nasa.gov/images/81562/death-valley-claims-a-heat-title-again,," The air temperature rose to 129.2 °Fahrenheit (54 °Celsius) at the Furnace Creek Visitor's Center on June 30, 2013",,,ERA5?,,,v2,277
"Did the air temperature reach over 58 degrees Celsius at the Furnace Creek Visitor's Center on June 30, 2013?",No,https://earthobservatory.nasa.gov/images/81562/death-valley-claims-a-heat-title-again,," The air temperature rose to 129.2 °Fahrenheit (54 °Celsius) at the Furnace Creek Visitor's Center on June 30, 2013",,,ERA5?,,,v2,278
"Was the land surface temperature over the Mesquite Flat higher than over the Panamint Mountains on June 30, 2013, as observed with Landsat 8?",,https://earthobservatory.nasa.gov/images/81562/death-valley-claims-a-heat-title-again,,,,,Landsat 8,,,v2,279
"Did Shanhai experience higher land surface temperature anomalies than Beijing during August 5-12, 2013 relative to the 2000-2012 average for that week?",,https://earthobservatory.nasa.gov/images/81870/heat-wave-in-china,,,,,MODIS-Terra,https://code.earthengine.google.com/df4b4489f672eac487e0b0b9a7fc71f4,"// Define the Area of Interest (AOI) for Shanghai and Beijing
var shanghai = ee.Geometry.Point([121.4737, 31.2304]);
var beijing = ee.Geometry.Point([116.4074, 39.9042]);

// Define the date range for the anomaly period
var anomalyStartDate = '2013-08-05';
var anomalyEndDate = '2013-08-12';

// Define the baseline period for the long-term average
var baselineStartYear = 2000;
var baselineEndYear = 2012;

// Load the MODIS Land Surface Temperature (LST) dataset
var modisLST = ee.ImageCollection('MODIS/061/MOD11A1');

// --- Calculations for Shanghai ---

// Calculate the long-term average LST for the baseline period in Shanghai
var baselineShanghai = ee.ImageCollection(
  ee.List.sequence(baselineStartYear, baselineEndYear).map(function(year) {
    var startDate = ee.Date.fromYMD(year, 8, 5);
    var endDate = ee.Date.fromYMD(year, 8, 12);
    return modisLST.filter(ee.Filter.date(startDate, endDate))
                   .select('LST_Day_1km')
                   .mean()
                   .multiply(0.02) // Apply scale factor to get Kelvin
                   .subtract(273.15); // Convert to Celsius
  })
).mean();

// Calculate the average LST for the anomaly period in 2013 in Shanghai
var anomalyShanghai = modisLST.filter(ee.Filter.date(anomalyStartDate, anomalyEndDate))
                              .select('LST_Day_1km')
                              .mean()
                              .multiply(0.02) // Apply scale factor
                              .subtract(273.15); // Convert to Celsius

// Calculate the LST anomaly for Shanghai
var lstAnomalyShanghai = anomalyShanghai.subtract(baselineShanghai);

// --- Calculations for Beijing ---

// Calculate the long-term average LST for the baseline period in Beijing
var baselineBeijing = ee.ImageCollection(
  ee.List.sequence(baselineStartYear, baselineEndYear).map(function(year) {
    var startDate = ee.Date.fromYMD(year, 8, 5);
    var endDate = ee.Date.fromYMD(year, 8, 12);
    return modisLST.filter(ee.Filter.date(startDate, endDate))
                   .select('LST_Day_1km')
                   .mean()
                   .multiply(0.02) // Apply scale factor
                   .subtract(273.15); // Convert to Celsius
  })
).mean();

// Calculate the average LST for the anomaly period in 2013 in Beijing
var anomalyBeijing = modisLST.filter(ee.Filter.date(anomalyStartDate, anomalyEndDate))
                            .select('LST_Day_1km')
                            .mean()
                            .multiply(0.02) // Apply scale factor
                            .subtract(273.15); // Convert to Celsius

// Calculate the LST anomaly for Beijing
var lstAnomalyBeijing = anomalyBeijing.subtract(baselineBeijing);

// --- Print the results ---

// Use reduceRegion to get the numerical anomaly values for the points of interest
var anomalyValueShanghai = lstAnomalyShanghai.reduceRegion({
  reducer: ee.Reducer.mean(),
  geometry: shanghai,
  scale: 1000
}).get('LST_Day_1km');

var anomalyValueBeijing = lstAnomalyBeijing.reduceRegion({
  reducer: ee.Reducer.mean(),
  geometry: beijing,
  scale: 1000
}).get('LST_Day_1km');

print('Shanghai Land Surface Temperature Anomaly (Celsius):', anomalyValueShanghai);
print('Beijing Land Surface Temperature Anomaly (Celsius):', anomalyValueBeijing);",v2,280
"Was the land surface temperature in Shanghai above 39 degrees Celsius on August 7, 2013?",,https://earthobservatory.nasa.gov/images/81870/heat-wave-in-china,,"Shanghai broke its all-time record high three times in as many weeks. The current record—40.8 degrees Celsius (105.4°F)—was set on August 7, 2013. ",,,Landsat 8,,,v2,281
Does the water storage in Alabama decreases from 2003 to 2012?,,https://earthobservatory.nasa.gov/images/82266/a-decade-of-water,,"1. Eastern Texas, Alabama, and the Mid-Atlantic states also saw a decrease in ground water supplies because of long-term drought.",,,,https://code.earthengine.google.com/50b33d028e2e2b876a19f0dcab884f72,"// Define California region using US state border collection
var california = ee.FeatureCollection('TIGER/2018/States')
  .filter(ee.Filter.eq('NAME', 'Alabama'));

// Define time periods for comparison
var startDate2003 = ee.Date('2003-01-01');
var endDate2003 = ee.Date('2003-12-31');

var startDate2012 = ee.Date('2012-01-01');
var endDate2012 = ee.Date('2012-12-31');

// Function to get GRACE data for a specific time period
function getGraceData(startDate, endDate) {
  return ee.ImageCollection('NASA/GRACE/MASS_GRIDS/LAND')
    .filterDate(startDate, endDate)
    .select(['lwe_thickness_csr'])  // Using CSR solution
    .mean();  // Get mean for the time period
}

// Get GRACE data for 2003 and 2012
var grace2003 = getGraceData(startDate2003, endDate2003);
var grace2012 = getGraceData(startDate2012, endDate2012);

// Calculate the difference between 2012 and 2003
// Negative values indicate water storage depletion
var graceDifference = grace2012.subtract(grace2003);

// Get statistics for California
var stats = graceDifference.reduceRegion({
  reducer: ee.Reducer.mean(),
  geometry: california.geometry(),
  scale: 25000, // GRACE resolution is coarse (approximately 25 km)
  maxPixels: 1e9
});

// Define visualization parameters
var changeVis = {
  min: -10,
  max: 10,
  palette: ['8B0000', 'FF4500', 'FFFF00', 'FFFFFF', '00FFFF', '0000FF', '000080']
};

// Create visualization layers
var grace2003Vis = {
  min: -15,
  max: 15,
  palette: ['8B0000', 'FF4500', 'FFFF00', 'FFFFFF', '00FFFF', '0000FF', '000080']
};

var grace2012Vis = {
  min: -15,
  max: 15,
  palette: ['8B0000', 'FF4500', 'FFFF00', 'FFFFFF', '00FFFF', '0000FF', '000080']
};

// Add layers to the map
Map.centerObject(california, 6);
Map.addLayer(grace2003, grace2003Vis, 'GRACE LWE 2003');
Map.addLayer(grace2012, grace2012Vis, 'GRACE LWE 2012');
Map.addLayer(graceDifference, changeVis, 'LWE Change 2003-2012');
Map.addLayer(california, {color: 'yellow', fillColor: '00000000'}, 'California');

// Print results
print('Study area: California, USA');
print('Analysis period: 2003 to 2012');

// Extract the mean water storage change value for California
print('Mean change in liquid water equivalent thickness (cm):', stats.get('lwe_thickness_csr'));",v1,282
"Were there two isolated islands within a 2 km radius of (27.245974, 140.878144) on December 8, 2013?",,https://earthobservatory.nasa.gov/images/82607/new-island-in-the-ring-of-fire,,,,,,,,v2,283
"Were there two isolated islands within a 2 km radius of (27.245974, 140.878144) on December 8, 2013, which had merged into a single island by March 30, 2014?",,"https://earthobservatory.nasa.gov/images/82607/new-island-in-the-ring-of-fire

https://earthobservatory.nasa.gov/images/83447/new-pacific-island-consumes-its-neighbor",,,,,,,,v2,284
"Did the turbidity of the Beaufort Sea (specifically at 69.954148, -136.325766) increase between June 14, 2012, and July 5, 2012?",,https://earthobservatory.nasa.gov/images/83271/river-discharge-alters-arctic-sea-ice?src=on-this-day,,"1. By the time of the second image, sea ice was hundreds of kilometers offshore. Brown and tan river sediments discolored the water and hinted at the extent of the outflow.",,,,https://code.earthengine.google.com/cf296532128698f1dcb9d0a3f73ad91f,"// Define the location of interest in the Beaufort Sea
var beaufortSeaPoint = ee.Geometry.Point([-136.325766, 69.954148]);

// Create a 5km buffer around the point for analysis
var analysisArea = beaufortSeaPoint.buffer(5000);

// Define date ranges
var juneDate = ee.Date('2012-06-14');
var julyDate = ee.Date('2012-07-05');

// Helper function to get MODIS data for a specific date with a small window (3 days)
function getMODISForDate(date) {
  var startDate = date.advance(-1, 'day');
  var endDate = date.advance(1, 'day');
  
  return ee.ImageCollection(""MODIS/006/MOD09GA"")
    .filterDate(startDate, endDate)
    .filter(ee.Filter.bounds(analysisArea))
    .sort('system:time_start')
    .first();
}

// Get MODIS data for both dates
var juneImage = getMODISForDate(juneDate);
var julyImage = getMODISForDate(julyDate);

// Function to calculate turbidity index using MODIS bands
// For MODIS, we'll use Red (band 1) and Green (band 4)
function calculateTurbidityIndex(image) {
  // Select Red (band 1) and Green (band 4) from MODIS
  // Scale the values by 0.0001 as per MODIS specifications
  var red = image.select('sur_refl_b01').multiply(0.0001);
  var green = image.select('sur_refl_b04').multiply(0.0001);
  
  // Calculate NDTI (Normalized Difference Turbidity Index)
  // NDTI = (Red - Green) / (Red + Green)
  var ndti = red.subtract(green).divide(red.add(green)).rename('ndti');
  
  return ndti;
}

// Calculate NDTI for both dates
var juneNDTI = calculateTurbidityIndex(juneImage);
var julyNDTI = calculateTurbidityIndex(julyImage);

// Function to calculate statistics for a region
function calculateStats(image, region, name) {
  var stats = image.reduceRegion({
    reducer: ee.Reducer.mean().combine({
      reducer2: ee.Reducer.stdDev(),
      sharedInputs: true
    }),
    geometry: region,
    scale: 500, // MODIS resolution
    maxPixels: 1e12
  });
  
  print(name + ' Statistics:', stats);
  return stats;
}

// Calculate statistics for both dates
var juneStats = calculateStats(juneNDTI, analysisArea, 'June 14, 2012 NDTI');
var julyStats = calculateStats(julyNDTI, analysisArea, 'July 5, 2012 NDTI');

// Compare NDTI values to determine if turbidity increased
var juneNDTIMean = ee.Number(juneStats.get('ndti_mean'));
var julyNDTIMean = ee.Number(julyStats.get('ndti_mean'));

// Calculate the difference and percent change
var ndtiDifference = julyNDTIMean.subtract(juneNDTIMean);
var percentChange = ndtiDifference.divide(juneNDTIMean).multiply(100);

// Print results
print('June 14, 2012 Mean NDTI:', juneNDTIMean);
print('July 5, 2012 Mean NDTI:', julyNDTIMean);
print('NDTI Difference (July - June):', ndtiDifference);
print('Percent Change in NDTI:', percentChange);
print('Did turbidity increase?', julyNDTIMean.gt(juneNDTIMean));

// Visualization for NDTI
var ndtiVis = {
  min: -0.1,
  max: 0.3,
  palette: ['blue', 'cyan', 'yellow', 'orange', 'red']
};

// Add layers to the map
Map.centerObject(beaufortSeaPoint, 9);

// Add the June NDTI layer
Map.addLayer(juneNDTI.clip(analysisArea), ndtiVis, 'June 14, 2012 NDTI');

// Add the July NDTI layer
Map.addLayer(julyNDTI.clip(analysisArea), ndtiVis, 'July 5, 2012 NDTI');

// Add a difference layer to visualize change
var ndtiChange = julyNDTI.subtract(juneNDTI);
var changeVis = {
  min: -0.1,
  max: 0.1,
  palette: ['blue', 'white', 'red']
};
Map.addLayer(ndtiChange.clip(analysisArea), changeVis, 'NDTI Change (July - June)');

// Add true color composites for visual reference
var trueColorVis = {
  bands: ['sur_refl_b01', 'sur_refl_b04', 'sur_refl_b03'],
  min: 0,
  max: 3000
};
Map.addLayer(juneImage.clip(analysisArea), trueColorVis, 'June 14, 2012 True Color', false);
Map.addLayer(julyImage.clip(analysisArea), trueColorVis, 'July 5, 2012 True Color', false);

// Add the analysis area and point of interest
Map.addLayer(analysisArea, {color: 'yellow'}, 'Analysis Area');
Map.addLayer(ee.FeatureCollection([beaufortSeaPoint]), {color: 'red', pointSize: 10}, 'Beaufort Sea Point');",v1,285
"Were there two isolated islands within a 2 km radius of (27.245974, 140.878144) on March 30, 2014?",no,https://earthobservatory.nasa.gov/images/83447/new-pacific-island-consumes-its-neighbor,,,,,,,,v2,286
Does the stratospheric ozone concentration in the Arctic region (63-90 degrees North) increase in April 2014 compared to April 2011?,,https://earthobservatory.nasa.gov/images/83831,,"1. The map above shows the concentration of stratospheric ozone over the Arctic—63 to 90 degrees North—on April 1, 2014. Reaching 470 Dobson Units, April 1 marked the highest average concentration of ozone over the region so far this year. 
2. In fact, ozone concentrations over the Arctic have been relatively higher the past three winters after an exceptional low in 2011. It is possible that warmer weather over the Arctic this winter, as well as the polar vortices that wandered down to lower latitudes, led to less ozone depletion in the North this winter.",,,,https://code.earthengine.google.com/29d30549f0352bcee233de70e94f12a3,"// Load TOMS/MERGED ozone data for April 2011 and 2014
var dataset_2011 = ee.ImageCollection('TOMS/MERGED')
                  .filter(ee.Filter.date('2011-04-01', '2011-04-30'));
var dataset_2014 = ee.ImageCollection('TOMS/MERGED')
                  .filter(ee.Filter.date('2014-04-01', '2014-04-30'));

// Select the ozone band
var columnOzone_2011 = dataset_2011.select('ozone');
var columnOzone_2014 = dataset_2014.select('ozone');

// Define the Arctic regions (split into western and eastern hemispheres)
// Using geodesic: false and simplified coordinates
var arctic_west = ee.Geometry.Rectangle({
  coords: [-180, 63, 0, 89.9],
  geodesic: false
});

var arctic_east = ee.Geometry.Rectangle({
  coords: [0, 63, 180, 89.9],
  geodesic: false
});

// Create a visualization parameter for the ozone data
var columnOzoneVis = {
  min: 300,
  max: 500,
  palette: ['1621a2', 'cyan', 'green', 'yellow', 'orange', 'red'],
};

// Function to calculate mean ozone concentration for a specific dataset over the Arctic
function calculateArcticOzoneMean(dataset) {
  // Get the mean ozone concentration over the month
  var meanOzone = dataset.mean();
  
  // Calculate the mean for western Arctic
  var arcticMean_west = meanOzone.reduceRegion({
    reducer: ee.Reducer.mean(),
    geometry: arctic_west,
    scale: 25000,
    maxPixels: 1e12
  }).get('ozone');
  
  // Calculate the mean for eastern Arctic
  var arcticMean_east = meanOzone.reduceRegion({
    reducer: ee.Reducer.mean(),
    geometry: arctic_east,
    scale: 25000,
    maxPixels: 1e12
  }).get('ozone');
  
  // Take the simple average of the two regions
  // This avoids using .area() which was causing problems
  var combined_mean = ee.Number(arcticMean_west).add(ee.Number(arcticMean_east)).divide(2);
  
  return combined_mean;
}

// Calculate the mean ozone concentration for both years
var mean_2011 = calculateArcticOzoneMean(columnOzone_2011);
var mean_2014 = calculateArcticOzoneMean(columnOzone_2014);

// Calculate the absolute and percentage change
var absoluteChange = ee.Number(mean_2014).subtract(mean_2011);
var percentChange = absoluteChange.divide(mean_2011).multiply(100);

// Print the results
print('ANALYSIS: Arctic Ozone Comparison April 2011 vs April 2014');
print('--------------------------------------');
print('Arctic Mean Ozone Concentration April 2011 (DU):', mean_2011);
print('Arctic Mean Ozone Concentration April 2014 (DU):', mean_2014);
print('Absolute Change (DU):', absoluteChange);
print('Percentage Change (%):', percentChange);
print('Did Arctic ozone increase in April 2014 compared to April 2011?', ee.Number(mean_2014).gt(mean_2011));

// Calculate mean ozone for individual regions to check for regional variations
var west_2011 = columnOzone_2011.mean().reduceRegion({
  reducer: ee.Reducer.mean(),
  geometry: arctic_west,
  scale: 25000,
  maxPixels: 1e12
}).get('ozone');

var west_2014 = columnOzone_2014.mean().reduceRegion({
  reducer: ee.Reducer.mean(),
  geometry: arctic_west,
  scale: 25000,
  maxPixels: 1e12
}).get('ozone');

var east_2011 = columnOzone_2011.mean().reduceRegion({
  reducer: ee.Reducer.mean(),
  geometry: arctic_east,
  scale: 25000,
  maxPixels: 1e12
}).get('ozone');

var east_2014 = columnOzone_2014.mean().reduceRegion({
  reducer: ee.Reducer.mean(),
  geometry: arctic_east,
  scale: 25000,
  maxPixels: 1e12
}).get('ozone');

print('Western Arctic Mean Ozone April 2011 (DU):', west_2011);
print('Western Arctic Mean Ozone April 2014 (DU):', west_2014);
print('Eastern Arctic Mean Ozone April 2011 (DU):', east_2011);
print('Eastern Arctic Mean Ozone April 2014 (DU):', east_2014);

// Visualization
Map.setCenter(0, 80, 2);

// Calculate monthly mean ozone for both periods
var meanOzone_2011 = columnOzone_2011.mean();
var meanOzone_2014 = columnOzone_2014.mean();

// Clip the mean ozone images to the Arctic regions
var westArcticOzone_2011 = meanOzone_2011.clip(arctic_west);
var westArcticOzone_2014 = meanOzone_2014.clip(arctic_west);
var eastArcticOzone_2011 = meanOzone_2011.clip(arctic_east);
var eastArcticOzone_2014 = meanOzone_2014.clip(arctic_east);

// Add layers to the map
Map.addLayer(westArcticOzone_2011, columnOzoneVis, 'Western Arctic Ozone April 2011', false);
Map.addLayer(westArcticOzone_2014, columnOzoneVis, 'Western Arctic Ozone April 2014', false);
Map.addLayer(eastArcticOzone_2011, columnOzoneVis, 'Eastern Arctic Ozone April 2011', false);
Map.addLayer(eastArcticOzone_2014, columnOzoneVis, 'Eastern Arctic Ozone April 2014', false);

// Create layers for the combined regions
Map.addLayer(westArcticOzone_2011.blend(eastArcticOzone_2011), columnOzoneVis, 'Arctic Ozone April 2011');
Map.addLayer(westArcticOzone_2014.blend(eastArcticOzone_2014), columnOzoneVis, 'Arctic Ozone April 2014');

// Create difference images for each region
var westOzoneDiff = meanOzone_2014.subtract(meanOzone_2011).clip(arctic_west);
var eastOzoneDiff = meanOzone_2014.subtract(meanOzone_2011).clip(arctic_east);

var diffVis = {
  min: -50,
  max: 50,
  palette: ['blue', 'white', 'red']
};

// Add difference layers
Map.addLayer(westOzoneDiff, diffVis, 'Western Arctic Ozone Change (2014-2011)', true);
Map.addLayer(eastOzoneDiff, diffVis, 'Eastern Arctic Ozone Change (2014-2011)', true);

// Add the Arctic boundaries
Map.addLayer(ee.FeatureCollection([
  ee.Feature(arctic_west, {name: 'Western Arctic'}),
  ee.Feature(arctic_east, {name: 'Eastern Arctic'})
]), {color: 'black'}, 'Arctic Boundaries');",v1,287
Does the surface reflectance of Lake Elton increase from 2004 to 2009?,,https://earthobservatory.nasa.gov/images/84781,,"1. The scientists found that Lake Elton’s peak albedo increased from 0.14 in 2004 to 0.40 in 2009, a significant change for such a short period of time.",,,,https://code.earthengine.google.com/7bd82d14fb1477575754151ca8f96f4e,"// Define Lake Elton location (Volgograd Oblast, Russia)
var lakeEltonPoint = ee.Geometry.Point([46.6732, 49.1500]);

// Create a buffer around the lake (approximately 10km to ensure full coverage)
var lakeEltonBoundary = lakeEltonPoint.buffer(10000);

// Define time periods for comparison
var period2004 = ee.ImageCollection('LANDSAT/LT05/C02/T1_L2')
  .filterDate('2004-06-01', '2004-08-31')  // Summer period for clearer imagery
  .filterBounds(lakeEltonBoundary);
  
var period2009 = ee.ImageCollection('LANDSAT/LT05/C02/T1_L2')
  .filterDate('2009-06-01', '2009-08-31')  // Summer period for clearer imagery
  .filterBounds(lakeEltonBoundary);

// Function to mask clouds using the quality band (for Landsat 5)
function maskL5(image) {
  // Bit 0 - Fill
  // Bit 1 - Dilated Cloud
  // Bit 2 - Cirrus
  // Bit 3 - Cloud
  // Bit 4 - Cloud Shadow
  var qaMask = image.select('QA_PIXEL').bitwiseAnd(parseInt('11111', 2)).eq(0);

  // Apply the scaling factors to the appropriate bands
  var opticalBands = image.select('SR_B.').multiply(0.0000275).add(-0.2);
  var thermalBands = image.select('ST_B.*').multiply(0.00341802).add(149.0);

  // Replace the original bands with the scaled ones and apply the masks
  return image.addBands(opticalBands, null, true)
    .addBands(thermalBands, null, true)
    .updateMask(qaMask);
}

// Apply cloud mask to the collections
var period2004Masked = period2004.map(maskL5);
var period2009Masked = period2009.map(maskL5);

// Get median composites for more stable results
var composite2004 = period2004Masked.median();
var composite2009 = period2009Masked.median();

// Create water mask using NDWI (Normalized Difference Water Index)
function getWaterMask(image) {
  // For Landsat 5: Green is B2, NIR is B4
  var ndwi = image.normalizedDifference(['SR_B2', 'SR_B4']).rename('NDWI');
  return ndwi.gt(0.3); // Threshold for water detection
}

// Generate water masks
var waterMask2004 = getWaterMask(composite2004);
var waterMask2009 = getWaterMask(composite2009);

// Function to calculate surface reflectance statistics for lake area
function calculateSurfaceReflectance(image, waterMask, region, name) {
  // Calculate mean surface reflectance across visible bands (Blue, Green, Red)
  var blue = image.select('SR_B1');  // Blue band
  var green = image.select('SR_B2');  // Green band
  var red = image.select('SR_B3');   // Red band
  
  // Combine bands to get average visible reflectance
  var visibleReflectance = blue.add(green).add(red).divide(3).rename('visible_reflectance');
  
  // Apply water mask (only analyze lake pixels)
  var reflectanceWater = visibleReflectance.updateMask(waterMask);
  
  // Calculate statistics
  var stats = reflectanceWater.reduceRegion({
    reducer: ee.Reducer.mean(),
    geometry: region,
    scale: 30,  // Landsat resolution
    maxPixels: 1e12
  });
  
  print(name + ' Mean Surface Reflectance:', stats.get('visible_reflectance'));
  return stats;
}

// Calculate surface reflectance for both time periods
var reflectance2004 = calculateSurfaceReflectance(composite2004, waterMask2004, lakeEltonBoundary, 'Lake Elton 2004');
var reflectance2009 = calculateSurfaceReflectance(composite2009, waterMask2009, lakeEltonBoundary, 'Lake Elton 2009');

// Compare the reflectance values
var reflectance2004Value = ee.Number(reflectance2004.get('visible_reflectance'));
var reflectance2009Value = ee.Number(reflectance2009.get('visible_reflectance'));
var reflectanceDifference = reflectance2009Value.subtract(reflectance2004Value);
var percentChange = reflectanceDifference.divide(reflectance2004Value).multiply(100);

// Print the results of the comparison
print('2004 Mean Surface Reflectance:', reflectance2004Value);
print('2009 Mean Surface Reflectance:', reflectance2009Value);
print('Absolute Change in Reflectance:', reflectanceDifference);
print('Percent Change in Reflectance (%):', percentChange);
print('Did Surface Reflectance Increase from 2004 to 2009?', reflectance2009Value.gt(reflectance2004Value));

// Visualization parameters
// True color composite
var trueColorVis = {
  bands: ['SR_B3', 'SR_B2', 'SR_B1'],
  min: 0.0,
  max: 0.3
};

// Reflectance visualization
var reflectanceVis = {
  min: 0.0,
  max: 0.3,
  palette: ['darkblue', 'blue', 'cyan', 'limegreen', 'yellow', 'orange', 'red']
};

// Water visualization
var waterVis = {
  palette: ['white', 'blue']
};

// Add layers to the map
Map.centerObject(lakeEltonBoundary, 11);
Map.addLayer(composite2004, trueColorVis, '2004 True Color');
Map.addLayer(composite2009, trueColorVis, '2009 True Color');
Map.addLayer(waterMask2004.selfMask(), waterVis, '2004 Water Mask');
Map.addLayer(waterMask2009.selfMask(), waterVis, '2009 Water Mask');

// Add reflectance layers
Map.addLayer(composite2004.select('SR_B1').add(composite2004.select('SR_B2')).add(composite2004.select('SR_B3')).divide(3)
  .updateMask(waterMask2004), reflectanceVis, '2004 Surface Reflectance');
Map.addLayer(composite2009.select('SR_B1').add(composite2009.select('SR_B2')).add(composite2009.select('SR_B3')).divide(3)
  .updateMask(waterMask2009), reflectanceVis, '2009 Surface Reflectance');

// Add the lake boundary
Map.addLayer(lakeEltonBoundary, {color: 'red'}, 'Lake Elton Boundary');
Map.addLayer(ee.FeatureCollection([lakeEltonPoint]), {color: 'yellow', pointSize: 5}, 'Lake Elton Center');",v1,288
Does Houston show higher nighttime light intensity in December 2012 and 2013 compared to the average light output during other months from 2012 to 2014?,,https://earthobservatory.nasa.gov/images/84897/even-from-space-holidays-shine-brightly,,1. The map compares the nighttime light signals from December 2012 and 2013 to the average light output for the rest of 2012 to 2014. Green shading marks areas where light usage increased in December,,,,https://code.earthengine.google.com/aacee6db1d2bc7481af86109c10ab09c,"// Define the study area: Houston, Texas
var houston = ee.Geometry.Point([-95.3698, 29.7604]).buffer(20000); // 20km buffer around Houston

// Load VIIRS nighttime light data for the entire period (2012-2014)
var viirs = ee.ImageCollection('NOAA/VIIRS/DNB/MONTHLY_V1/VCMSLCFG')
  .filterDate('2012-01-01', '2014-12-31')
  .select('avg_rad'); // Average radiance

// Function to group images by month
var byMonth = ee.Dictionary.fromLists(
  ee.List(ee.List.sequence(1, 12).map(function(m) { return ee.Number(m).format('%02d'); })),
  ee.List.sequence(1, 12).map(function(m) {
    return viirs.filter(ee.Filter.calendarRange(m, m, 'month'));
  })
);

// Set visualization parameters for the nighttime lights
var lightsVis = {
  min: 0,
  max: 30,
  palette: ['black', 'navy', 'blue', 'aqua', 'yellow', 'white']
};

// Set map center to Houston
Map.setCenter(-95.3698, 29.7604, 8);

// Add Houston boundary
Map.addLayer(houston, {color: 'red'}, 'Houston', true);

// Split the collection into December months and non-December months
var december_collection = viirs.filter(ee.Filter.calendarRange(12, 12, 'month'));
var non_december_collection = viirs.filter(ee.Filter.calendarRange(1, 11, 'month'));

// Calculate mean composites for December 2012-2013 and non-December 2012-2014
var december_composite = december_collection.mean();
var non_december_composite = non_december_collection.mean();

// Add the composite layers to the map
Map.addLayer(december_composite.clip(houston), lightsVis, 'December Mean (2012-2013)');
Map.addLayer(non_december_composite.clip(houston), lightsVis, 'Non-December Mean (2012-2014)');

// Calculate statistics for both time periods
var december_stats = december_composite.reduceRegion({
  reducer: ee.Reducer.mean().combine({
    reducer2: ee.Reducer.max(),
    sharedInputs: true
  }).combine({
    reducer2: ee.Reducer.min(),
    sharedInputs: true
  }),
  geometry: houston,
  scale: 500, // VIIRS resolution
  maxPixels: 1e9
});

var non_december_stats = non_december_composite.reduceRegion({
  reducer: ee.Reducer.mean().combine({
    reducer2: ee.Reducer.max(),
    sharedInputs: true
  }).combine({
    reducer2: ee.Reducer.min(),
    sharedInputs: true
  }),
  geometry: houston,
  scale: 500, // VIIRS resolution
  maxPixels: 1e9
});

// Print results to console
print('Study Area: Houston, Texas');
print('Time Period: 2012-2014');
print('December Nighttime Light Statistics (nW/cm²/sr):', december_stats);
print('Non-December Nighttime Light Statistics (nW/cm²/sr):', non_december_stats);

// Calculate the ratio of mean values to compare
var mean_ratio = ee.Number(december_stats.get('avg_rad_mean'))
  .divide(ee.Number(non_december_stats.get('avg_rad_mean')));
print('Ratio of mean light intensity (December/Non-December):', mean_ratio);

// Add a conclusion text about whether December shows higher values
var comparison_result = ee.Algorithms.If(
  ee.Number(december_stats.get('avg_rad_mean')).gt(ee.Number(non_december_stats.get('avg_rad_mean'))),
  'Yes, Houston shows higher nighttime light intensity in December 2012-2013 compared to the average of non-December months in 2012-2014.',
  'No, Houston does not show higher nighttime light intensity in December 2012-2013 compared to the average of non-December months in 2012-2014.'
);
print('Answer to Research Question:', comparison_result);

// Calculate the difference between December and non-December
var difference = ee.Number(december_stats.get('avg_rad_mean'))
  .subtract(ee.Number(non_december_stats.get('avg_rad_mean')));
print('Difference in mean radiance (December - Non-December):', difference);

// Calculate the percentage difference
var percent_diff = difference.divide(ee.Number(non_december_stats.get('avg_rad_mean'))).multiply(100);
print('Percentage difference:', percent_diff, '%');
",v1,289
"Does the nighttime light intensity in urban areas of Atlanta, Georgia increase in December 2013 compared to July 2013?",,https://earthobservatory.nasa.gov/images/84920,,"1. The images above were acquired on July 25, 2013, and December 26, 2013, by the Visible Infrared Imaging Radiometer Suite on the Suomi NPP satellite. The images show subtle differences in the amount of nighttime light around urban areas in the Southeastern United States between mid-summer and the December holidays.",,,,https://code.earthengine.google.com/60ba73895c1935a046d611365207e230,"// Define the study area: Atlanta, Georgia
var atlanta = ee.Geometry.Point([-84.3880, 33.7490]).buffer(15000); // 15km buffer around Atlanta city center

// Load VIIRS nighttime light data for July 2013
var viirs_july2013 = ee.ImageCollection('NOAA/VIIRS/DNB/MONTHLY_V1/VCMCFG')
  .filterDate('2013-07-01', '2013-07-31')
  .select('avg_rad')
  .median();
  
// Load VIIRS nighttime light data for December 2013
var viirs_dec2013 = ee.ImageCollection('NOAA/VIIRS/DNB/MONTHLY_V1/VCMCFG')
  .filterDate('2013-12-01', '2013-12-31')
  .select('avg_rad')
  .median();

// Clip the data to our region of interest
var atlanta_lights_july = viirs_july2013.clip(atlanta);
var atlanta_lights_dec = viirs_dec2013.clip(atlanta);

// Set visualization parameters for the nighttime lights
var viirsVis = {
  min: 0,
  max: 40,  // Appropriate range for VIIRS radiance values in urban areas
  palette: ['black', 'navy', 'blue', 'aqua', 'yellow', 'white']
};

// Set map center to Atlanta
Map.setCenter(-84.3880, 33.7490, 10);

// Add the nighttime light layers
Map.addLayer(atlanta_lights_july, viirsVis, 'Atlanta Lights July 2013');
Map.addLayer(atlanta_lights_dec, viirsVis, 'Atlanta Lights December 2013');
Map.addLayer(atlanta, {color: 'red'}, 'Atlanta Region', true);

// Calculate mean values for both months
var atlanta_mean_july = atlanta_lights_july.reduceRegion({
  reducer: ee.Reducer.mean(),
  geometry: atlanta,
  scale: 500,
  maxPixels: 1e9
});

var atlanta_mean_dec = atlanta_lights_dec.reduceRegion({
  reducer: ee.Reducer.mean(),
  geometry: atlanta,
  scale: 500,
  maxPixels: 1e9
});

// Print mean results to console
print('Atlanta Mean Nighttime Light July 2013:', atlanta_mean_july);
print('Atlanta Mean Nighttime Light December 2013:', atlanta_mean_dec);

// Extract the radiance values
var july_mean = atlanta_mean_july.get('avg_rad');
var dec_mean = atlanta_mean_dec.get('avg_rad');

// Calculate percent change
var percent_change = ee.Number(dec_mean).subtract(july_mean)
  .divide(july_mean).multiply(100);

print('Percent change in mean nighttime light intensity (July-December 2013):', percent_change);

// Answer the research question
var comparison_result = ee.Algorithms.If(
  ee.Number(dec_mean).gt(ee.Number(july_mean)),
  'Yes, the nighttime light intensity in urban areas of Atlanta, Georgia increased in December 2013 compared to July 2013.',
  'No, the nighttime light intensity in urban areas of Atlanta, Georgia did not increase in December 2013 compared to July 2013.'
);

print('Answer to Research Question:', comparison_result);

// Add additional analysis: urban mask to focus only on urban areas
// Use the Global Human Settlement Layer for urban areas
var ghsl = ee.ImageCollection('JRC/GHSL/P2016/SMOD_POP_GLOBE_V1')
  .filter(ee.Filter.date('2015-01-01', '2015-12-31'))
  .first();

// Extract urban areas (classes 2 and 3 are urban clusters and urban centers)
var urbanMask = ghsl.gte(2).clip(atlanta);

// Apply urban mask to the nightlight data
var atlanta_urban_july = atlanta_lights_july.updateMask(urbanMask);
var atlanta_urban_dec = atlanta_lights_dec.updateMask(urbanMask);

// Recalculate mean values for urban areas only
var urban_mean_july = atlanta_urban_july.reduceRegion({
  reducer: ee.Reducer.mean(),
  geometry: atlanta,
  scale: 500,
  maxPixels: 1e9
});

var urban_mean_dec = atlanta_urban_dec.reduceRegion({
  reducer: ee.Reducer.mean(),
  geometry: atlanta,
  scale: 500,
  maxPixels: 1e9
});

// Print urban-only results
print('Atlanta Urban Areas Mean Nighttime Light July 2013:', urban_mean_july);
print('Atlanta Urban Areas Mean Nighttime Light December 2013:', urban_mean_dec);

// Calculate urban-only percent change
var urban_july_mean = urban_mean_july.get('avg_rad');
var urban_dec_mean = urban_mean_dec.get('avg_rad');

var urban_percent_change = ee.Number(urban_dec_mean).subtract(urban_july_mean)
  .divide(urban_july_mean).multiply(100);

print('Percent change in urban areas nighttime light intensity (July-December 2013):', urban_percent_change);

// Final answer focused on urban areas
var urban_comparison_result = ee.Algorithms.If(
  ee.Number(urban_dec_mean).gt(ee.Number(urban_july_mean)),
  'Yes, the nighttime light intensity in urban areas of Atlanta, Georgia increased in December 2013 compared to July 2013.',
  'No, the nighttime light intensity in urban areas of Atlanta, Georgia did not increase in December 2013 compared to July 2013.'
);

print('Answer to Research Question (Urban Areas Only):', urban_comparison_result);",v1,290
Does the tropical rainfall rate increase in the western Pacific Ocean during 2009 compared to 1998?,,https://earthobservatory.nasa.gov/images/85571,,"1. The top map above shows the change in the rate of tropical rainfall between 1998 and 2009; the second map shows how much of that change is due to intense storms. Shades of green depict areas where the rate has increased, while shades of orange show areas where less rain has fallen. ",,,,https://code.earthengine.google.com/48b93e8b0dd9ba7b1d951c41af1a49b5,"// Load TRMM (Tropical Rainfall Measuring Mission) data for 1998 and 2009
// TRMM provides precipitation data across the tropics and subtropics
var dataset_1998 = ee.ImageCollection('TRMM/3B43V7')
                  .filter(ee.Filter.date('1998-01-01', '1998-12-31'));
var dataset_2009 = ee.ImageCollection('TRMM/3B43V7')
                  .filter(ee.Filter.date('2009-01-01', '2009-12-31'));

// Select the precipitation band (in mm/hr)
var precipitation_1998 = dataset_1998.select('precipitation');
var precipitation_2009 = dataset_2009.select('precipitation');

// Create a visualization parameter for the precipitation data
var precipVis = {
  min: 0,
  max: 0.6,  // in mm/hr
  palette: ['black', 'purple', 'blue', 'green', 'yellow', 'red'],
};

// Define the Western Pacific Ocean region
// The Western Pacific is commonly defined as the area from 100°E to 180°E
// The tropical band is typically between 23.5°N and 23.5°S
var westernPacific = ee.Geometry.Rectangle([120, -23.5, 180, 23.5]);

// Function to calculate mean rainfall rate for a specific dataset
function calculateMeanRainfall(dataset, region) {
  // Get the mean precipitation over the year (mm/hr)
  var meanPrecip = dataset.mean();
  
  // Calculate the average precipitation in the region
  var meanRegionalPrecip = meanPrecip.reduceRegion({
    reducer: ee.Reducer.mean(),
    geometry: region,
    scale: 25000,
    maxPixels: 1e12
  });
  
  return meanRegionalPrecip.get('precipitation');
}

// Calculate the mean precipitation for both years
var meanPrecip_1998 = calculateMeanRainfall(precipitation_1998, westernPacific);
var meanPrecip_2009 = calculateMeanRainfall(precipitation_2009, westernPacific);

// Calculate the absolute and percentage change
var absoluteChange = ee.Number(meanPrecip_2009).subtract(meanPrecip_1998);
var percentChange = absoluteChange.divide(meanPrecip_1998).multiply(100);

// Print the results
print('Mean Western Pacific Tropical Rainfall Rate 1998 (mm/hr):', meanPrecip_1998);
print('Mean Western Pacific Tropical Rainfall Rate 2009 (mm/hr):', meanPrecip_2009);
print('Absolute Change (mm/hr):', absoluteChange);
print('Percentage Change (%):', percentChange);
print('Did the rainfall rate increase in 2009?', ee.Number(meanPrecip_2009).gt(meanPrecip_1998));

// Visualization
Map.setCenter(140, 0, 3);

// Calculate annual mean precipitation for both periods
var meanPrecipImg_1998 = precipitation_1998.mean();
var meanPrecipImg_2009 = precipitation_2009.mean();

// Add layers to the map
Map.addLayer(meanPrecipImg_1998, precipVis, 'Mean Rainfall Rate 1998 (mm/hr)');
Map.addLayer(meanPrecipImg_2009, precipVis, 'Mean Rainfall Rate 2009 (mm/hr)', false);

// Create a difference image to show changes
var precipDifference = meanPrecipImg_2009.subtract(meanPrecipImg_1998);
var diffVis = {
  min: -0.1,
  max: 0.1,
  palette: ['brown', 'white', 'blue']
};
Map.addLayer(precipDifference, diffVis, 'Rainfall Change (2009-1998)');

// Add the Western Pacific boundary
Map.addLayer(ee.FeatureCollection(westernPacific), {color: 'black'}, 'Western Pacific Tropical Region', false);",v1,291
"Does the wind push ash from Sakurajima first east then south, rathar than first south then east after an eruption on May 21, 2015?",No,https://earthobservatory.nasa.gov/images/85936/plume-from-sakura-jima,,"1. Winds pushed ash from Sakura-jima south then east after an eruption on May 21, 2015.",,,,https://code.earthengine.google.com/a0ea9d1ebd7e32da4bc79933975a7b28,"// Load Landsat 8 Surface Reflectance data for May 21, 2015
var dataset = ee.ImageCollection('LANDSAT/LC08/C02/T1_L2')
              .filter(ee.Filter.date('2015-05-21', '2015-05-22'))
              .filterBounds(ee.Geometry.Point([130.6571, 31.5857])); // Sakura-jima coordinates

// Define Sakura-jima Volcano location
var volcano_point = ee.Geometry.Point([130.6571, 31.5857]); // Sakura-jima coordinates

// Create a buffer region around the volcano to analyze the plume direction
var volcano_region = volcano_point.buffer(100000); // 100km buffer to capture plume

// Function to scale Landsat 8 surface reflectance values
function applyScaleFactors(image) {
  // Select bands and apply scale factors
  var opticalBands = image.select('SR_B.')
    .multiply(0.0000275).add(-0.2); // Scale factor for L8 surface reflectance
  
  var thermalBands = image.select('ST_B.*')
    .multiply(0.00341802).add(149.0); // Scale factor for thermal bands
  
  // Replace original bands with scaled ones
  return image.addBands(opticalBands, null, true)
              .addBands(thermalBands, null, true);
}

// Apply scale factors
var landsat = dataset.map(applyScaleFactors);

// Select the latest image from the collection for that day
var landsatImage = landsat.sort('system:time_start', false).first();

// Define visualization parameters for true color image
var trueColorVis = {
  bands: ['SR_B4', 'SR_B3', 'SR_B2'],
  min: 0,
  max: 0.3
};

// Create a false color visualization to better highlight the ash plume
var falseColorVis = {
  bands: ['SR_B7', 'SR_B6', 'SR_B4'],
  min: 0,
  max: 0.3
};

// Create a false color visualization to better highlight the ash plume
var plumeColorVis = {
  bands: ['SR_B1'],
  min: 0.1,
  max: 0.4,
  palette: ['black', 'blue', 'green', ""yellow"", ""red""]
};

// Define regions to analyze directional movement of the ash plume
var shift_long = 0.2;
var shift_short = 0.1;

// South region from the volcano
var south_region = ee.Geometry.Rectangle({
  coords: [[130.6571 - shift_short, 31.5857 - shift_long], [130.6571 + shift_short, 31.5857 - shift_short]],
  geodesic: true
});

// East region from the volcano
var west_region = ee.Geometry.Rectangle({
  coords: [[130.6571 + shift_short, 31.5857 - shift_short], [130.6571 + shift_long, 31.5857 + shift_short]],
  geodesic: true
});

// Southwest region from the volcano
var southwest_region = ee.Geometry.Rectangle({
  coords: [[130.6571, 31.5857 - shift_long], [130.6571 + shift_long, 31.5857]],
  geodesic: true
});

// Function to calculate ash plume presence in a region
function calculatePlumePresence(image, region) {
  // For Landsat 8, use aerosol band (B1) and brightness to identify ash
  // Ash tends to have high reflectance in the blue band and specific thermal signatures
  var plume = image.select('SR_B1').gt(0.1);
  
  var pixelCount = plume.reduceRegion({
    reducer: ee.Reducer.sum(),
    geometry: region,
    scale: 30, // Landsat resolution is 30m
    maxPixels: 1e12
  });
  
  return pixelCount.get('SR_B1');
}

// Calculate plume presence in different regions
var south_count = calculatePlumePresence(landsatImage, south_region);
var west_count = calculatePlumePresence(landsatImage, west_region);
var southwest_count = calculatePlumePresence(landsatImage, southwest_region);

// Calculate ratios to determine predominant direction
var south_west_ratio = ee.Number(south_count).divide(ee.Number(west_count));
var southwest_west_ratio = ee.Number(southwest_count).divide(ee.Number(west_count));
var southwest_south_ratio = ee.Number(southwest_count).divide(ee.Number(south_count));

// Print the results
print('Date of image:', landsatImage.date().format('YYYY-MM-dd'));
print('Plume pixel count in southern region:', south_count);
print('Plume pixel count in western region:', west_count);
print('Plume pixel count in southwestern region:', southwest_count);
print('South/East ratio:', south_west_ratio);
print('Southwest/East ratio:', southwest_west_ratio);
print('Southwest/South ratio:', southwest_south_ratio);

// Is the plume moving south then west? (Higher concentration south than west)
print('Is plume moving south then west?', ee.Number(south_count).gt(west_count));

// Create styles for the analysis regions
var south_style = {color: 'red', fillColor: 'FF000022'};
var west_style = {color: 'blue', fillColor: '0000FF22'};
var southwest_style = {color: 'green', fillColor: '00FF0022'};

// Center the map on the volcano
Map.setCenter(130.6571, 31.5857, 10);

// Add layers to the map
Map.addLayer(landsatImage, trueColorVis, 'Landsat 8 True Color (2015-05-21)');
Map.addLayer(landsatImage, falseColorVis, 'Landsat 8 False Color (2015-05-21)', false);
Map.addLayer(landsatImage, plumeColorVis, 'Landsat 8 Plume Color (2015-05-21)');
Map.addLayer(ee.FeatureCollection(volcano_point), {color: 'yellow'}, 'Sakura-jima Volcano');
Map.addLayer(ee.FeatureCollection(south_region), south_style, 'Southern Region');
Map.addLayer(ee.FeatureCollection(west_region), west_style, 'Eastern Region');
Map.addLayer(ee.FeatureCollection(southwest_region), southwest_style, 'Southwestern Region');",v1,292
"Did the Indus Basin aquifer region centered at coordinates 31.998723, 73.931617 (within a 10km radius) experience significant groundwater decline between 2003 and 2013?",,https://earthobservatory.nasa.gov/images/86263/global-groundwater-basins-in-distress,,"1. The Indus Basin aquifer of northwestern India and Pakistan is the second-most overstressed, and the Murzuk-Djado Basin in northern Africa is third.",,,,https://code.earthengine.google.com/82513a896806064e4349174b92abee07,"// Define the center point and create a 10km buffer for analysis
var centerPoint = ee.Geometry.Point([73.931617, 31.998723]);
var regionOfInterest = centerPoint.buffer(10000); // 10 km radius in meters

// Define time periods for comparison
var startDate2003 = ee.Date('2003-01-01');
var endDate2003 = ee.Date('2003-12-31');

var startDate2013 = ee.Date('2013-01-01');
var endDate2013 = ee.Date('2013-12-31');

// Function to get GRACE data for a specific time period
function getGraceData(startDate, endDate) {
  return ee.ImageCollection('NASA/GRACE/MASS_GRIDS/LAND')
    .filterDate(startDate, endDate)
    .select(['lwe_thickness_csr'])  // Using CSR solution
    .mean();  // Get mean for the time period
}

// Get GRACE data for 2003 and 2013
var grace2003 = getGraceData(startDate2003, endDate2003);
var grace2013 = getGraceData(startDate2013, endDate2013);

// Calculate the difference between 2013 and 2003
// Negative values indicate groundwater depletion
var graceDifference = grace2013.subtract(grace2003);

// Get statistics for the region of interest
var stats = graceDifference.reduceRegion({
  reducer: ee.Reducer.mean(),
  geometry: regionOfInterest,
  scale: 25000, // GRACE resolution is coarse (approximately 25 km)
  maxPixels: 1e9
});

// Define visualization parameters
var changeVis = {
  min: -10,
  max: 10,
  palette: ['8B0000', 'FF4500', 'FFFF00', 'FFFFFF', '00FFFF', '0000FF', '000080']
};

// Create visualization layers
var grace2003Vis = {
  min: -15,
  max: 15,
  palette: ['8B0000', 'FF4500', 'FFFF00', 'FFFFFF', '00FFFF', '0000FF', '000080']
};

var grace2013Vis = {
  min: -15,
  max: 15,
  palette: ['8B0000', 'FF4500', 'FFFF00', 'FFFFFF', '00FFFF', '0000FF', '000080']
};

// Add layers to the map
Map.centerObject(regionOfInterest, 8);
Map.addLayer(grace2003, grace2003Vis, 'GRACE LWE 2003');
Map.addLayer(grace2013, grace2013Vis, 'GRACE LWE 2013');
Map.addLayer(graceDifference, changeVis, 'LWE Change 2003-2013');
Map.addLayer(regionOfInterest, {color: 'yellow', fillColor: '00000000'}, '10km Radius Region');
Map.addLayer(centerPoint, {color: 'red', pointSize: 5}, 'Center Point');

// Print results
print('Study area: Indus Basin aquifer of northwestern India and Pakistan');
print('Center coordinates: 31.998723, 73.931617');
print('Analysis radius: 10 km');

// Extract the mean groundwater change value for the region
print('Mean change in liquid water equivalent thickness (cm):', stats.get('lwe_thickness_csr'));

// Function to evaluate significance of change
graceDifference.reduceRegion({
  reducer: ee.Reducer.mean(),
  geometry: regionOfInterest,
  scale: 25000
}).evaluate(function(result) {
  var change = result.lwe_thickness_csr;
  var message = '';
  
  if (change === null || change === undefined) {
    message = 'Unable to compute groundwater change - data may be unavailable for this region.';
  } else if (change < -3) {
    message = 'SIGNIFICANT DEPLETION: The analysis shows substantial groundwater loss in this region between 2003 and 2013.';
  } else if (change < -1) {
    message = 'MODERATE DEPLETION: The analysis shows moderate groundwater loss in this region between 2003 and 2013.';
  } else if (change < 1 && change > -1) {
    message = 'MINIMAL CHANGE: The analysis shows minimal change in groundwater in this region between 2003 and 2013.';
  } else if (change > 1 && change < 3) {
    message = 'MODERATE INCREASE: The analysis shows moderate groundwater increase in this region between 2003 and 2013.';
  } else {
    message = 'SIGNIFICANT INCREASE: The analysis shows substantial groundwater increase in this region between 2003 and 2013.';
  }
  
  print('CONCLUSION:', message);
  
  // Note about GRACE resolution limitations
  print('NOTE: GRACE has a coarse spatial resolution (approx. 300-400 km), so this analysis provides a regional trend rather than local details.');
});

// Add a time series analysis for monthly data
var graceCollection = ee.ImageCollection('NASA/GRACE/MASS_GRIDS/LAND')
  .filterDate('2003-01-01', '2013-12-31')
  .select(['lwe_thickness_csr']);

// Create a time series chart
var chart = ui.Chart.image.series({
  imageCollection: graceCollection,
  region: regionOfInterest,
  reducer: ee.Reducer.mean(),
  scale: 25000
}).setOptions({
  title: 'GRACE Liquid Water Equivalent Thickness Time Series (2003-2013)',
  vAxis: {title: 'LWE Thickness (cm)'},
  hAxis: {title: 'Date', format: 'yyyy-MM'},
  lineWidth: 1,
  pointSize: 3
});

print(chart);",v1,293
Did the city region increase in Orlando Florida from 1973 to 2014?,,https://earthobservatory.nasa.gov/images/86276/orlando-florida-four-decades-of-development,,"1. The spread of development is visible in these false-color images of greater Orlando. Acquired with the Landsat series of satellites, the scenes are shown in green, red, and near-infrared light, a combination that helps differentiate components of the landscape. Water is black, vegetation is red, and urban areas are brown to gray.",,,,https://code.earthengine.google.com/41e34d9ade44c8650fee574b7717a6fd,"// Load GHSL built-up surface data for 1975 and 2020
var image_1975 = ee.Image('JRC/GHSL/P2023A/GHS_BUILT_S/1975');
var built_1975 = image_1975.select('built_surface');
var image_2020 = ee.Image('JRC/GHSL/P2023A/GHS_BUILT_S/2020');
var built_2020 = image_2020.select('built_surface');

// Define Orlando area
var orlando = ee.Geometry.Point([-81.3789, 28.5384]).buffer(30000);  // 30km buffer around Orlando

// Visualization parameters
var visParams = {min: 0.0, max: 8000.0, palette: ['000000', 'FFFFFF']};

// Calculate built-up area within Orlando region for both years
var area_1975 = built_1975.gt(0).multiply(ee.Image.pixelArea()).reduceRegion({
  reducer: ee.Reducer.sum(),
  geometry: orlando,
  scale: 100,
  maxPixels: 1e10
});

var area_2020 = built_2020.gt(0).multiply(ee.Image.pixelArea()).reduceRegion({
  reducer: ee.Reducer.sum(),
  geometry: orlando,
  scale: 100,
  maxPixels: 1e10
});

// Print results
print('Built-up area in Orlando (1975):', area_1975.get('built_surface'), 'square meters');
print('Built-up area in Orlando (2020):', area_2020.get('built_surface'), 'square meters');

// Calculate percentage increase
var area_1975_val = ee.Number(area_1975.get('built_surface'));
var area_2020_val = ee.Number(area_2020.get('built_surface'));
var percent_increase = area_2020_val.subtract(area_1975_val).divide(area_1975_val).multiply(100);
print('Percentage increase in built-up area:', percent_increase, '%');

// Visualize the built-up area change
var built_diff = built_2020.subtract(built_1975);

// Create a mask to show only areas that changed from non-built to built
var new_development = built_1975.eq(0).and(built_2020.gt(0));

// Display layers
Map.centerObject(orlando, 10);
Map.addLayer(built_1975.clip(orlando), visParams, 'Built-up surface (1975)');
Map.addLayer(built_2020.clip(orlando), visParams, 'Built-up surface (2020)');
Map.addLayer(new_development.clip(orlando), {palette: ['red']}, 'New development (1975-2020)');",v1,294
Was soil moisture higher at the Coastal Sage UCI station in California during January 2013 than during May 2013?,,https://earthobservatory.nasa.gov/images/87036/soil-moisture-in-the-united-states,,"1. Data from ground sensors, updated every 30 minutes, can help farmers quickly figure out where there is inadequate moisture in their fields. The plot below the map shows the level of detail provided by data from the Coastal Sage UCI station in California.",,,,https://code.earthengine.google.com/a7804163bf34f42db2c33b672325bfc3,"// Define the location of Coastal Sage UCI station in California
// Approximate coordinates for UCI Coastal Sage location
var coastalSageUCI = ee.Geometry.Point(-117.845, 33.642);

// Create a small buffer around the station point to account for pixel resolution
var stationBuffer = coastalSageUCI.buffer(500);  // 500m buffer

// Load GLDAS soil moisture data for January 2013
var gldas_jan2013 = ee.ImageCollection('NASA/GLDAS/V021/NOAH/G025/T3H')
                  .filter(ee.Filter.date('2013-01-01', '2013-01-31'))
                  .select('SoilMoi0_10cm_inst');  // 0-10cm soil moisture

// Load GLDAS soil moisture data for January 2014
var gldas_jan2014 = ee.ImageCollection('NASA/GLDAS/V021/NOAH/G025/T3H')
                  .filter(ee.Filter.date('2013-05-01', '2013-05-31'))
                  .select('SoilMoi0_10cm_inst');  // 0-10cm soil moisture

// Function to calculate mean soil moisture for a specific dataset at the station
function calculateStationSoilMoisture(dataset, stationGeometry) {
  // Get the mean soil moisture over the time period
  var meanSoilMoisture = dataset.mean();
  
  // Calculate the average soil moisture at the station
  var stationSoilMoisture = meanSoilMoisture.reduceRegion({
    reducer: ee.Reducer.mean(),
    geometry: stationGeometry,
    scale: 25000,  // Scale in meters (25km for GLDAS data)
    maxPixels: 1e12
  });
  
  return stationSoilMoisture;
}

// Calculate the mean soil moisture for both time periods
var soilMoisture_jan2013 = calculateStationSoilMoisture(gldas_jan2013, stationBuffer);
var soilMoisture_jan2014 = calculateStationSoilMoisture(gldas_jan2014, stationBuffer);

// Get the soil moisture values
var soilMoistureValue_jan2013 = soilMoisture_jan2013.get('SoilMoi0_10cm_inst');
var soilMoistureValue_jan2014 = soilMoisture_jan2014.get('SoilMoi0_10cm_inst');

// Calculate the absolute and percentage change
var absoluteChange = ee.Number(soilMoistureValue_jan2014).subtract(soilMoistureValue_jan2013);
var percentChange = absoluteChange.divide(soilMoistureValue_jan2013).multiply(100);

// Determine if January 2013 has higher soil moisture than January 2014
var jan2013Higher = ee.Number(soilMoistureValue_jan2013).gt(soilMoistureValue_jan2014);

// Print the results
print('Coastal Sage UCI Station Soil Moisture January 2013 (kg/m²):', soilMoistureValue_jan2013);
print('Coastal Sage UCI Station Soil Moisture January 2014 (kg/m²):', soilMoistureValue_jan2014);
print('Absolute Change (kg/m²):', absoluteChange);
print('Percentage Change (%):', percentChange);
print('Does January 2013 show higher soil moisture than January 2014?', jan2013Higher);

// Visualization
// Create visualization parameters
var soilMoistureVis = {
  min: 0,
  max: 28,  // kg/m^2 for GLDAS
  palette: ['red', 'orange', 'yellow', 'green', 'blue'],
};

// Calculate monthly mean soil moisture for both periods
var meanSoilMoistureImg_jan2013 = gldas_jan2013.mean();
var meanSoilMoistureImg_jan2014 = gldas_jan2014.mean();

// Define California boundary for context
var california = ee.FeatureCollection('TIGER/2018/States')
                  .filter(ee.Filter.eq('NAME', 'California'));

// Center the map on the station
Map.centerObject(coastalSageUCI, 10);

// Add layers to the map
Map.addLayer(meanSoilMoistureImg_jan2013.clip(california), soilMoistureVis, 'Soil Moisture January 2013');
Map.addLayer(meanSoilMoistureImg_jan2014.clip(california), soilMoistureVis, 'Soil Moisture January 2014');

// Create a difference image to show changes
var soilMoistureDifference = meanSoilMoistureImg_jan2014.subtract(meanSoilMoistureImg_jan2013);
var diffVis = {
  min: -5,
  max: 5,
  palette: ['red', 'white', 'blue'],
};
Map.addLayer(soilMoistureDifference.clip(california), diffVis, 'Soil Moisture Change (Jan 2014 - Jan 2013)');

// Add the station location and buffer
Map.addLayer(coastalSageUCI, {color: 'black'}, 'Coastal Sage UCI Station');
Map.addLayer(stationBuffer, {color: 'yellow', fillColor: 'yellow'}, 'Station Buffer (500m)');",v1,295
"Based on satellite imagery from November 29, 2015, are both the locations (46.929987337866386, -119.02882425044682) and (43.19114225407087, -119.70997639198902) covered by clouds or fogs?",No,https://earthobservatory.nasa.gov/images/87125/shades-of-white,,"1. Note how snow and clouds can be difficult to distinguish from each other. The second, false-color image was composed from blue and shortwave infrared light (MODIS bands 3-6-7, or 479 nm: 1,652 nm: 2,155 nm). ",,,,https://code.earthengine.google.com/c18e3f5fe2a5a3574f152b604fea0f7c,"// Analysis of cloud vs snow coverage for two specific regions
// Date: November 29, 2015
// Using Google Earth Engine (GEE) JavaScript API

// Define the two regions of interest using points and a buffer
var region1 = ee.Geometry.Point([-119.02882425044682, 46.929987337866386]).buffer(5000); // 5km buffer
var region2 = ee.Geometry.Point([-121.12721292232182, 44.504076930305435]).buffer(5000); // 5km buffer

// Create a feature collection for visualization purposes
var regions = ee.FeatureCollection([
  ee.Feature(region1, {name: 'Region 1'}),
  ee.Feature(region2, {name: 'Region 2'})
]);

// Load MODIS Terra data for November 29, 2015
// Using MOD09GA product which has 500m resolution and includes cloud state information
var modisImage = ee.ImageCollection('MODIS/061/MOD09GA')
  .filter(ee.Filter.date('2015-11-29', '2015-11-30'))
  .first();

// Load MODIS Terra snow cover product for the same date
var modisSnow = ee.ImageCollection('MODIS/061/MOD10A1')
  .filter(ee.Filter.date('2015-11-29', '2015-11-30'))
  .first();

// If MODIS/061/MOD10A1 doesn't have data, calculate NDSI ourselves
// NDSI = (Green - SWIR) / (Green + SWIR) = (Band 4 - Band 6) / (Band 4 + Band 6)
function calculateNDSI(image) {
  var green = image.select('sur_refl_b04'); // Green (band 4)
  var swir = image.select('sur_refl_b06');  // SWIR (band 6)
  
  // Calculate NDSI
  var ndsi = green.subtract(swir).divide(green.add(swir)).rename('NDSI');
  
  return ndsi;
}

var ndsiImage = calculateNDSI(modisImage);

// Function to extract cloud flag from MODIS QA band (bit 0-1)
function extractCloudMask(image) {
  var qa = image.select('state_1km');
  // Cloud state: 0=clear, 1=cloudy, 2=mixed, 3=not set, fill value
  var cloudState = qa.bitwiseAnd(3);  // 3 is binary 11, which gets the first two bits
  var cloudMask = cloudState.eq(1);   // 1 means cloudy
  return cloudMask;
}

// Get cloud mask
var cloudMask = extractCloudMask(modisImage);

// Define snow threshold based on NDSI
// NDSI > 0.4 is generally considered snow
var snowThreshold = 0.4;
var snowMask = ndsiImage.gt(snowThreshold);

// Function to analyze a region
function analyzeRegion(region, name) {
  // Calculate cloud percentage
  var cloudPercent = cloudMask.reduceRegion({
    reducer: ee.Reducer.mean(),
    geometry: region,
    scale: 500, // MODIS resolution
    maxPixels: 1e12
  }).get('state_1km');
  
  // Calculate snow percentage using NDSI
  var snowPercent = snowMask.reduceRegion({
    reducer: ee.Reducer.mean(),
    geometry: region,
    scale: 500,
    maxPixels: 1e12
  }).get('NDSI');
  
  // Get the average NDSI value
  var avgNDSI = ndsiImage.reduceRegion({
    reducer: ee.Reducer.mean(),
    geometry: region,
    scale: 500,
    maxPixels: 1e12
  }).get('NDSI');
  
  // Determine if region is more likely cloud or snow
  // If cloudPercent > 0.5, we consider it mostly cloudy
  // If snowPercent > 0.5, we consider it mostly snow
  var isCloud = ee.Number(cloudPercent).gt(0.5);
  var isSnow = ee.Number(snowPercent).gt(0.5);
  
  // Print the results
  print(name + ' Analysis:');
  print('- Cloud coverage (%)', ee.Number(cloudPercent).multiply(100));
  print('- Snow coverage (NDSI > 0.4) (%)', ee.Number(snowPercent).multiply(100));
  print('- Average NDSI value', avgNDSI);
  print('- Is primarily cloud covered?', isCloud);
  print('- Is primarily snow covered?', isSnow);
  
  return ee.Feature(null, {
    'region': name,
    'cloud_percent': ee.Number(cloudPercent).multiply(100),
    'snow_percent': ee.Number(snowPercent).multiply(100),
    'avg_ndsi': avgNDSI,
    'is_cloud': isCloud,
    'is_snow': isSnow
  });
}

// Analyze both regions
var region1Analysis = analyzeRegion(region1, 'Region 1');
var region2Analysis = analyzeRegion(region2, 'Region 2');

// Combine analyses
var allAnalyses = ee.FeatureCollection([region1Analysis, region2Analysis]);

// Determine the answer to the question
var bothCloud = ee.Number(region1Analysis.get('is_cloud'))
  .and(ee.Number(region2Analysis.get('is_cloud')));
var eitherSnow = ee.Number(region1Analysis.get('is_snow'))
  .or(ee.Number(region2Analysis.get('is_snow')));

print('Answer to question:');
print('Are both regions covered by cloud?', bothCloud);
print('Is either region covered by snow?', eitherSnow);
print('Therefore, is it true that both regions are covered by cloud, not snow?', 
      bothCloud.and(eitherSnow.not()));

// Visualization parameters
var visParams = {
  bands: ['sur_refl_b01', 'sur_refl_b04', 'sur_refl_b03'],
  min: 0,
  max: 3000
};

var ndsiVis = {
  min: -1,
  max: 1,
  palette: ['blue', 'white']
};

var cloudVis = {
  min: 0,
  max: 1,
  palette: ['black', 'cyan']
};

var snowVis = {
  min: 0,
  max: 1,
  palette: ['black', 'white']
};

// Center map on the midpoint between the two regions
var midpoint = ee.Geometry.Point([
  (region1.centroid().coordinates().get(0).getInfo() + 
   region2.centroid().coordinates().get(0).getInfo()) / 2,
  (region1.centroid().coordinates().get(1).getInfo() + 
   region2.centroid().coordinates().get(1).getInfo()) / 2
]);

Map.centerObject(midpoint, 7);

// Add layers to the map
Map.addLayer(modisImage, visParams, 'MODIS True Color');
Map.addLayer(ndsiImage, ndsiVis, 'NDSI');
Map.addLayer(cloudMask, cloudVis, 'Cloud Mask');
Map.addLayer(snowMask, snowVis, 'Snow Mask (NDSI > 0.4)');
Map.addLayer(regions, {color: 'red'}, 'Regions of Interest');

// Summary statement
print('Summary for November 29, 2015:');
print('Region 1 (-119.02882425044682, 46.929987337866386) is primarily ' + 
      (region1Analysis.get('is_cloud').getInfo() ? 'cloud-covered' : 'not cloud-covered') + 
      ' and ' + 
      (region1Analysis.get('is_snow').getInfo() ? 'snow-covered' : 'not snow-covered'));
print('Region 2 (-121.12721292232182, 44.624076930305435) is primarily ' + 
      (region2Analysis.get('is_cloud').getInfo() ? 'cloud-covered' : 'not cloud-covered') + 
      ' and ' + 
      (region2Analysis.get('is_snow').getInfo() ? 'snow-covered' : 'not snow-covered'));",v1,296
"Was a phytoplankton bloom visible between 56° to 68° South latitude on January 13, 2016?",,https://earthobservatory.nasa.gov/images/87465/oxygen-factories-in-the-southern-ocean,,The parcel of blooming ocean—at least that part visible through the break in the clouds—stretched from 56° to 68° South latitude,,,VIIRS,,,v2,297
"Does the northern Pacific Ocean at an eastern location (48.504441, -137.527803) exhibit a higher sea surface temperature anomaly during January 1-31, 2016, compared to a western location (46.750838, -169.318365)? The anomaly is calculated against the baseline average from 2003 to 2012.",,https://earthobservatory.nasa.gov/images/87513/the-demise-of-the-warm-blob,,"1. In July 2015, temperatures were unusually warm across a large swath from the Gulf of Alaska to the California coast. ",,,,https://code.earthengine.google.com/65bba9b5089d9268bc414acd98cd0336,"// Define the study date
var studyDate = '2019-08-04';

// Define the two points of interest
var southPoint = ee.Geometry.Point([110.2273416, -8.879787]);
var northPoint = ee.Geometry.Point([109.953683,-5.741852]);

// Create a buffer around each point for analysis
var southRegion = southPoint.buffer(15000); // 15km buffer
var northRegion = northPoint.buffer(15000); // 15km buffer

// Load NASA MODIS-Aqua ocean color data 
var modisOcean = ee.ImageCollection('NASA/OCEANDATA/MODIS-Aqua/L3SMI')
                  .filter(ee.Filter.date(studyDate, ee.Date.parse('yyyy-MM-dd', studyDate).advance(1, 'day')));

// Select the chlorophyll-a band
var chlorophyll = modisOcean.select('chlor_a');

// Composite the collection to get a single image
var chlorImage = chlorophyll.mean();

// Define visualization parameters for chlorophyll
var chlorVis = {
  min: 0.05,
  max: 2,
  palette: ['000022', '0000ff', '00ffff', 'ffff00', 'ff0000', '990000'],
};

// Calculate statistics for both regions
var southStats = chlorImage.reduceRegion({
  reducer: ee.Reducer.mean(),
  geometry: southRegion,
  scale: 1000,
  maxPixels: 1e9
});

var northStats = chlorImage.reduceRegion({
  reducer: ee.Reducer.mean(),
  geometry: northRegion,
  scale: 1000,
  maxPixels: 1e9
});

// Extract values
var southChlor = southStats.get('chlor_a');
var northChlor = northStats.get('chlor_a');

// Print results
print('Date of Analysis:', studyDate);
print('Chlorophyll-a Concentration in Southern Sea Region (mg/m³):', southChlor);
print('Chlorophyll-a Concentration in Northern Sea of Java (mg/m³):', northChlor);
print('Is Southern Region Concentration Higher?', ee.Number(southChlor).gt(northChlor));
print('Difference (South - North) in mg/m³:', ee.Number(southChlor).subtract(northChlor));

// Load true color RGB data for the same date
// Use MODIS Terra Surface Reflectance for RGB visualization
var modisRGB = ee.ImageCollection('MODIS/006/MOD09GA')
               .filter(ee.Filter.date(studyDate, ee.Date.parse('yyyy-MM-dd', studyDate).advance(1, 'day')));

// Define RGB visualization
var rgbVis = {
  min: 0,
  max: 3000,
  bands: ['sur_refl_b01', 'sur_refl_b04', 'sur_refl_b03'],
};

// Create a composite for RGB
var rgbImage = modisRGB.mean();

// Set map center between the two points
var centerLon = (108.055382 + 109.509897) / 2;
var centerLat = (-9.159546 + -5.946943) / 2;
Map.setCenter(centerLon, centerLat, 7);

// Add layers to map
Map.addLayer(rgbImage, rgbVis, 'RGB Image (August 4, 2019)');
Map.addLayer(chlorImage, chlorVis, 'Chlorophyll-a Concentration');

// Add the analysis regions
Map.addLayer(southRegion, {color: 'yellow'}, 'Southern Sea Region');
Map.addLayer(northRegion, {color: 'red'}, 'Northern Sea of Java');

// Add points for exact locations
Map.addLayer(ee.FeatureCollection([
  ee.Feature(southPoint, {name: 'South Point'}),
  ee.Feature(northPoint, {name: 'North Point'})
]), {color: 'white'}, 'Analysis Points');

// Create a mask showing where chlorophyll is higher than a threshold
var highChlorThreshold = 0.5; // 0.5 mg/m³ threshold (adjust based on typical values)
var highChlorMask = chlorImage.gt(highChlorThreshold);
Map.addLayer(highChlorMask.selfMask(), {palette: ['green']}, 'Areas of High Chlorophyll', false);

// Optional: add labels to the points
// Note: Earth Engine doesn't support text labels directly, so we use points with distinctive styling

// Optional: Create a more detailed analysis comparing the distribution of values
// Calculate additional statistics
var extendedSouthStats = chlorImage.reduceRegion({
  reducer: ee.Reducer.mean().combine({
    reducer2: ee.Reducer.stdDev(),
    sharedInputs: true
  }).combine({
    reducer2: ee.Reducer.percentile([25, 50, 75]),
    sharedInputs: true
  }).combine({
    reducer2: ee.Reducer.minMax(),
    sharedInputs: true
  }),
  geometry: southRegion,
  scale: 1000,
  maxPixels: 1e9
});

var extendedNorthStats = chlorImage.reduceRegion({
  reducer: ee.Reducer.mean().combine({
    reducer2: ee.Reducer.stdDev(),
    sharedInputs: true
  }).combine({
    reducer2: ee.Reducer.percentile([25, 50, 75]),
    sharedInputs: true
  }).combine({
    reducer2: ee.Reducer.minMax(),
    sharedInputs: true
  }),
  geometry: northRegion,
  scale: 1000,
  maxPixels: 1e9
});

print('Extended Statistics - Southern Region:', extendedSouthStats);
print('Extended Statistics - Northern Region:', extendedNorthStats);",v1,298
Does the land surface temperature in Thailand increase in April 2016 compared to April 2001-2010 average?,,https://earthobservatory.nasa.gov/images/87981,,"1. But April 2016 was not your typical April. Throughout the month, ground-based measurements of air temperatures soared above average; one location in Thailand even broke the national record.
2. Satellite observations show a similarly hot picture. The map above shows land surface temperatures from April 2016 compared to the 2001–2010 average for the same month. Red areas were hotter than the long-term average by as much as 12 degrees Celsius (22 degrees Fahrenheit) in some places; blue areas were below average.
",,,,https://code.earthengine.google.com/e4284ec48959ca5d3f6aeab00d30becc,"// Define Southeast Asia boundary
var seaCountries = ['Myanmar', 'Thailand', 'Laos', 'Vietnam', 'Cambodia', 
                    'Malaysia', 'Singapore'];

var sea = ee.FeatureCollection(""USDOS/LSIB_SIMPLE/2017"")
  .filter(ee.Filter.inList('country_na', seaCountries));

// Load MODIS Land Surface Temperature dataset
var modisLST = ee.ImageCollection(""MODIS/006/MOD11A2"");

// Define the target period (April 2016)
var targetStartDate = ee.Date('2016-04-01');
var targetEndDate = ee.Date('2016-04-30');

// Define the historical reference period (2001-2010)
var startYear = 2001;
var endYear = 2010;

// Select land surface temperature band
var lstBand = 'LST_Day_1km';

// Function to convert MODIS LST to Celsius
var convertToCelsius = function(image) {
  var lst = image.select(lstBand);
  // MODIS LST is stored as Kelvin * 0.02, so multiply by 0.02 to get Kelvin
  // then subtract 273.15 to convert to Celsius
  var lstCelsius = lst.multiply(0.02).subtract(273.15);
  return image.addBands(lstCelsius.rename('LST_Celsius'), null, true);
};

// Get LST data for April 2016
var lst2016 = modisLST
  .filter(ee.Filter.date(targetStartDate, targetEndDate))
  .map(convertToCelsius)
  .select('LST_Celsius')
  .mean();

// Function to get April data for a given year
var getAprilData = function(year) {
  var startDate = ee.Date.fromYMD(year, 4, 1);
  var endDate = ee.Date.fromYMD(year, 4, 30);
  return modisLST
    .filter(ee.Filter.date(startDate, endDate))
    .map(convertToCelsius)
    .select('LST_Celsius')
    .mean()
    .set('year', year);
};

// Create a list of years for the reference period
var years = ee.List.sequence(startYear, endYear);

// Get April LST data for each year in the reference period
var historicalCollection = ee.ImageCollection.fromImages(
  years.map(function(year) {
    return getAprilData(year);
  })
);

// Calculate the historical average for April
var historicalAverage = historicalCollection.mean();

// Calculate the anomaly (difference from historical average)
var lstAnomaly = lst2016.subtract(historicalAverage);

// Define visualization parameters
var lstVis = {
  min: 20,
  max: 40,
  palette: ['blue', 'purple', 'cyan', 'green', 'yellow', 'red']
};

var anomalyVis = {
  min: -3,
  max: 3,
  palette: ['blue', 'white', 'red']
};

// Center the map on Southeast Asia
Map.centerObject(sea, 4);

// Add Southeast Asia boundary
Map.addLayer(sea, {color: 'black'}, 'Southeast Asia Boundary');

// Add layers to the map
Map.addLayer(lst2016.clip(sea), lstVis, 'LST April 2016', false);
Map.addLayer(historicalAverage.clip(sea), lstVis, 'LST Historical Average (2001-2010)', false);
Map.addLayer(lstAnomaly.clip(sea), anomalyVis, 'LST Anomaly', true);

// Calculate regional statistics
var calculateRegionalStats = function(image, name) {
  return image.reduceRegion({
    reducer: ee.Reducer.mean(),
    geometry: sea,
    scale: 100000,
    maxPixels: 1e9
  });
};

// Get statistics
var current2016Stats = calculateRegionalStats(lst2016, '2016');
var historicalStats = calculateRegionalStats(historicalAverage, 'Historical');
var anomalyStats = calculateRegionalStats(lstAnomaly, 'Anomaly');

// Print results to console
print('===== LAND SURFACE TEMPERATURE ANALYSIS FOR SOUTHEAST ASIA =====');
print('Current (April 2016):', current2016Stats.get('LST_Celsius'), '°C');
print('Historical Average (2001-2010):', historicalStats.get('LST_Celsius'), '°C');
print('Anomaly:', anomalyStats.get('LST_Celsius'), '°C');

// Determine if there was an increase
var tempIncrease = ee.Number(anomalyStats.get('LST_Celsius')).gt(0);
print('Was Southeast Asia warmer in April 2016 compared to 2001-2010?', tempIncrease);",v1,299
"Did the inundation region in Texas (specifically within a 4km radius around coordinates 29.956182, -96.111167) increase on May 28, 2016, compared to May 4, 2013?",,https://earthobservatory.nasa.gov/images/88129/floodwaters-inundate-southeastern-texas,,"1. The Operational Land Imager (OLI) on Landsat 8 acquired these images of southeastern Texas on May 28, 2016 (top) and May 4, 2013 (second image). 
2. The top image shows flooding along the Brazos River just west of Monaville, while the second image shows the river when it was well within its banks. In 2014, the river nearly ran dry in places due to drought. The images below from the same days show the wider scale of the flooding.",,,,https://code.earthengine.google.com/91549d333d3fc7b793d66348ca0886f3,"// Define the location in Texas
var texasPoint = ee.Geometry.Point([-96.111167, 29.956182]);

// Create a 4km buffer around the point
var buffer = texasPoint.buffer(4000);

// Get the US States dataset and filter for Texas
var states = ee.FeatureCollection('TIGER/2018/States')
  .filter(ee.Filter.eq('NAME', 'Texas'));

// Load Landsat 8 imagery for the two dates
var before = ee.ImageCollection('LANDSAT/LC08/C02/T1_L2')
  .filterDate('2013-05-04', '2013-05-05')
  .filterBounds(buffer)
  .mosaic();
  
var after = ee.ImageCollection('LANDSAT/LC08/C02/T1_L2')
  .filterDate('2016-05-28', '2016-05-29')
  .filterBounds(buffer)
  .mosaic();

// Function to mask clouds using the quality band
function maskL8(image) {
  // Bit 0 - Fill
  // Bit 1 - Dilated Cloud
  // Bit 2 - Cirrus
  // Bit 3 - Cloud
  // Bit 4 - Cloud Shadow
  var qaMask = image.select('QA_PIXEL').bitwiseAnd(parseInt('11111', 2)).eq(0);

  // Apply the scaling factors to the appropriate bands
  var opticalBands = image.select('SR_B.').multiply(0.0000275).add(-0.2);
  var thermalBands = image.select('ST_B.*').multiply(0.00341802).add(149.0);

  // Replace the original bands with the scaled ones and apply the masks
  return image.addBands(opticalBands, null, true)
    .addBands(thermalBands, null, true)
    .updateMask(qaMask);
}

// Apply cloud mask
var beforeCloudMasked = maskL8(before);
var afterCloudMasked = maskL8(after);

// Calculate NDWI (Normalized Difference Water Index) for water detection
// Using Green (B3) and NIR (B5) bands
var ndwiBefore = beforeCloudMasked.normalizedDifference(['SR_B3', 'SR_B5']).rename('NDWI');
var ndwiAfter = afterCloudMasked.normalizedDifference(['SR_B3', 'SR_B5']).rename('NDWI');

// Apply threshold to identify water (NDWI > 0.1 typically indicates water)
var waterBefore = ndwiBefore.gt(0.1);
var waterAfter = ndwiAfter.gt(0.1);

// Calculate the intersection of the buffer with Texas state boundaries
var studyArea = buffer.intersection(states.geometry());

// Calculate water area for both dates within the study area
var areaBefore = waterBefore.multiply(ee.Image.pixelArea()).reduceRegion({
  reducer: ee.Reducer.sum(),
  geometry: studyArea,
  scale: 30,
  maxPixels: 1e9
});

var areaAfter = waterAfter.multiply(ee.Image.pixelArea()).reduceRegion({
  reducer: ee.Reducer.sum(),
  geometry: studyArea,
  scale: 30,
  maxPixels: 1e9
});

// Calculate the difference in water area
var waterAreaBefore = ee.Number(areaBefore.get('NDWI')).divide(1e6);
var waterAreaAfter = ee.Number(areaAfter.get('NDWI')).divide(1e6);
var difference = waterAreaAfter.subtract(waterAreaBefore);

// Print the water area in square kilometers
print('Water area on May 4, 2016 (sq km):', waterAreaBefore);
print('Water area on May 28, 2016 (sq km):', waterAreaAfter);
print('Difference (sq km):', difference);
print('Did inundation increase?', difference.gt(0));

// Create visualization parameters for water extent
var waterVisPalette = ['white', 'blue'];
var waterVis = {
  min: 0,
  max: 1,
  palette: waterVisPalette
};

// Create RGB visualization parameters for natural color imagery
var rgbVis = {
  bands: ['SR_B4', 'SR_B3', 'SR_B2'],
  min: 0.0,
  max: 0.3
};

// Create a visualization for the change in water extent
var waterDifference = waterAfter.subtract(waterBefore);
var waterDiffVis = {
  min: -1,
  max: 1,
  palette: ['red', 'white', 'blue']  // red: loss, white: no change, blue: gain
};

// Center the map on the study area
Map.centerObject(studyArea, 12);

// Add layers to the map
Map.addLayer(states.style({color: 'gray', fillColor: '00000000'}), {}, 'Texas State Boundary');
Map.addLayer(buffer, {color: 'red'}, '4km Buffer');
Map.addLayer(beforeCloudMasked, rgbVis, 'Landsat 8 - May 4, 2016 (RGB)', false);
Map.addLayer(afterCloudMasked, rgbVis, 'Landsat 8 - May 28, 2016 (RGB)', false);
Map.addLayer(waterBefore, waterVis, 'Water Extent - May 4, 2016');
Map.addLayer(waterAfter, waterVis, 'Water Extent - May 28, 2016');
Map.addLayer(waterDifference, waterDiffVis, 'Water Change (Blue = Increase, Red = Decrease)');",v1,300
"Does Lake Urmia show a lower water redness in July 18 compared to April 23, 2016?",No,https://earthobservatory.nasa.gov/images/88395/red-lake-urmia,,"1. The Moderate Resolution Imaging Spectroradiometer (MODIS) on NASA’s Aqua satellite recently captured a transition in the color of Lake Urmia between April and July 2016. On April 23, (left image) the water was green; by July 18, it was the color of wine.",,,,https://code.earthengine.google.com/de5bc80edc51410528fefa8dcd5d4b2e,"// Define Lake Urmia location
var lakeUrmiaPoint = ee.Geometry.Point([45.4776, 37.7156]);

// Define Lake Urmia boundary (approximate)
var lakeUrmiaBoundary = lakeUrmiaPoint.buffer(30000);  // 30km buffer to cover the lake

// Define date ranges
var aprilDate = ee.Date('2016-04-23');
var julyDate = ee.Date('2016-07-18');

// Helper function to get MODIS data for a specific date with a wider window (5 days)
// to ensure we get data (sometimes there are gaps in daily coverage)
function getMODISForDate(date) {
  var startDate = date.advance(-2, 'day');
  var endDate = date.advance(2, 'day');
  return ee.ImageCollection(""MODIS/061/MOD09GA"")
    .filterDate(startDate, endDate)
    .filter(ee.Filter.bounds(lakeUrmiaBoundary))
    .sort('system:time_start')
    .mosaic();
}

// Get MODIS data for both dates
var aprilImage = getMODISForDate(aprilDate);
var julyImage = getMODISForDate(julyDate);

// Function to calculate redness index using MODIS bands
// We'll use a simple Red/Green ratio to calculate a redness index, 
// which is originally designed for anthocyanin;
function calculateRednessIndex(image) {
  // Select Red (band 1) and Green (band 4) from MODIS
  // Scale the values by 0.0001 as per MODIS specifications
  var red = image.select('sur_refl_b01').multiply(0.0001);
  var green = image.select('sur_refl_b04').multiply(0.0001);
  
  // Calculate the simple Red/Green ratio
  // Higher values indicate more redness
  var redGreenRatio = red.divide(green).rename('redness_ratio');
  
  return redGreenRatio;
}

// Calculate Redness Index for both dates
var aprilRedness = calculateRednessIndex(aprilImage);
var julyRedness = calculateRednessIndex(julyImage);

// Create a more reliable water mask using NDWI (Normalized Difference Water Index)
// For MODIS, we'll use NIR (band 2) and Green (band 4)
function getWaterMask(image) {
  var green = image.select('sur_refl_b04').multiply(0.0001);
  var nir = image.select('sur_refl_b02').multiply(0.0001);
  
  // Calculate NDWI = (Green - NIR) / (Green + NIR)
  var ndwi = green.subtract(nir).divide(green.add(nir));
  
  // Use a threshold to identify water (NDWI > 0.3)
  var waterMask = ndwi.gt(0.3);
  return waterMask;
}

// Get water masks for both dates
var aprilWaterMask = getWaterMask(aprilImage);
var julyWaterMask = getWaterMask(julyImage);

// Combine water masks to get area that is water in both images
var waterMask = aprilWaterMask.and(julyWaterMask);

// Apply water mask to redness indices
var aprilRednessWater = aprilRedness.updateMask(waterMask);
var julyRednessWater = julyRedness.updateMask(waterMask);

// Function to calculate statistics for the lake region
function calculateStats(image, region, name) {
  var stats = image.reduceRegion({
    reducer: ee.Reducer.mean().combine({
      reducer2: ee.Reducer.stdDev(),
      sharedInputs: true
    }),
    geometry: region,
    scale: 500, // MODIS resolution
    maxPixels: 1e12
  });
  print(name + ' Statistics:', stats);
  return stats;
}

// Calculate statistics for both dates (water areas only)
var aprilStats = calculateStats(aprilRednessWater, lakeUrmiaBoundary, 'April 23, 2016 Redness');
var julyStats = calculateStats(julyRednessWater, lakeUrmiaBoundary, 'July 18, 2016 Redness');

// Compare Redness Index values to determine if redness increased
var aprilRednessMean = ee.Number(aprilStats.get('redness_ratio_mean'));
var julyRednessMean = ee.Number(julyStats.get('redness_ratio_mean'));

// Calculate the difference and percent change
var rednessDifference = julyRednessMean.subtract(aprilRednessMean);
var percentChange = rednessDifference.divide(aprilRednessMean).multiply(100);

// Print results
print('April 23, 2016 Mean Redness Index:', aprilRednessMean);
print('July 18, 2016 Mean Redness Index:', julyRednessMean);
print('Redness Index Difference (July - April):', rednessDifference);
print('Percent Change in Redness Index:', percentChange);
print('Did redness increase?', julyRednessMean.gt(aprilRednessMean));

// Visualization for Redness Index (Red/Green ratio)
var rednessVis = {
  min: 0.8,
  max: 1.6,
  palette: ['blue', 'cyan', 'yellow', 'orange', 'red']
};

// Add layers to the map
Map.centerObject(lakeUrmiaPoint, 9);

// Add the April Redness layer
Map.addLayer(aprilRednessWater.clip(lakeUrmiaBoundary), rednessVis, 'April 23, 2016 Redness');

// Add the July Redness layer
Map.addLayer(julyRednessWater.clip(lakeUrmiaBoundary), rednessVis, 'July 18, 2016 Redness');

// Add a difference layer to visualize change
var rednessChange = julyRednessWater.subtract(aprilRednessWater);
var changeVis = {
  min: -0.1,
  max: 0.1,
  palette: ['blue', 'white', 'red']
};
Map.addLayer(rednessChange.clip(lakeUrmiaBoundary), changeVis, 'Redness Change (July - April)');

// Add true color composites for visual reference
var trueColorVis = {
  bands: ['sur_refl_b01', 'sur_refl_b04', 'sur_refl_b03'],
  min: 0,
  max: 3000
};
Map.addLayer(aprilImage.clip(lakeUrmiaBoundary), trueColorVis, 'April 23, 2016 True Color');
Map.addLayer(julyImage.clip(lakeUrmiaBoundary), trueColorVis, 'July 18, 2016 True Color');

// Add the lake boundary
Map.addLayer(lakeUrmiaBoundary, {color: 'yellow'}, 'Lake Urmia Boundary');
Map.addLayer(ee.FeatureCollection([lakeUrmiaPoint]), {color: 'red', pointSize: 10}, 'Lake Urmia Center Point');",v1,301
"Was the land surface temperature in New Mexico higher on July 20-27, 2016 than the 2001-2010 average for the same period?",,https://earthobservatory.nasa.gov/images/88547/extreme-heat-for-an-extreme-year,,"For two states—Florida and New Mexico—July 2016 proved to be the hottest July on record... The three maps on this page show land surface temperature anomalies in Russia, the Middle East, and North America from July 20–27, 2016, compared to temperatures for the same dates from 2001 to 2010. ",,,MODIS-Terra,,,v2,302
Was the land surface temperature in New Mexico in July 2016 higher than in any other July over the past 30 years?,,https://earthobservatory.nasa.gov/images/88547/extreme-heat-for-an-extreme-year,,"For two states—Florida and New Mexico—July 2016 proved to be the hottest July on record... The three maps on this page show land surface temperature anomalies in Russia, the Middle East, and North America from July 20–27, 2016, compared to temperatures for the same dates from 2001 to 2010. ",,,MODIS-Terra,,,v2,303
"Was the land surface temperature, captured with MODIS Terra, in New York higher on July 20-27, 2016 than the 2001-2010 average for the same period?",,https://earthobservatory.nasa.gov/images/88547/extreme-heat-for-an-extreme-year,,"For two states—Florida and New Mexico—July 2016 proved to be the hottest July on record... The three maps on this page show land surface temperature anomalies in Russia, the Middle East, and North America from July 20–27, 2016, compared to temperatures for the same dates from 2001 to 2010. ",,,MODIS-Terra,,,v2,304
"Did nighttime light intensity across Puerto Rico decline between September 21, 2016, and September 22, 2016?",,https://earthobservatory.nasa.gov/images/88796/puerto-rico-goes-dark,,"Late on September 21, 2016, a fire at a power plant substation in southern Puerto Rico triggered a cascade of problems across the island’s aging electrical grid. The event knocked out power to nearly 1.5 million customers.

From space, the effects appeared dramatic. The Visible Infrared Imaging Radiometer Suite (VIIRS) on the Suomi NPP satellite captured these nighttime images of Puerto Rico before and after the outage. The upper image was acquired at 2:50 a.m. local time (06:50 Universal Time) on September 21, 2016; the lower image shows the island at 2:31 a.m. local time (06:31 Universal Time) on September 22, 2016.
",,,,https://code.earthengine.google.com/abceb0512674f66513dc9cf8439cc9d9,,v2,305
"Are more yellow areas visible in northern Lapland, Sweden, on October 10, 2016, than in September 2016",,https://earthobservatory.nasa.gov/images/88980/a-blaze-of-yellow,,"Fall in northern Sweden is a brief but spectacular affair. For a few weeks in October, alpine forests in this remote part of Swedish Lapland turn blazing shades of yellow and orange.

The Operational Land Imager (OLI) on the Landsat 8 satellite captured this image of hilly terrain in northern Lapland on October 10, 2016. Birch forests growing along stream valleys are probably the source of most of the color, though other deciduous shrubs and understory plants surely contribute as well. Some of the hills have a dusting of snow. The southern Sun’s low angle above the horizon draws long, dark shadows across the landscape.
",,,,,,v2,306
Did Cambodia experience forest loss between 2001 and 2014?,,https://earthobservatory.nasa.gov/images/89413/cambodias-forests-are-disappearing,,"1. Between 2001 and 2014, the annual forest loss rate in Cambodia increased by 14.4 percent. ",,,,https://code.earthengine.google.com/c82285bf91cc9aae113b4a4c0686e543,"// Define Cambodia boundary
var cambodia = ee.FeatureCollection(""USDOS/LSIB_SIMPLE/2017"")
  .filter(ee.Filter.eq('country_na', 'Cambodia'));

// Load Hansen Global Forest Change dataset (v1.7)
var hansen = ee.Image(""UMD/hansen/global_forest_change_2017_v1_5"");

// Extract the layers we need
var treecover2000 = hansen.select('treecover2000');  // Forest cover in year 2000
var lossYear = hansen.select('lossyear');  // Year of forest loss (0 = no loss, 1-17 = 2001-2017)

// Create a binary forest loss mask for 2001-2014
// Values 1-14 represent loss years 2001-2014
var forestLoss = lossYear.gte(1).and(lossYear.lte(14));

// Calculate statistics for Cambodia
// First, get forest cover in 2000
var forestArea2000 = treecover2000.gt(30)  // Consider areas with >30% tree cover as forest
  .multiply(ee.Image.pixelArea())  // Convert to area (square meters)
  .reduceRegion({
    reducer: ee.Reducer.sum(),
    geometry: cambodia,
    scale: 30,  // Hansen data is at 30m resolution
    maxPixels: 1e12
  });

// Calculate forest loss area between 2001-2014
var forestLossArea = forestLoss
  .multiply(treecover2000.gt(30))  // Only count loss in areas that were forest in 2000
  .multiply(ee.Image.pixelArea())  // Convert to area (square meters)
  .reduceRegion({
    reducer: ee.Reducer.sum(),
    geometry: cambodia,
    scale: 30,
    maxPixels: 1e12
  });

// Calculate percentage of forest loss
var forestArea2000Value = ee.Number(forestArea2000.get('treecover2000'));
var forestLossValue = ee.Number(forestLossArea.get('lossyear'));
var percentLoss = forestLossValue.divide(forestArea2000Value).multiply(100);

// Print results
print('Cambodia Forest Area in 2000 (sq km):', forestArea2000Value.divide(1e6));  // Convert to sq km
print('Cambodia Forest Loss 2001-2014 (sq km):', forestLossValue.divide(1e6));  // Convert to sq km
print('Percentage of Forest Lost between 2001-2014:', percentLoss);
print('Does Cambodia have forest loss between 2001 and 2014?', forestLossValue.gt(0));

// Visualization parameters
var forestCoverVis = {
  min: 0,
  max: 100,
  palette: ['black', 'green']
};

var forestLossVis = {
  palette: ['red']
};

// Add layers to the map
Map.centerObject(cambodia, 7);
Map.addLayer(cambodia, {color: 'gray'}, 'Cambodia Boundary');
Map.addLayer(treecover2000.clip(cambodia), forestCoverVis, 'Forest Cover 2000');
Map.addLayer(forestLoss.clip(cambodia).selfMask(), forestLossVis, 'Forest Loss 2001-2014');

// Create visualization for loss by year
var lossYearVis = {
  min: 1,
  max: 14,
  palette: ['yellow', 'orange', 'red']
};

// Only show loss years 1-14 (2001-2014)
var lossYearMasked = lossYear.gte(1).and(lossYear.lte(14)).multiply(lossYear);
Map.addLayer(lossYearMasked.clip(cambodia).selfMask(), lossYearVis, 'Loss Year 2001-2014');

// Calculate annual forest loss
var annualLoss = ee.List.sequence(1, 14)
  .map(function(year) {
    var yearLoss = lossYear.eq(ee.Number(year))
      .multiply(treecover2000.gt(30))
      .multiply(ee.Image.pixelArea());
    
    var areaDict = yearLoss.reduceRegion({
      reducer: ee.Reducer.sum(),
      geometry: cambodia,
      scale: 30,
      maxPixels: 1e12
    });
    
    return ee.Feature(null, {
      'year': ee.Number(year).add(2000),  // convert to actual year (2001-2014)
      'area': ee.Number(areaDict.get('lossyear')).divide(1e6)  // area in sq km
    });
  });

// Print annual loss data
print('Annual Forest Loss (sq km):', ee.FeatureCollection(annualLoss));
",v1,307
"Does the nighttime light intensity in Aleppo, Syria decrease in 2016 compared to 2012?",,https://earthobservatory.nasa.gov/images/90100,,"1. The images above show differences in nighttime lighting between 2012 and 2016 in Syria and Iraq, among several Middle Eastern countries. 
2. In the images above, the changes are most dramatic around Aleppo",,,,https://code.earthengine.google.com/5e1d4d4610621e21518692366b8346de,"// Define the study area: Aleppo, Syria
var aleppo = ee.Geometry.Point([37.1613, 36.2021]).buffer(10000); // 10km buffer around Aleppo city center

// Load DMSP nighttime light data for 2012
var dmsp2012 = ee.ImageCollection('NOAA/DMSP-OLS/NIGHTTIME_LIGHTS')
  .filterDate('2012-01-01', '2012-12-31')
  .select('avg_vis')
  .median();
  
// Load VIIRS nighttime light data for 2016
var viirs2016 = ee.ImageCollection('NOAA/VIIRS/DNB/MONTHLY_V1/VCMCFG')
  .filterDate('2016-01-01', '2016-12-31')
  .select('avg_rad')
  .median();

// Clip the data to our region of interest
var aleppo_lights_2012 = dmsp2012;
var aleppo_lights_2016 = viirs2016;

// Set visualization parameters for the nighttime lights
var dmspVis = {
  min: 0,
  max: 63,  // DMSP data range is 0-63
  palette: ['black', 'navy', 'blue', 'aqua', 'yellow', 'white']
};

var viirsVis = {
  min: 0,
  max: 5,  // Appropriate range for VIIRS radiance values
  palette: ['black', 'navy', 'blue', 'aqua', 'yellow', 'white']
};

// Set map center to Aleppo
Map.setCenter(37.1613, 36.2021, 10);

// Add the nighttime light layers
Map.addLayer(aleppo_lights_2012, dmspVis, 'Aleppo Lights 2012');
Map.addLayer(aleppo_lights_2016, viirsVis, 'Aleppo Lights 2016');
Map.addLayer(aleppo, {color: 'red'}, 'Aleppo Region', true);

// Calculate mean values for both years
var aleppo_mean_2012 = aleppo_lights_2012.reduceRegion({
  reducer: ee.Reducer.mean(),
  geometry: aleppo,
  scale: 500,
  maxPixels: 1e9
});

var aleppo_mean_2016 = aleppo_lights_2016.reduceRegion({
  reducer: ee.Reducer.mean(),
  geometry: aleppo,
  scale: 500,
  maxPixels: 1e9
});

// Print mean results to console
print('Aleppo Mean Nighttime Light 2012 (DMSP):', aleppo_mean_2012);
print('Aleppo Mean Nighttime Light 2016 (VIIRS):', aleppo_mean_2016);

// Note about direct comparison
print('Note: Direct comparison between DMSP and VIIRS values requires normalization due to different sensors');

// For consistent comparison, use only VIIRS data
var viirs2012 = ee.ImageCollection('NOAA/VIIRS/DNB/MONTHLY_V1/VCMCFG')
  .filterDate('2012-04-01', '2012-12-31')  // VIIRS started in April 2012
  .select('avg_rad')
  .median();

// Calculate VIIRS mean for 2012
var viirs_mean_2012 = viirs2012.clip(aleppo).reduceRegion({
  reducer: ee.Reducer.mean(),
  geometry: aleppo,
  scale: 500,
  maxPixels: 1e9
}).get('avg_rad');

var viirs_mean_2016 = aleppo_mean_2016.get('avg_rad');

// Print VIIRS-only comparison
print('Aleppo Mean Nighttime Light 2012 (VIIRS only):', viirs_mean_2012);
print('Aleppo Mean Nighttime Light 2016 (VIIRS only):', viirs_mean_2016);

// Calculate percent change using only VIIRS data
var percent_change = ee.Number(viirs_mean_2016).subtract(viirs_mean_2012)
  .divide(viirs_mean_2012).multiply(100);

print('Percent change in mean nighttime light intensity (2012-2016):', percent_change);

// Answer the research question
var comparison_result = ee.Algorithms.If(
  ee.Number(viirs_mean_2016).lt(ee.Number(viirs_mean_2012)),
  'Yes, the nighttime light intensity in Aleppo, Syria decreased in 2016 compared to 2012.',
  'No, the nighttime light intensity in Aleppo, Syria did not decrease in 2016 compared to 2012.'
);

print('Answer to Research Question:', comparison_result);",v1,308
Does the soil moisture in California increase in April 2017 compared to August 2012?,,https://earthobservatory.nasa.gov/images/90151,,"1. “Two parts of the country that have composed a big portion of [its] drought area in the last decade, Texas and California, now have mostly normal conditions,” said Matthew Rodell, a hydrologist at NASA.
2. “Texas’s drought broke in 2015, and California’s drought was alleviated by atmospheric rivers that brought heavy rains earlier this year.
3. California, which endured a record-setting drought for several years, has soaked up the moisture in the past nine months.",,,,https://code.earthengine.google.com/ecd46b020fa18b710cb47bce2055dfa6,"// Load NASA-USDA SMAP Soil Moisture data for the two periods
// For August 2012, we need to use SMOS data as SMAP wasn't launched until 2015
// For August 2012 (drought period in California)
var dataset_2012 = ee.ImageCollection('NASA_USDA/HSL/SMAP10KM_soil_moisture')
                  .filter(ee.Filter.date('2015-04-01', '2015-04-30'))  // Using 2015 as earliest available
                  .select('ssm');  // surface soil moisture

// For April 2017 (post-drought period)
var dataset_2017 = ee.ImageCollection('NASA_USDA/HSL/SMAP10KM_soil_moisture')
                  .filter(ee.Filter.date('2017-04-01', '2017-04-30'))
                  .select('ssm');

// Alternative approach - use NASA's GLDAS dataset which has longer time series
var gldas_2012 = ee.ImageCollection('NASA/GLDAS/V021/NOAH/G025/T3H')
                  .filter(ee.Filter.date('2012-08-01', '2012-08-31'))
                  .select('SoilMoi0_10cm_inst');  // 0-10cm soil moisture

var gldas_2017 = ee.ImageCollection('NASA/GLDAS/V021/NOAH/G025/T3H')
                  .filter(ee.Filter.date('2017-04-01', '2017-04-30'))
                  .select('SoilMoi0_10cm_inst');

// Define California boundary
var california = ee.FeatureCollection('TIGER/2018/States')
                  .filter(ee.Filter.eq('NAME', 'California'));

// Create visualization parameters
var soilMoistureVis = {
  min: 0,
  max: 28,  // kg/m^2 for GLDAS
  palette: ['blue', 'green', 'yellow', 'orange', 'red'],
};

// Function to calculate mean soil moisture for a specific dataset
function calculateMeanSoilMoisture(dataset, region) {
  // Get the mean soil moisture over the time period
  var meanSoilMoisture = dataset.mean();
  
  // Calculate the average soil moisture in the region
  var meanRegionalSoilMoisture = meanSoilMoisture.reduceRegion({
    reducer: ee.Reducer.mean(),
    geometry: region,
    scale: 10000,  // Scale in meters (10km for SMAP data)
    maxPixels: 1e12
  });
  
  return meanRegionalSoilMoisture;
}

// Calculate the mean soil moisture for both years using GLDAS (consistent dataset)
var meanSoilMoisture_2012 = calculateMeanSoilMoisture(gldas_2012, california);
var meanSoilMoisture_2017 = calculateMeanSoilMoisture(gldas_2017, california);

// Get the soil moisture values
var soilMoistureValue_2012 = meanSoilMoisture_2012.get('SoilMoi0_10cm_inst');
var soilMoistureValue_2017 = meanSoilMoisture_2017.get('SoilMoi0_10cm_inst');

// Calculate the absolute and percentage change
var absoluteChange = ee.Number(soilMoistureValue_2017).subtract(soilMoistureValue_2012);
var percentChange = absoluteChange.divide(soilMoistureValue_2012).multiply(100);

// Print the results
print('Mean California Soil Moisture August 2012 (kg/m²):', soilMoistureValue_2012);
print('Mean California Soil Moisture April 2017 (kg/m²):', soilMoistureValue_2017);
print('Absolute Change (kg/m²):', absoluteChange);
print('Percentage Change (%):', percentChange);
print('Did soil moisture increase in April 2017?', ee.Number(soilMoistureValue_2017).gt(soilMoistureValue_2012));

// Visualization
// Center the map on California
Map.centerObject(california, 6);

// Calculate monthly mean soil moisture for both periods
var meanSoilMoistureImg_2012 = gldas_2012.mean();
var meanSoilMoistureImg_2017 = gldas_2017.mean();

// Add layers to the map
Map.addLayer(meanSoilMoistureImg_2012.clip(california), soilMoistureVis, 'Soil Moisture August 2012');
Map.addLayer(meanSoilMoistureImg_2017.clip(california), soilMoistureVis, 'Soil Moisture April 2017');

// Create a difference image to show changes
var soilMoistureDifference = meanSoilMoistureImg_2017.subtract(meanSoilMoistureImg_2012);
var diffVis = {
  min: -10,
  max: 10,
  palette: ['red', 'white', 'blue'],
};
Map.addLayer(soilMoistureDifference.clip(california), diffVis, 'Soil Moisture Change (2017-2012)');

// Add the California boundary
Map.addLayer(california, {color: 'black'}, 'California Boundary');

// Additional Analysis: Regional variations within California

// Define different climate regions within California
var northCalifornia = ee.Geometry.Rectangle([-124.5, 38.5, -119.5, 42]);
var centralCalifornia = ee.Geometry.Rectangle([-123, 35, -118, 38.5]);
var southCalifornia = ee.Geometry.Rectangle([-121, 32.5, -114, 35]);

// Calculate regional soil moisture for each period and region
var north_2012 = calculateMeanSoilMoisture(gldas_2012, northCalifornia).get('SoilMoi0_10cm_inst');
var north_2017 = calculateMeanSoilMoisture(gldas_2017, northCalifornia).get('SoilMoi0_10cm_inst');

var central_2012 = calculateMeanSoilMoisture(gldas_2012, centralCalifornia).get('SoilMoi0_10cm_inst');
var central_2017 = calculateMeanSoilMoisture(gldas_2017, centralCalifornia).get('SoilMoi0_10cm_inst');

var south_2012 = calculateMeanSoilMoisture(gldas_2012, southCalifornia).get('SoilMoi0_10cm_inst');
var south_2017 = calculateMeanSoilMoisture(gldas_2017, southCalifornia).get('SoilMoi0_10cm_inst');

// Print regional results
print('North California Soil Moisture Change:', ee.Number(north_2017).subtract(north_2012));
print('Central California Soil Moisture Change:', ee.Number(central_2017).subtract(central_2012));
print('South California Soil Moisture Change:', ee.Number(south_2017).subtract(south_2012));

// Examine the standard deviation to understand spatial variability
var stdDev_2012 = meanSoilMoistureImg_2012.reduceRegion({
  reducer: ee.Reducer.stdDev(),
  geometry: california,
  scale: 100000,
  maxPixels: 1e12
}).get('SoilMoi0_10cm_inst');

var stdDev_2017 = meanSoilMoistureImg_2017.reduceRegion({
  reducer: ee.Reducer.stdDev(),
  geometry: california,
  scale: 100000,
  maxPixels: 1e12
}).get('SoilMoi0_10cm_inst');

print('Spatial Variability (StdDev) in 2012:', stdDev_2012);
print('Spatial Variability (StdDev) in 2017:', stdDev_2017);",v1,309
Does the nighttime light intensity in Reykjavík show higher values compared to the Snæfellsnes peninsula in 2016?,,https://earthobservatory.nasa.gov/images/90210,,"1. Reykjavík stands out as the large, bright area in the southwest. That makes sense, given that it is the country’s capital and largest city. In 2014, the city’s population was 184,000 people—almost half of Iceland’s population. The other half live in smaller urban areas located primarily near the coast.
2. The coast is not only more hospitable; it provides access to ocean resources, particularly fishing. Some of those fishing villages are found on Snæfellsnes, a peninsula in western Iceland that appears well lit. ",,,,https://code.earthengine.google.com/650132ae8dff6a6fb27e2d051dd120e4,"// Define the study areas: Reykjavík and Snæfellsnes peninsula
var reykjavik = ee.Geometry.Point([-21.880259, 64.133847]).buffer(2000);
var snaefellsnes = ee.Geometry.Point([-22.670826, 64.851724]).buffer(2000);

// Load VIIRS nighttime light data for 2016
var viirs = ee.ImageCollection('NOAA/VIIRS/001/VNP46A1')
  .filterDate('2016-01-01', '2016-12-31')
  .select('DNB_At_Sensor_Radiance_500m');

// Create a median composite to reduce cloud influence
var viirs_median = viirs.median();

// Clip the data to our regions of interest
var reykjavik_lights = viirs_median.clip(reykjavik);
var snaefellsnes_lights = viirs_median.clip(snaefellsnes);

// Set visualization parameters for the nighttime lights
var lightsVis = {
  min: 0,
  max: 5,
  palette: ['black', 'navy', 'blue', 'aqua', 'yellow', 'white']
};

// Set map center to Iceland
Map.setCenter(-21.9, 64.1, 8);

// Add the nighttime light layers
Map.addLayer(viirs_median, lightsVis, 'Nighttime Lights 2016');
Map.addLayer(reykjavik, {color: 'red'}, 'Reykjavík', false);
Map.addLayer(snaefellsnes, {color: 'green'}, 'Snæfellsnes Peninsula', false);

// Calculate statistics for both regions
var reykjavik_stats = reykjavik_lights.reduceRegion({
  reducer: ee.Reducer.mean().combine({
    reducer2: ee.Reducer.max(),
    sharedInputs: true
  }).combine({
    reducer2: ee.Reducer.min(),
    sharedInputs: true
  }),
  geometry: reykjavik,
  scale: 500,  // VIIRS resolution
  maxPixels: 1e9
});

var snaefellsnes_stats = snaefellsnes_lights.reduceRegion({
  reducer: ee.Reducer.mean().combine({
    reducer2: ee.Reducer.max(),
    sharedInputs: true
  }).combine({
    reducer2: ee.Reducer.min(),
    sharedInputs: true
  }),
  geometry: snaefellsnes,
  scale: 500,  // VIIRS resolution
  maxPixels: 1e9
});

// Print results to console
print('Reykjavík Nighttime Light Statistics (nW/cm²/sr):', reykjavik_stats);
print('Snæfellsnes Nighttime Light Statistics (nW/cm²/sr):', snaefellsnes_stats);

// Calculate the ratio of mean values to compare
var mean_ratio = ee.Number(reykjavik_stats.get('DNB_At_Sensor_Radiance_500m_mean'))
  .divide(ee.Number(snaefellsnes_stats.get('DNB_At_Sensor_Radiance_500m_mean')));

print('Ratio of mean light intensity (Reykjavík/Snæfellsnes):', mean_ratio);

// Create a comparison visualization
// Get histograms for both regions
var reykjavik_histogram = ui.Chart.image.histogram({
  image: reykjavik_lights,
  region: reykjavik,
  scale: 500,
  maxPixels: 1e6
}).setOptions({
  title: 'Reykjavík Nighttime Light Distribution',
  hAxis: {title: 'Radiance (nW/cm²/sr)'},
  vAxis: {title: 'Count'},
  series: {0: {color: 'red'}}
});

var snaefellsnes_histogram = ui.Chart.image.histogram({
  image: snaefellsnes_lights,
  region: snaefellsnes,
  scale: 500,
  maxPixels: 1e6
}).setOptions({
  title: 'Snæfellsnes Nighttime Light Distribution',
  hAxis: {title: 'Radiance (nW/cm²/sr)'},
  vAxis: {title: 'Count'},
  series: {0: {color: 'green'}}
});

print(reykjavik_histogram);
print(snaefellsnes_histogram);

// Add a conclusion text about whether Reykjavík shows higher values
var comparison_result = ee.Algorithms.If(
  ee.Number(reykjavik_stats.get('DNB_At_Sensor_Radiance_500m_mean')).gt(
    ee.Number(snaefellsnes_stats.get('DNB_At_Sensor_Radiance_500m_mean'))),
  'Yes, Reykjavík shows higher nighttime light intensity compared to the Snæfellsnes peninsula in 2016.',
  'No, Reykjavík does not show higher nighttime light intensity compared to the Snæfellsnes peninsula in 2016.'
);

print('Answer to Research Question:', comparison_result);",v1,310
"Were there fires in Pedrógão Grande during the any time between June 16 to June 20, 2017?",,https://earthobservatory.nasa.gov/images/90427/wildfires-light-up-portugal,,"On June 17, 2017, lightning reportedly ignited a deadly wildfire that spread across the mountainous areas of Pedrógão Grande—a municipality in central Portugal located about 160 kilometers (100 miles) northeast of Lisbon.",,,,,,v2,311
"Between June 15-21, 2017, did temperatures in Las Vegas, Nevada exceed 130 degrees fahrenheit?",no,https://earthobservatory.nasa.gov/images/90443/heat-broils-the-american-southwest,,"In Phoenix, Arizona, temperatures hit 119 degrees Fahrenheit (48 degrees Celsius). In Palm Springs, California, the high was 122°F degrees. In Las Vegas, Nevada, temperatures peaked at 117°F. Needles, California, tied its all-time high with a temperature of 125°F.",,,,,,v2,312
"Between June 15-21, 2017, did temperatures in Needles, California reach 115 degrees fahrenheit?",,https://earthobservatory.nasa.gov/images/90443/heat-broils-the-american-southwest,,"In Phoenix, Arizona, temperatures hit 119 degrees Fahrenheit (48 degrees Celsius). In Palm Springs, California, the high was 122°F degrees. In Las Vegas, Nevada, temperatures peaked at 117°F. Needles, California, tied its all-time high with a temperature of 125°F.",,,,,,v2,313
"Between June 15-21, 2017, did temperatures in Palm Springs, California reach 115 degrees fahrenheit?",,https://earthobservatory.nasa.gov/images/90443/heat-broils-the-american-southwest,,"In Phoenix, Arizona, temperatures hit 119 degrees Fahrenheit (48 degrees Celsius). In Palm Springs, California, the high was 122°F degrees. In Las Vegas, Nevada, temperatures peaked at 117°F. Needles, California, tied its all-time high with a temperature of 125°F.",,,,,,v2,314
"Between June 15-21, 2017, did temperatures in Phoenix, Arizona reach at least 110 degrees fahrenheit?",,https://earthobservatory.nasa.gov/images/90443/heat-broils-the-american-southwest,,"In Phoenix, Arizona, temperatures hit 119 degrees Fahrenheit (48 degrees Celsius). In Palm Springs, California, the high was 122°F degrees. In Las Vegas, Nevada, temperatures peaked at 117°F. Needles, California, tied its all-time high with a temperature of 125°F.",,,,,,v2,315
"Was the land surface temperature in Needles, California higher than Phoenix, Arizona on June 21, 2017?",,https://earthobservatory.nasa.gov/images/90443/heat-broils-the-american-southwest,,,,,MODIS-Aqua,,,v2,316
"Was the land surface temperature in Palm Springs, California higher on July 15-21, 2017 than the 2001-2010 average for the same period?",,https://earthobservatory.nasa.gov/images/90443/heat-broils-the-american-southwest,,,,,MODIS-Aqua,,,v2,317
"Was the land surface temperature, observed with MODIS Aqua, in Arizona higher on July 15-21, 2017 than the 2001-2010 average for the same period?",,https://earthobservatory.nasa.gov/images/90443/heat-broils-the-american-southwest,,"The second map shows land surface temperatures between June 15—21, 2017, compared to average temperatures for the same period from 2001–2010. ",,,MODIS-Aqua,,,v2,318
"Did temperatures exceed 100 degrees fahrenheit in Prescott, Arizona during the month of June in 2017?",,https://earthobservatory.nasa.gov/images/90501/fires-in-the-southwest,,"In Prescott, Arizona, temperatures topped 100 degrees Fahrenheit (38 Celsius) during the recent heat wave",,,,,,v2,319
"Were there fires visible in a 50 mile radius around (latitude: 34.498828, longitude: -112.246886) between June 20, 2017 and June 30, 2017?",,https://earthobservatory.nasa.gov/images/90501/fires-in-the-southwest,,"On June 27, 2017, the Moderate Resolution Imaging Spectroradiometer (MODIS) on NASA’s Aqua satellite captured this natural-color image of fires in the southwestern United States. They include the Brian Head Fire in Utah, which has consumed more than 50,000 acres of trees and brush, and the Goodwin Fire in Arizona, which has burned more than 20,000 acres.",,,,,,v2,320
"Does the plume at (69.264212, -136.275745) discharged by the Mackenzie River into the Beaufort Sea apprear more milky compared to the adjacent open ocean (69.803894, -137.786365) waters in July 19, 2017?",,https://earthobservatory.nasa.gov/images/90703/mackenzie-meets-beaufort,,"1. At the time, the Beaufort Sea was colored with milky, tan brush strokes of sediment in various levels of dispersal after pouring out of the river.",,,,https://code.earthengine.google.com/b03edebddfcc65669d77d638db504a56,"// Load Landsat 8 Surface Reflectance data for July 19, 2017
var dataset = ee.ImageCollection(""LANDSAT/LC08/C02/T1_L2"")
                  .filter(ee.Filter.date('2017-07-19', '2017-07-20'))
                  .filter(ee.Filter.bounds(ee.Geometry.Point([-136.275745, 69.264212])));


// Select the first image (if multiple are available)
var image = dataset.first();

// Apply scale and offset factors to convert to surface reflectance
// For Landsat 8 Collection 2, the scale factor is 0.0000275 and the offset is -0.2
function applyScaleAndOffset(image) {
  var opticalBands = image.select(['SR_B2', 'SR_B3', 'SR_B4', 'SR_B5']);
  var scaled = opticalBands.multiply(0.0000275).add(-0.2);
  
  return image.addBands(scaled, null, true);
}

var scaledImage = applyScaleAndOffset(image);

// Define the coordinates for the river plume and open ocean
var riverPlume = ee.Geometry.Point([-136.275745, 69.264212]);
var openOcean = ee.Geometry.Point([-137.786365, 69.803894]);

// Define a buffer around these points for analysis (2km radius)
var riverPlumeArea = riverPlume.buffer(2000);
var openOceanArea = openOcean.buffer(2000);

// Define a larger region for visualization
var studyRegion = ee.Geometry.Rectangle([-139, 68.5, -134, 70.5]);

// Calculate NDTI (Normalized Difference Turbidity Index)
// NDTI = (Red - Green) / (Red + Green)
var ndti = scaledImage.expression(
  '(red - green) / (red + green)', {
    'red': scaledImage.select('SR_B4'),
    'green': scaledImage.select('SR_B3')
  }).rename(""nt"");

// Function to calculate NDTI statistics for a region
function calculateNDTIStats(region, name) {
  var stats = ndti.reduceRegion({
    reducer: ee.Reducer.mean().combine({
      reducer2: ee.Reducer.stdDev(),
      sharedInputs: true
    }).combine({
      reducer2: ee.Reducer.min(),
      sharedInputs: true
    }).combine({
      reducer2: ee.Reducer.max(),
      sharedInputs: true
    }),
    geometry: region,
    scale: 30, // Landsat resolution
    maxPixels: 1e12
  });
  
  print('NDTI Statistics for ' + name + ':', stats);
  return stats.get('nt_mean');
}

// Calculate NDTI for both regions
var plumeNDTI = calculateNDTIStats(riverPlumeArea, 'Mackenzie River Plume');
var oceanNDTI = calculateNDTIStats(openOceanArea, 'Beaufort Sea Open Ocean');

// Compare NDTI between the river plume and open ocean
print('Is River Plume more turbid than Open Ocean (based on NDTI)?', 
      ee.Number(plumeNDTI).gt(ee.Number(oceanNDTI)));
print('River Plume to Open Ocean NDTI Ratio:', 
      ee.Number(plumeNDTI).divide(ee.Number(oceanNDTI)));
print('NDTI Difference (Plume - Ocean):', 
      ee.Number(plumeNDTI).subtract(ee.Number(oceanNDTI)));

// Create true color RGB visualization
var rgbVis = {
  bands: ['SR_B4', 'SR_B3', 'SR_B2'],
  min: 0.02,
  max: 0.2
};

// Center the map on a midpoint between the two locations
var midpoint = ee.Geometry.Point([
  ee.Number(-136.275745).add(-137.786365).divide(2),
  ee.Number(69.264212).add(69.803894).divide(2)
]);
Map.centerObject(midpoint, 7);

// Add true color RGB visualization
Map.addLayer(scaledImage, rgbVis, 'True Color RGB (July 19, 2017)');

// NDTI visualization with a color scale that highlights turbidity differences
var ndtiVis = {
  min: -0.1,
  max: 0.3,
  palette: ['blue', 'cyan', 'yellow', 'orange', 'red']
};
Map.addLayer(ndti.clip(studyRegion), ndtiVis, 'NDTI (Turbidity Index)');

// Create classified NDTI map for easier interpretation
var ndtiClasses = ndti.expression(
  'ndti < -0.05 ? 1 : ndti < 0.0 ? 2 : ndti < 0.05 ? 3 : ndti < 0.15 ? 4 : 5', 
  {'ndti': ndti}
);

var classVis = {
  min: 1,
  max: 5,
  palette: ['darkblue', 'blue', 'cyan', 'yellow', 'red']
};

Map.addLayer(ndtiClasses.clip(studyRegion), classVis, 'NDTI Classes');

// Add points and regions of interest with prominent styling
// Make the open ocean point more visible with a larger point and distinct color
Map.addLayer(ee.FeatureCollection([riverPlume]), {color: 'red', pointSize: 6}, 'River Plume Point');
Map.addLayer(ee.FeatureCollection([openOcean]), {color: 'white', pointSize: 10}, 'Open Ocean Point');

// Add the analysis areas with distinct styling
Map.addLayer(ee.FeatureCollection([riverPlumeArea]), {
  color: 'red', 
  fillColor: 'ff000033'
}, 'River Plume Analysis Area');

Map.addLayer(ee.FeatureCollection([openOceanArea]), {
  color: 'white', 
  fillColor: 'ffffff33'
}, 'Open Ocean Analysis Area');",v1,321
"Does the western basin of Lake Erie show evidence of higher phytoplankton biomass than the eastern basin on September 24, 2017?",,https://earthobservatory.nasa.gov/images/91017/bloom-persists-in-lake-erie,,"1. Since mid-July 2017, something green has been coloring western Lake Erie.",,,,https://code.earthengine.google.com/db4e98be00d677a5a1c43e40f1357012,"// Load MODIS-Aqua L3 Ocean Color data for Lake Erie on September 24, 2017
var dataset = ee.ImageCollection(""NASA/OCEANDATA/MODIS-Aqua/L3SMI"")
                  .filter(ee.Filter.date('2017-09-24', '2017-09-25'));

// Select the chlorophyll-a band for analysis
var chlor_a = dataset.select('chlor_a');

// For RGB visualization, also load MODIS Terra true color imagery
var modisRGB = ee.ImageCollection('MODIS/061/MOD09GA')
                  .filter(ee.Filter.date('2017-09-24', '2017-09-25'))
                  .filter(ee.Filter.bounds(ee.Geometry.Rectangle([-83.5, 41.3, -78.7, 42.9])));

// Define Lake Erie region
var lakeErie = ee.Geometry.Polygon([
  [[-83.5, 41.3], [-78.7, 41.3], [-78.7, 42.9], [-83.5, 42.9], [-83.5, 41.3]]
]);

// Define western and eastern portions of Lake Erie
var westernLakeErie = ee.Geometry.Polygon([
  [[-83.5, 41.3], [-81.0, 41.3], [-81.0, 42.9], [-83.5, 42.9], [-83.5, 41.3]]
]);

var easternLakeErie = ee.Geometry.Polygon([
  [[-81.0, 41.3], [-78.7, 41.3], [-78.7, 42.9], [-81.0, 42.9], [-81.0, 41.3]]
]);

// Create composite for the date (mean if multiple passes exist)
var chlor_a_composite = chlor_a.mean();

// Function to calculate chlorophyll statistics for a region
function calculateChlorophyllStats(region, name) {
  var stats = chlor_a_composite.reduceRegion({
    reducer: ee.Reducer.mean().combine({
      reducer2: ee.Reducer.stdDev(),
      sharedInputs: true
    }).combine({
      reducer2: ee.Reducer.max(),
      sharedInputs: true
    }),
    geometry: region,
    scale: 4000, // MODIS-Aqua resolution
    maxPixels: 1e12
  });
  
  print('Chlorophyll-a Statistics for ' + name + ':', stats);
  return stats;
}

// Calculate chlorophyll statistics for western and eastern Lake Erie
var westernStats = calculateChlorophyllStats(westernLakeErie, 'Western Lake Erie');
var easternStats = calculateChlorophyllStats(easternLakeErie, 'Eastern Lake Erie');

// Extract mean chlorophyll values
var westernChlorophyll = westernStats.get('chlor_a_mean');
var easternChlorophyll = easternStats.get('chlor_a_mean');

// Compare chlorophyll concentrations between western and eastern regions
print('Is Western Lake Erie chlorophyll-a concentration higher than Eastern Lake Erie?', 
      ee.Number(westernChlorophyll).gt(easternChlorophyll));
print('Western to Eastern chlorophyll-a ratio:', 
      ee.Number(westernChlorophyll).divide(easternChlorophyll));
print('Difference in chlorophyll-a (Western - Eastern):', 
      ee.Number(westernChlorophyll).subtract(easternChlorophyll));

// Visualization parameters for chlorophyll-a
// Using a logarithmic scale as chlorophyll values can vary by orders of magnitude
var chlorVis = {
  min: 0.1,
  max: 30,
  palette: [
    '3500a8','0800ba','003fd6','00aefc','00caca',
    '00f3a0','5ffb63','c8ff41','ffdb00','ff9000',
    'ff4a00','ff0000'
  ],
  // Use logarithmic scaling for better visualization of chlorophyll range
  // This helps identify bloom areas more clearly
  bands: ['chlor_a']
};

// Center the map on Lake Erie
Map.setCenter(-81.5, 42.1, 7);

// Add chlorophyll-a layer
Map.addLayer(chlor_a_composite.clip(lakeErie), chlorVis, 'Chlorophyll-a (Sept 24, 2017)');

// Add region boundaries
Map.addLayer(ee.FeatureCollection(lakeErie), {color: 'black'}, 'Lake Erie Boundary', false);
Map.addLayer(ee.FeatureCollection(westernLakeErie), {color: 'red'}, 'Western Lake Erie', true);
Map.addLayer(ee.FeatureCollection(easternLakeErie), {color: 'blue'}, 'Eastern Lake Erie', true);

// Create a binary mask showing areas with high chlorophyll (indicative of algal blooms)
var bloomThreshold = 10; // mg/m³, typical threshold for defining algal bloom
var bloomMask = chlor_a_composite.gt(bloomThreshold);
Map.addLayer(bloomMask.clip(lakeErie).selfMask(), {palette: ['red']}, 'Algal Bloom Areas (chlor_a > ' + bloomThreshold + ' mg/m³)', true);

// Add a layer with discrete color classes to better visualize concentration differences
var chlorClasses = chlor_a_composite.expression(
  'chlor < 1 ? 1 : chlor < 3 ? 2 : chlor < 10 ? 3 : chlor < 20 ? 4 : 5', 
  {'chlor': chlor_a_composite}
);

var classVis = {
  min: 1,
  max: 5,
  palette: ['blue', 'cyan', 'lime', 'yellow', 'red']
};

Map.addLayer(chlorClasses.clip(lakeErie), classVis, 'Chlorophyll Classes', false);

// Create an RGB composite from MODIS Terra data
var rgbComposite = modisRGB.select(['sur_refl_b01', 'sur_refl_b04', 'sur_refl_b03']).mean();

// Standard RGB visualization for natural color
var rgbVis = {
  min: 0,
  max: 3000,
  bands: ['sur_refl_b01', 'sur_refl_b04', 'sur_refl_b03']
};

// Enhanced RGB visualization to make algal blooms more visible
var enhancedRgbVis = {
  min: 0,
  max: 3000,
  bands: ['sur_refl_b01', 'sur_refl_b04', 'sur_refl_b03'],
  gamma: 1.4
};

// Add the RGB layers
Map.addLayer(rgbComposite.clip(lakeErie), rgbVis, 'True Color RGB (Sept 24, 2017)', true);
Map.addLayer(rgbComposite.clip(lakeErie), enhancedRgbVis, 'Enhanced RGB (Sept 24, 2017)', false);

// Add a split panel visualization comparing RGB and chlorophyll
// This requires the split panel UI which isn't directly available in this script context
// But we can add both layers and let the user toggle between them

// Add a comparison layer with RGB on left side and chlorophyll visualization on right
// (Note: This is a visual approximation since Earth Engine doesn't support split screens in script mode)
var blendedVisualization = rgbComposite.select(['sur_refl_b01']).multiply(0)
  .where(rgbComposite.select(['sur_refl_b01']).gt(-1), 1);  // Create a mask of 1s

Map.addLayer(blendedVisualization.clip(lakeErie), {min: 0, max: 1, palette: ['white']}, 
             'Toggle between RGB and Chlorophyll layers for comparison', false);",v1,322
"Was the nightime brightness in San Juan lower on September 27-28, 2017 than September 1-2, 2017?",,https://earthobservatory.nasa.gov/images/91044/pinpointing-where-lights-went-out-in-puerto-rico,,,,,VIIRS,,,v2,323
"
Did Cambodia have more active fire detections than Laos on February 3, 2018?",,https://earthobservatory.nasa.gov/images/91771/its-fire-season-in-southeast-asia,,"On that day, there were significantly more fires in Cambodia than in neighboring countries. VIIRS detected 1,868 hot spots in Cambodia, 185 in Laos, 77 in Myanmar, 217 in Thailand, and 114 in Vietnam.",,,,,,v2,324
"
Did Vietnam have more active fire detections than Myanmar on February 3, 2018?",,https://earthobservatory.nasa.gov/images/91771/its-fire-season-in-southeast-asia,,"On that day, there were significantly more fires in Cambodia than in neighboring countries. VIIRS detected 1,868 hot spots in Cambodia, 185 in Laos, 77 in Myanmar, 217 in Thailand, and 114 in Vietnam.",,,,,,v2,325
Did Cambodia have more active fire detections than Thailand between August 2016 and February 2018?,,https://earthobservatory.nasa.gov/images/91771/its-fire-season-in-southeast-asia,,,,,,,,v2,326
Did Cambodia have more active fire detections than Vietnam between August 2016 and February 2018?,,https://earthobservatory.nasa.gov/images/91771/its-fire-season-in-southeast-asia,,,,,,,,v2,327
Did Cambodia have more active fire during February than October from 2014 to 2017?,,https://earthobservatory.nasa.gov/images/91771/its-fire-season-in-southeast-asia,,,,,,,,v2,328
Did northern Cambodia have more active fire detections than southern Cambodia between August 2016 and February 2018?,,https://earthobservatory.nasa.gov/images/91771/its-fire-season-in-southeast-asia,,,,,,,,v2,329
Does the land surface temperature in Afghanistan increase in February 2018 compared to February 2017?,,https://earthobservatory.nasa.gov/images/91851,,"1. NASA data also show that temperatures this winter have been hotter than usual in the region. 
2. The temperature anomaly maps above are based on data from the Moderate Resolution Imaging Spectroradiometer (MODIS) on NASA’s Aqua satellite. It shows land surface temperatures (LSTs) for February 2018 (right) and February 2017 (left), compared to the average since 2002 for the same month.",,,,https://code.earthengine.google.com/5408d5471dd5536e742f8be5cbe2d9d9,"// Define Afghanistan boundary
var afghanistan = ee.FeatureCollection(""USDOS/LSIB_SIMPLE/2017"")
  .filter(ee.Filter.eq('country_na', 'Afghanistan'));

// Load MODIS Land Surface Temperature dataset
var modisLST = ee.ImageCollection(""MODIS/061/MOD11A2"");

// Define the two periods to compare
var startDate2017 = ee.Date('2017-02-01');
var endDate2017 = ee.Date('2017-02-28');

var startDate2018 = ee.Date('2018-02-01');
var endDate2018 = ee.Date('2018-02-28');

// Select land surface temperature band
var lstBand = 'LST_Day_1km';

// Function to convert MODIS LST to Celsius
var convertToCelsius = function(image) {
  var lst = image.select(lstBand);
  // MODIS LST is stored as Kelvin * 0.02, so multiply by 0.02 to get Kelvin
  // then subtract 273.15 to convert to Celsius
  var lstCelsius = lst.multiply(0.02).subtract(273.15);
  return image.addBands(lstCelsius.rename('LST_Celsius'), null, true);
};

// Get LST data for February 2017
var lst2017 = modisLST
  .filter(ee.Filter.date(startDate2017, endDate2017))
  .map(convertToCelsius)
  .select('LST_Celsius')
  .mean();

// Get LST data for February 2018
var lst2018 = modisLST
  .filter(ee.Filter.date(startDate2018, endDate2018))
  .map(convertToCelsius)
  .select('LST_Celsius')
  .mean();

// Calculate the difference (2018 - 2017)
var lstDifference = lst2018.subtract(lst2017);

// Define visualization parameters
var lstVis = {
  min: -5,
  max: 20,
  palette: ['blue', 'purple', 'cyan', 'green', 'yellow', 'red']
};

var differenceVis = {
  min: -3,
  max: 3,
  palette: ['blue', 'white', 'red']
};

// Center the map on Afghanistan
Map.centerObject(afghanistan, 5);

// Add Afghanistan boundary
Map.addLayer(afghanistan, {color: 'black'}, 'Afghanistan Boundary');

// Add layers to the map
Map.addLayer(lst2017.clip(afghanistan), lstVis, 'LST Feb 2017', false);
Map.addLayer(lst2018.clip(afghanistan), lstVis, 'LST Feb 2018', false);
Map.addLayer(lstDifference.clip(afghanistan), differenceVis, 'LST Difference (2018-2017)', true);

// Calculate regional statistics
var calculateRegionalStats = function(image, name) {
  return image.reduceRegion({
    reducer: ee.Reducer.mean(),
    geometry: afghanistan,
    scale: 100000,
    maxPixels: 1e9
  });
};

// Get statistics
var stats2017 = calculateRegionalStats(lst2017, '2017');
var stats2018 = calculateRegionalStats(lst2018, '2018');
var diffStats = calculateRegionalStats(lstDifference, 'Difference');

// Print results to console
print('===== LAND SURFACE TEMPERATURE ANALYSIS FOR AFGHANISTAN =====');
print('February 2017:', stats2017.get('LST_Celsius'), '°C');
print('February 2018:', stats2018.get('LST_Celsius'), '°C');
print('Difference (2018-2017):', diffStats.get('LST_Celsius'), '°C');

// Determine if there was an increase
var tempIncrease = ee.Number(diffStats.get('LST_Celsius')).gt(0);
print('Did Afghanistan land surface temperature increase in Feb 2018 compared to Feb 2017?', tempIncrease);",v1,330
"Was it hotter in a 30 mile radius around Kabul, Afghanistan in February 2018 in comparison to February 2017?",no,https://earthobservatory.nasa.gov/images/91851/record-low-snowpack-in-afghanistan,https://eoimages.gsfc.nasa.gov/images/imagerecords/91000/91851/afghanistan_lst_2018059.png,"NASA data also show that temperatures this winter have been hotter than usual in the region. The temperature anomaly maps above are based on data from the Moderate Resolution Imaging Spectroradiometer (MODIS) on NASA’s Aqua satellite. It shows land surface temperatures (LSTs) for February 2018 (right) and February 2017 (left), compared to the average since 2002 for the same month. Red colors depict areas that were hotter than average; blues were colder; white pixels were normal. USAID’s Famine Early Warnings Systems Network (FEWS NET) reported that the high temperatures are expected to deplete the snowpack “sooner than normal, resulting in possible irrigation water shortages in April and May.”",,,,,,v2,331
"Was there more snow water equivalent in a 30 mile radius around Kabul, Afghanistan in February 2018 in comparison to February 2017?",no,https://earthobservatory.nasa.gov/images/91851/record-low-snowpack-in-afghanistan,,"In a reversal from abundant snow conditions in February 2017, the snowpack in Afghanistan in February 2018 was the lowest detected for the month since 2001.",,,,,,v2,332
"Was there more soil moisture in regions near Beledweyne, Somalia in May 2018 compared to the same time last year?",,https://earthobservatory.nasa.gov/images/92130/dramatic-flooding-in-eastern-africa,https://eoimages.gsfc.nasa.gov/images/imagerecords/92000/92130/somalia_smp_2018125_lrg.png,"The map below shows the change in soil moisture in Somalia from May 7, 2017, to May 5, 2018. The map was created with data from the Soil Moisture Active Passive (SMAP) satellite, which uses a radiometer to measure moisture in the top 5 centimeters of the ground.",,,,,,v2,333
"Were Shebelle River's levels higher on May 9, 2018 in comparison to May 17,2015?",,https://earthobservatory.nasa.gov/images/92130/dramatic-flooding-in-eastern-africa,,"Flooding burst the banks of the Shebelle River in several locations, destroying houses and crops and causing more than 120,000 people to flee their riverside homes since April 2018. The images above show the Shebelle River on May 17, 2015 (a relatively normal year) and on May 9, 2018. These false-color images (bands 6–5–3) were captured by the Operational Land Imager (OLI) on Landsat 8.",,,,,,v2,334
"Are there more red flowers visible on April 21, 2018, than on May 7, 2018, in Keukenhof Garden in the Netherlands?",,https://earthobservatory.nasa.gov/images/92148/storm-brings-a-potpourri-of-hazards-to-the-us,,"1. The season begins in March with purple crocuses, followed by hyacinths and daffodils. It ends with tulips reaching peak bloom in April.
2. The second image, acquired on May 7, shows the same area after many flowers were harvested.",,,,https://code.earthengine.google.com/9761de169e8ce0ca87b4202d45deccaa,"// Define the Keukenhof Garden area in the Netherlands
var keukenhof = geometry;

// Define the dates for analysis
var date1 = '2018-04-21';
var date2 = '2018-05-07';

// Function to calculate Red Green Ratio Index (RGRI)
function calculateRGRI(image) {
  // RGRI = Red / Green
  var rgri = image.select('SR_B4').divide(image.select('SR_B3')).rename('RGRI');
  return image.addBands(rgri);
}

// Function to mask clouds in Landsat 8 imagery
function maskClouds(image) {
  // Use the QA band to create a mask for cloudy pixels
  var qa = image.select('QA_PIXEL');
  
  // Bits 3 and 5 are cloud shadow and cloud, respectively.
  var cloudShadowBitMask = 1 << 3;
  var cloudsBitMask = 1 << 5;
  
  // Create a mask to remove cloud and cloud shadow pixels
  var mask = qa.bitwiseAnd(cloudShadowBitMask).eq(0)
              .and(qa.bitwiseAnd(cloudsBitMask).eq(0));
  
  return image.updateMask(mask);
}

// Function to apply scale factors for Landsat 8 surface reflectance
function applyScaleFactors(image) {
  var opticalBands = image.select('SR_B.').multiply(0.0000275).add(-0.2);
  return image.addBands(opticalBands, null, true)
              .copyProperties(image, [""system:time_start""]);
}

// Load Landsat 8 collection for the two specific dates
var landsat8Collection = ee.ImageCollection('LANDSAT/LC08/C02/T1_L2')
  .filterBounds(keukenhof)
  .map(applyScaleFactors)
  .map(maskClouds)
  .map(calculateRGRI);

// Get the images for the two dates
var april21 = landsat8Collection.filterDate(date1, ee.Date(date1).advance(1, 'day')).first();
var may07 = landsat8Collection.filterDate(date2, ee.Date(date2).advance(1, 'day')).first();


// Define a threshold for red flowers using RGRI
var redThreshold = 1.5;

// If we have valid images, proceed with the analysis
// Define masks for red flowers in both images
var april21RedFlowers = april21.select('RGRI').gt(redThreshold);
var may07RedFlowers = may07.select('RGRI').gt(redThreshold);

// Calculate area of red flowers in each image
var april21Area = april21RedFlowers.multiply(ee.Image.pixelArea()).reduceRegion({
  reducer: ee.Reducer.sum(),
  geometry: keukenhof,
  scale: 30,
  maxPixels: 1e9
});

var may07Area = may07RedFlowers.multiply(ee.Image.pixelArea()).reduceRegion({
  reducer: ee.Reducer.sum(),
  geometry: keukenhof,
  scale: 30,
  maxPixels: 1e9
});

// Get area values
var april21RedArea = april21Area.get('RGRI');
var may07RedArea = may07Area.get('RGRI');

// Compare the two areas
var moreRedInApril = ee.Number(april21RedArea).gt(ee.Number(may07RedArea));

// Print results
print('Red flower area on April 21, 2018 (sq meters):', april21RedArea);
print('Red flower area on May 7, 2018 (sq meters):', may07RedArea);
print('Is there more red flower fields on April 21 than May 7?', moreRedInApril);

// Define visualization parameters for RGRI
var rgriVis = {
  min: 0,
  max: 5,
  palette: ['blue', 'white', 'red']
};

// Define RGB visualization parameters
var rgbVis = {
  bands: ['SR_B4', 'SR_B3', 'SR_B2'],
  min: 0,
  max: 0.3
};

// Define visualization for red flower areas
var redFlowerVis = {
  palette: ['red']
};

// Center map on Keukenhof
Map.centerObject(keukenhof, 14);

// Add layers to map
Map.addLayer(keukenhof, {color: 'yellow'}, 'Keukenhof Garden');

// Add RGB and RGRI layers for both dates
Map.addLayer(april21, rgbVis, 'April 21 RGB', false);
Map.addLayer(may07, rgbVis, 'May 7 RGB', false);
Map.addLayer(april21.select('RGRI'), rgriVis, 'April 21 RGRI', false);
Map.addLayer(may07.select('RGRI'), rgriVis, 'May 7 RGRI', false);

// Add red flower masks
Map.addLayer(april21RedFlowers.selfMask(), redFlowerVis, 'April 21 Red Flowers');
Map.addLayer(may07RedFlowers.selfMask(), redFlowerVis, 'May 7 Red Flowers');",v1,335
" Did Victoria and Corpus Christi, Texas receive less than 20 inches of rainfall between June 15 and June 22, 2018?",no,https://earthobservatory.nasa.gov/images/92329/southern-soaker,,"Water levels in Brownsville were high enough to submerge cars and houses. Rain also soaked Victoria and Corpus Christi, which received around 20 inches (500 mm) of rain in just 72 hours, according to the National Weather Service.",,,,,,v2,336
"Did the land surface in Denmark appear more brown in July 24, 2018 compared to July 19, 2017?",,https://earthobservatory.nasa.gov/images/92490/heatwave-turns-europe-brown,,"A persistent heatwave has been lingering over parts of Europe, setting record high temperatures and turning typically green landscapes to brown.

The images above show browning in north-central Europe on July 24, 2018. For comparison, the second image shows the same area one year ago. Both images were acquired by the Moderate Resolution Imaging Spectroradiometer (MODIS) on NASA’s Terra satellite.
",,,,,,v2,337
Does the vegetation browning in Denmark increase in July 2018 compared to July 2017?,,https://earthobservatory.nasa.gov/images/92490/heatwave-turns-europe-brown,,"1. According to the European Space Agency, these regions turned brown in just a month, during which several countries experienced record high temperatures and low precipitation. 
2. Much of Germany has experienced drought conditions since May.",,,,https://code.earthengine.google.com/fa735fad892d0a8e2d1490ac6d86901b,"// Load FAO World Soil Reference Base (WRB) boundary for Germany
var germany = ee.FeatureCollection('FAO/GAUL/2015/level1')
  .filter(ee.Filter.eq('ADM0_NAME', 'Germany'));

// Ensure we get the geometry of Germany
var germanyGeometry = germany.geometry();

/**
 * Function to mask clouds using the Sentinel-2 QA band
 * @param {ee.Image} image Sentinel-2 image
 * @return {ee.Image} cloud masked Sentinel-2 image
 */
function maskS2clouds(image) {
  var qa = image.select('QA60');

  // Bits 10 and 11 are clouds and cirrus, respectively.
  var cloudBitMask = 1 << 10;
  var cirrusBitMask = 1 << 11;

  // Both flags should be set to zero, indicating clear conditions.
  var mask = qa.bitwiseAnd(cloudBitMask).eq(0)
      .and(qa.bitwiseAnd(cirrusBitMask).eq(0));

  // Normalize the image reflectance
  return image.updateMask(mask).divide(10000);
}

// Function to calculate NDVI (Normalized Difference Vegetation Index)
function calculateNDVI(image) {
  return image.normalizedDifference(['B8', 'B4']).rename('NDVI');
}

// Load Sentinel-2 Surface Reflectance for July 2017 and July 2018
var sentinel2_2017 = ee.ImageCollection('COPERNICUS/S2_SR_HARMONIZED')
  .filterBounds(germanyGeometry)
  .select('B2', 'B3', 'B4', 'B8', 'B11', 'B12', ""QA60"")
  .filterDate('2017-07-01', '2017-07-31')
  .map(maskS2clouds);

var sentinel2_2018 = ee.ImageCollection('COPERNICUS/S2_SR_HARMONIZED')
  .filterBounds(germanyGeometry)
  .select('B2', 'B3', 'B4', 'B8', 'B11', 'B12', ""QA60"")
  .filterDate('2018-07-01', '2018-07-31')
  .map(maskS2clouds);

// Create median composites for each year
var composite2017 = sentinel2_2017.median();
var composite2018 = sentinel2_2018.median();

// Calculate NDVI for both years
var ndvi2017 = calculateNDVI(composite2017);
var ndvi2018 = calculateNDVI(composite2018);

// Calculate NDVI difference
var ndviDifference = ndvi2018.subtract(ndvi2017);

// Visualization parameters
var ndviParams = {
  min: -1,
  max: 1,
  palette: ['brown', 'white', 'green']
};

var rgbParams = {
  bands: ['B4', 'B3', 'B2'],
  min: 0,
  max: 0.3
};

var differenceParams = {
  min: -0.5,
  max: 0.5,
  palette: ['red', 'white', 'blue']
};

// Center map on Germany
Map.centerObject(germanyGeometry, 6);

// Add layers to map
Map.addLayer(composite2017, rgbParams, 'RGB Composite 2017');
Map.addLayer(composite2018, rgbParams, 'RGB Composite 2018');
Map.addLayer(ndvi2017, ndviParams, 'NDVI 2017');
Map.addLayer(ndvi2018, ndviParams, 'NDVI 2018');
Map.addLayer(ndviDifference, differenceParams, 'NDVI Difference (2018 - 2017)');
Map.addLayer(germanyGeometry, {color: 'blue', opacity: 0.3}, 'Germany Boundary');

// Calculate and print NDVI statistics
var ndviStats2017 = ndvi2017.reduceRegion({
  reducer: ee.Reducer.mean(),
  geometry: germanyGeometry,
  scale: 10000,
  maxPixels: 1e9
});

var ndviStats2018 = ndvi2018.reduceRegion({
  reducer: ee.Reducer.mean(),
  geometry: germanyGeometry,
  scale: 10000,
  maxPixels: 1e9
});

var ndviDifferenceStats = ndviDifference.reduceRegion({
  reducer: ee.Reducer.mean(),
  geometry: germanyGeometry,
  scale: 10000,
  maxPixels: 1e9
});

// Print detailed information
print('Number of images in 2017:', sentinel2_2017.size());
print('Number of images in 2018:', sentinel2_2018.size());
print('Average NDVI in 2017:', ndviStats2017.get('NDVI'));
print('Average NDVI in 2018:', ndviStats2018.get('NDVI'));
print('Average NDVI Difference (2018 - 2017):', ndviDifferenceStats.get('NDVI'));

// Determine if vegetation is browning
var isBrowning = ee.Number(ndviDifferenceStats.get('NDVI')).lt(0);
print('Is vegetation browning in 2018 compared to 2017?', isBrowning);

// Additional analysis: Histogram of NDVI difference
var ndviDifferenceHistogram = ndviDifference.reduceRegion({
  reducer: ee.Reducer.histogram({maxBuckets: 20}),
  geometry: germanyGeometry,
  scale: 10000,
  maxPixels: 1e9
});
print('NDVI Difference Histogram:', ndviDifferenceHistogram);",v1,338
"Did sea surface temperatures near the coast of La Jolla, California exceed 23 degrees Celcius on August 1, 2018?",,https://earthobservatory.nasa.gov/images/92563/record-warm-waters-off-southern-california,,"On August 1, 2018, researchers from the Scripps Institution of Oceanography observed water temperatures of 25.9 degrees Celsius (78.6 degrees Fahrenheit) along the coast at La Jolla, exceeding the previous record of 25.8°C (78.4°F) set in 1931.",,,,,,v2,339
"Were the sea surface temperatures near the coast of La Jolla, California on August 1, 2018 higher than the same region's sea surface temperature the year prior?",,https://earthobservatory.nasa.gov/images/92563/record-warm-waters-off-southern-california,,"On August 1, 2018, researchers from the Scripps Institution of Oceanography observed water temperatures of 25.9 degrees Celsius (78.6 degrees Fahrenheit) along the coast at La Jolla, exceeding the previous record of 25.8°C (78.4°F) set in 1931.",,,,,,v2,340
"On August 2, 2018, did the water temperature at Long Beach (33.601421, -118.089042) show a higher temperature anomaly, when compared to the long-term average for this time of year, than that observed at Pismo Beach (35.128348, -120.727924)?",,https://earthobservatory.nasa.gov/images/92563/record-warm-waters-off-southern-california,,"1. The warmest sea surface temperatures (red) extend from Point Conception to the Baja California coast. According to Bill Patzert, retired NASA climatologist, temperatures along this part of the coastline were 5-10°F above normal.",,,,https://code.earthengine.google.com/d3e16877f5e5c6d57a4d9d2c9ac21b90,"// Define the study date
var studyDate = '2018-08-02';

// Define the two points of interest
var longBeachPoint = ee.Geometry.Point([-118.089042, 33.601421]);
var pismoBeachPoint = ee.Geometry.Point([-120.727924, 35.128348]);

// Create a buffer around each point for analysis
var longBeachRegion = longBeachPoint.buffer(5000); // 5km buffer
var pismoBeachRegion = pismoBeachPoint.buffer(5000); // 5km buffer

// Load NOAA sea surface temperature data
var sstCollection = ee.ImageCollection('NOAA/CDR/OISST/V2_1')
                    .filter(ee.Filter.date(studyDate, ee.Date.parse('yyyy-MM-dd', studyDate).advance(1, 'day')));

// Extract the sea surface temperature band
var sst = sstCollection.select('sst');

// Get the single image for our study date
var sstImage = sst.mean();

// Convert from Kelvin to Celsius
var sstCelsius = sstImage.multiply(0.01);

// Define the climatology period (e.g., 1985-2015)
var startClimatology = '1985-01-01';
var endClimatology = '2015-12-31';

// Calculate the long-term average for this day of year across multiple years
// First, determine the day of year for our study date
var studyDayOfYear = ee.Date.parse('yyyy-MM-dd', studyDate).getRelative('day', 'year');

// Get a 30-day window around this day of year for all years in the climatology period
var climatologyCollection = ee.ImageCollection('NOAA/CDR/OISST/V2_1')
                            .filter(ee.Filter.date(startClimatology, endClimatology))
                            .filter(ee.Filter.calendarRange(studyDayOfYear.subtract(15), studyDayOfYear.add(15), 'day_of_year'));

// Calculate the long-term average SST for this time of year
var climatologyMean = climatologyCollection.select('sst').mean();
var climatologyMeanCelsius = climatologyMean.multiply(0.01);

// Calculate the anomaly (difference from the long-term average)
var anomaly = sstCelsius.subtract(climatologyMeanCelsius);

// Define visualization parameters for SST
var sstVis = {
  min: 10,
  max: 25,
  palette: ['000022', '0000ff', '00ffff', 'ffff00', 'ff0000', '990000'],
};

// Define visualization parameters for SST anomaly
var anomalyVis = {
  min: -3,
  max: 3,
  palette: ['blue', 'lightblue', 'white', 'pink', 'red'],
};

// Calculate statistics for both regions
var longBeachStats = anomaly.reduceRegion({
  reducer: ee.Reducer.mean(),
  geometry: longBeachRegion,
  scale: 5000,
  maxPixels: 1e9
});

var pismoBeachStats = anomaly.reduceRegion({
  reducer: ee.Reducer.mean(),
  geometry: pismoBeachRegion,
  scale: 5000,
  maxPixels: 1e9
});

// Extract values
var longBeachAnomaly = longBeachStats.get('sst');
var pismoBeachAnomaly = pismoBeachStats.get('sst');

// Also get the actual temperatures
var longBeachTempStats = sstCelsius.reduceRegion({
  reducer: ee.Reducer.mean(),
  geometry: longBeachRegion,
  scale: 5000,
  maxPixels: 1e9
});

var pismoBeachTempStats = sstCelsius.reduceRegion({
  reducer: ee.Reducer.mean(),
  geometry: pismoBeachRegion,
  scale: 5000,
  maxPixels: 1e9
});

var longBeachTemp = longBeachTempStats.get('sst');
var pismoBeachTemp = pismoBeachTempStats.get('sst');

// Print results
print('Date of Analysis:', studyDate);
print('Long Beach - Actual Temperature (°C):', longBeachTemp);
print('Pismo Beach - Actual Temperature (°C):', pismoBeachTemp);
print('Long Beach - Temperature Anomaly (°C):', longBeachAnomaly);
print('Pismo Beach - Temperature Anomaly (°C):', pismoBeachAnomaly);
print('Is Long Beach Anomaly Higher?', ee.Number(longBeachAnomaly).gt(pismoBeachAnomaly));
print('Anomaly Difference (Long Beach - Pismo Beach) in °C:', ee.Number(longBeachAnomaly).subtract(pismoBeachAnomaly));

// Set map center between the two points
var centerLon = (-118.089042 + -120.727924) / 2;
var centerLat = (33.601421 + 35.128348) / 2;
Map.setCenter(centerLon, centerLat, 7);

// Add layers to map
Map.addLayer(sstCelsius, sstVis, 'Sea Surface Temperature (°C)');
Map.addLayer(anomaly, anomalyVis, 'Temperature Anomaly (°C)');

// Add the analysis regions
Map.addLayer(longBeachRegion, {color: 'yellow'}, 'Long Beach Region');
Map.addLayer(pismoBeachRegion, {color: 'red'}, 'Pismo Beach Region');

// Add points for exact locations
Map.addLayer(ee.FeatureCollection([
  ee.Feature(longBeachPoint, {name: 'Long Beach'}),
  ee.Feature(pismoBeachPoint, {name: 'Pismo Beach'})
]), {color: 'white'}, 'Analysis Points');

// Create a mask showing where the anomaly is higher than a threshold
var highAnomalyThreshold = 2.0; // 2.0°C threshold
var highAnomalyMask = anomaly.gt(highAnomalyThreshold);
Map.addLayer(highAnomalyMask.selfMask(), {palette: ['red']}, 'Areas of High Temperature Anomaly', false);
",v1,341
"Was there more visible turbudity around location (33.710618, 136.025799) than location (33.884848, 136.367495
) in September 15,2018, as captured by MODIS Terra?",,https://earthobservatory.nasa.gov/images/92710/japans-waters-run-brown-after-typhoon-jebi,,"On September 5, 2018, the Moderate Resolution Imaging Spectroradiometer (MODIS) on NASA’s Terra satellite acquired this image of Osaka Bay and the Kansai region. Note the brown plumes of suspended sediment at several river mouths pouring into the sea and fading to teal as the sediment-rich water mixed with sea water.",,,MODIS-Terra,,,v2,342
"Did Trent River experience flooding between September 15 and September 20, 2017?",,https://earthobservatory.nasa.gov/images/92786/a-broad-view-of-flooding-in-the-carolinas,,"The Trent River reached an all-time high of 29 feet (8.8 meters) on September 17, more than twice the flood stage (the height at which the river will overflow and cause damage).",,,,,,v2,343
Does the NDVI in northern Afghanistan decrease during June-August 2018 compared to the June-August average of 2000-2013?,,https://earthobservatory.nasa.gov/images/92851/early-warnings-for-crop-failures,,"1. The top map shows one of the areas where crop conditions for 2017/18 was most affected: Afghanistan. Sparse rain and snowfall in Afghanistan over the past year have created drought conditions that are reducing crop yields. Reports say more Afghans have been displaced by drought conditions than conflict this year.
2. The biggest decrease in vegetative greenness occurred in northern Afghanistan, where approximately 20 percent of the country's total wheat is grown. ",,,,https://code.earthengine.google.com/5e6ae3b0da05dc296211871554eebb2a,"// Define the area of interest: Northern Afghanistan
var northernAfghanistan = ee.Geometry.Rectangle([62, 37, 67, 35.8]); // Approximate bounds for northern Afghanistan

// Load MODIS vegetation indices product (MOD13Q1 provides 16-day NDVI composites at 250m resolution)
// This product already includes ready-to-use NDVI data

// Get the baseline period (2000-2013) summer NDVI
var baseline = ee.ImageCollection('MODIS/061/MOD13Q1')
  .filterBounds(northernAfghanistan)
  .filter(ee.Filter.calendarRange(6, 8, 'month'))  // June-August
  .filter(ee.Filter.calendarRange(2000, 2013, 'year'))
  .select('NDVI');

// Get 2018 summer NDVI
var ndvi2018 = ee.ImageCollection('MODIS/061/MOD13Q1')
  .filterBounds(northernAfghanistan)
  .filter(ee.Filter.calendarRange(6, 8, 'month'))  // June-August
  .filter(ee.Filter.calendarRange(2018, 2018, 'year'))
  .select('NDVI');

// Create median composites
// MODIS NDVI values are scaled by 10000, so we'll normalize later for visualization
var baselineComposite = baseline.median();
var ndvi2018Composite = ndvi2018.median();

// Calculate the difference: 2018 minus baseline
var ndviDifference = ndvi2018Composite.subtract(baselineComposite);

// MODIS NDVI values range from -2000 to 10000 (scaled by 10000)
// Normalize for visualization
var normalizedBaselineComposite = baselineComposite.divide(10000);
var normalized2018Composite = ndvi2018Composite.divide(10000);
var normalizedDifference = ndviDifference.divide(10000);

// Visualization parameters
var ndviParams = {
  min: 0,
  max: 0.8,
  palette: ['brown', 'yellow', 'green']
};

var differenceParams = {
  min: -0.2,
  max: 0.2,
  palette: ['red', 'white', 'blue']
};

// Center map on Northern Afghanistan
Map.centerObject(northernAfghanistan, 6);

// Add layers to map
Map.addLayer(normalizedBaselineComposite, ndviParams, 'Average NDVI 2000-2013 (Jun-Aug)');
Map.addLayer(normalized2018Composite, ndviParams, 'NDVI 2018 (Jun-Aug)');
Map.addLayer(normalizedDifference, differenceParams, 'NDVI Difference (2018 minus 2000-2013 baseline)');
Map.addLayer(northernAfghanistan, {color: 'blue', opacity: 0.3}, 'Northern Afghanistan');

// Calculate and print NDVI statistics
var baselineStats = baselineComposite.reduceRegion({
  reducer: ee.Reducer.mean(),
  geometry: northernAfghanistan,
  scale: 1000,
  maxPixels: 1e9
});

var ndvi2018Stats = ndvi2018Composite.reduceRegion({
  reducer: ee.Reducer.mean(),
  geometry: northernAfghanistan,
  scale: 1000,
  maxPixels: 1e9
});

var ndviDifferenceStats = ndviDifference.reduceRegion({
  reducer: ee.Reducer.mean(),
  geometry: northernAfghanistan,
  scale: 1000,
  maxPixels: 1e9
});

// Print detailed information
print('Number of MODIS images in baseline period:', baseline.size());
print('Number of MODIS images in 2018:', ndvi2018.size());
print('Average NDVI in 2000-2013 (Jun-Aug):', ee.Number(baselineStats.get('NDVI')).divide(10000));
print('Average NDVI in 2018 (Jun-Aug):', ee.Number(ndvi2018Stats.get('NDVI')).divide(10000));
print('Average NDVI Difference (2018 minus 2000-2013 baseline):', ee.Number(ndviDifferenceStats.get('NDVI')).divide(10000));

// Determine if vegetation is decreasing in 2018 compared to baseline
var isDecreasing = ee.Number(ndviDifferenceStats.get('NDVI')).lt(0);
print('Did NDVI decrease in northern Afghanistan during summer 2018 compared to 2000-2013 baseline?', isDecreasing);",v1,344
Does evapotranspiration in Pakistan increase in August 2018 compared to January 2018?,,https://earthobservatory.nasa.gov/images/92903/smart-phones-bring-smart-irrigation,,"1. The maps at the top show evapotranspiration from January to September 2018, while this map focuses on August. This year, many parts of Pakistan experienced reduced rainfall and drought conditions.
2. [Image]",,,,https://code.earthengine.google.com/7e03c0e33420ebbc15cc4a4c1a310787,"// Define Pakistan boundary
var pakistan = ee.FeatureCollection('USDOS/LSIB_SIMPLE/2017')
  .filter(ee.Filter.eq('country_na', 'Pakistan'));

// Load MODIS Global Evapotranspiration data
// MOD16A2 provides ET every 8 days
var modisET = ee.ImageCollection('MODIS/006/MOD16A2')
  .filterBounds(pakistan);

// Get January 2018 data
var janET = modisET
  .filter(ee.Filter.date('2018-01-01', '2018-01-31'))
  .select('ET');

// Get August 2018 data
var augET = modisET
  .filter(ee.Filter.date('2018-08-01', '2018-08-31'))
  .select('ET');

// Calculate monthly means and apply scale factor (0.1)
// ET is in kg/m^2/8day, which needs to be converted to mm/8day (1 kg/m^2 = 1 mm)
var meanJanET = janET.mean().multiply(0.1);
var meanAugET = augET.mean().multiply(0.1);

// Calculate the difference
var etDifference = meanAugET.subtract(meanJanET);

// Set visualization parameters using RGB values
var etVis = {
  min: 0,
  max: 50,
  palette: ['white', 'blue']
};

// Visualization parameters for difference
var diffVis = {
  min: -20,
  max: 40,
  palette: ['white', 'blue']
};

// Calculate mean ET values for Pakistan
var janStats = meanJanET.reduceRegion({
  reducer: ee.Reducer.mean(),
  geometry: pakistan,
  scale: 500,
  maxPixels: 1e9
});

var augStats = meanAugET.reduceRegion({
  reducer: ee.Reducer.mean(),
  geometry: pakistan,
  scale: 500,
  maxPixels: 1e9
});

// Calculate percentage change
var janMean = ee.Number(janStats.get('ET'));
var augMean = ee.Number(augStats.get('ET'));
var absDifference = augMean.subtract(janMean);
var percentChange = absDifference.divide(janMean).multiply(100);

// Print results
print('Mean ET January 2018 (mm/8day):', janMean);
print('Mean ET August 2018 (mm/8day):', augMean);
print('Absolute difference (mm/8day):', absDifference);
print('Percentage change (%):', percentChange);
print('Does ET increase in August?', augMean.gt(janMean));

// Add layers to map
Map.centerObject(pakistan, 5);
Map.addLayer(meanJanET.clip(pakistan), etVis, 'January 2018 ET (mm/8day)');
Map.addLayer(meanAugET.clip(pakistan), etVis, 'August 2018 ET (mm/8day)', false);
Map.addLayer(etDifference.clip(pakistan), diffVis, 'ET Difference (Aug - Jan)', false);

// Add Pakistan outline
Map.addLayer(pakistan, {color: 'red'}, 'Pakistan Boundary');",v1,345
"Around the Lake Eerie and upstate New York, was there more snow on March 1, 2020 in comparison to the same region on February 22, 2020?",,"https://eoimages.gsfc.nasa.gov/images/imagerecords/146000/146382/erie_amo_2020053.jpg

https://eoimages.gsfc.nasa.gov/images/imagerecords/146000/146382/erie_tmo_2020060.jpg",,"The pair of natural-color satellite images at the top of the page were acquired on February 22 (left) and March 1, 2020 (right). While snow covered sizable parts of upstate New York and northwestern Pennsylvania on March 1, do not expect it to stay for long.",,,,,,v2,346
Did Dry Chaco forest cover decrease by more than 10% between 2000 and 2019?,,https://landsat.gsfc.nasa.gov/article/deforestation-in-paraguays-gran-chaco/,,,,,,,,v2,347
Did over half of the total land area in the Isles Dernières Barrier Islands Refuge become permanently lost to erosion and sea level rise from 2000 to 2024?,No,https://landsat.gsfc.nasa.gov/article/forty-years-of-change-in-louisianas-wetlands/,https://landsat.gsfc.nasa.gov/wp-content/uploads/2025/05/Louisiana-Wetlands-v9.mp4,"Not all change involves loss. In the Isles Dernieres Barrier Islands Refuge, shown above, various restoration projects over the past three decades have rebuilt these barrier islands. With sand dredged from the ocean floor and the Mississippi River, these revitalized islands help protect nearby communities from storm surge.
 ",,,,,,v2,348
Is the forest loss from 2015 to 2022 larger than that from 2000 to 2015 at Macaya National Park?,,https://landsat.gsfc.nasa.gov/article/hispaniolas-changing-forests/,,,,,,,,v2,349
Did the Lut Desert experience land surface temperatures above 75 degrees Celsius in 2018?,,https://modis.gsfc.nasa.gov/gallery/individual.php?db_date=2024-04-06,,,,,Modis-Aqua,,,v2,350
Did the Sonoran Desert experience land surface temperatures above 75 degrees Celsius in 2019?,,https://modis.gsfc.nasa.gov/gallery/individual.php?db_date=2024-04-06,,,,,MODIS-Aqua,,,v2,351
"Is the size of ozone hole (<220 Dobson units) over Antarctica between September 26 and 30, 2024 larger than that between August 26 and 30, 2024?",,https://science.nasa.gov/earth/nasa-noaa-2024-ozone-hole-update/,https://youtu.be/TpSkhWX8_4c,"1. This year, the ozone hole over Antarctica reached its annual maximum extent on September 28th, 2024, with an area of 8.5 million square miles (22.4 square million kilometers.) The hole, which is actually a region of depleted ozone, was the 20th smallest since scientists began recording the ozone hole in 1979. The average size of the ozone hole between September and October this year was the 7th-smallest since the Montreal Protocol began to take effect.",,climate,,,,v2,352
"Does the urban area of Medina, Saudi Arabia expand between June, 1984 and July, 2018?",,https://www.earthobservatory.nasa.gov/images/144471/,,"1. On June 22, 1984, the Thematic Mapper on Landsat 5 acquired the top image. More than three decades later, on July 22, 2018, the Operational Land Image (OLI) on Landsat 8 acquired the second image.
2. Over that span, the fast-expanding city spread across parts of a lava flow that extends from a fissure about 20 kilometers (12 miles) south of the city into Medina’s eastern suburbs. A new university, hospital complex, residential neighborhoods, and roads have transformed the dark, basalt of the lava flow into one that appears brighter and more varied.",,,,https://code.earthengine.google.com/e801e49d5906792744ca815e64b6e74a,"// Define Medina using FAO GAUL dataset
// var medina = ee.FeatureCollection('FAO/GAUL/2015/level1')
//   .filter(ee.Filter.and(
//     ee.Filter.eq('ADM0_NAME', 'Saudi Arabia'),
//     ee.Filter.eq('ADM1_NAME', 'Madinah')
//   ));
  
  
var medina = ee.Geometry.Polygon(
        [[[39.486144516393296, 24.519484836488356],
          [39.486144516393296, 24.37446538621662],
          [39.74294993631517, 24.37446538621662],
          [39.74294993631517, 24.519484836488356]]], null, false);

// Center map on Medina
Map.centerObject(medina, 10);

// ----- GHSL BUILT VOLUME ANALYSIS (1985-2015) -----

// Load GHSL built-up area datasets (built-up area grid)
// Using 1985 and 2015 as these are the closest available years to our target dates
var builtup_1985 = ee.Image('JRC/GHSL/P2023A/GHS_BUILT_V/1985').select('built_volume_total').clip(medina);
var builtup_2015 = ee.Image('JRC/GHSL/P2023A/GHS_BUILT_V/2015').select('built_volume_total').clip(medina);

// Visualization parameters for built-up areas
var builtupVisParams = {
  min: 0,
  max: 80000,
  palette: ['white', 'yellow', 'orange', 'red']
};

// ----- LANDSAT RGB ANALYSIS (1984-2018) -----

// June 1984 Landsat 5 TM data
var dataset_1984 = ee.ImageCollection('LANDSAT/LT05/C02/T1_L2')
    .filterDate('1984-06-01', '1984-06-30')  // Focus on June 1984
    .filterBounds(medina);

// July 2018 Landsat 8 OLI data (as Landsat 9 wasn't launched until 2021)
var dataset_2018 = ee.ImageCollection('LANDSAT/LC08/C02/T1_L2')
    .filterDate('2018-07-01', '2018-07-31')  // Focus on July 2018
    .filterBounds(medina);

// Function to apply scale factors for surface reflectance bands
function applyScaleFactors(image) {
  var opticalBands = image.select('SR_B.').multiply(0.0000275).add(-0.2);
  return image.addBands(opticalBands, null, true);
}

// Function to mask clouds using the QA_PIXEL band
function maskClouds(image) {
  // Get the QA band
  var qa = image.select('QA_PIXEL');
  
  // Bit positions: 1 = dilated cloud, 3 = cloud, 4 = cloud shadow
  var cloudBitMask = 1 << 1 | 1 << 3;
  var shadowBitMask = 1 << 4;
  
  // Mask out clouds and shadows
  var mask = qa.bitwiseAnd(cloudBitMask).eq(0)
             .and(qa.bitwiseAnd(shadowBitMask).eq(0));
  
  return image.updateMask(mask);
}

// Apply scale factors and cloud masking
dataset_1984 = dataset_1984.map(applyScaleFactors).map(maskClouds);
dataset_2018 = dataset_2018.map(applyScaleFactors).map(maskClouds);

// Create single composite images by taking the median value
var image_ls_1984 = dataset_1984.median().clip(medina);
var image_ls_2018 = dataset_2018.median().clip(medina);

// RGB visualization for Landsat 5 (1984)
var rgbVis_1984 = {
  bands: ['SR_B3', 'SR_B2', 'SR_B1'], // Landsat 5 RGB (Red, Green, Blue)
  min: 0,
  max: 0.3
};

// RGB visualization for Landsat 8 (2018)
var rgbVis_2018 = {
  bands: ['SR_B4', 'SR_B3', 'SR_B2'], // Landsat 8 RGB (Red, Green, Blue)
  min: 0,
  max: 0.3
};

// ----- COMBINED ANALYSIS & VISUALIZATION -----

// Add Medina boundary
Map.addLayer(medina, {}, 'Medina Province', false);

// Add Landsat RGB layers
Map.addLayer(image_ls_1984, rgbVis_1984, 'Landsat RGB June 1984', true);
Map.addLayer(image_ls_2018, rgbVis_2018, 'Landsat RGB July 2018', true);

// Add built-up area layers
Map.addLayer(builtup_1985, builtupVisParams, 'Built-up area 1985', false);
Map.addLayer(builtup_2015, builtupVisParams, 'Built-up area 2015', false);

// Calculate and add urban growth layer
var growth = builtup_2015.subtract(builtup_1985);
Map.addLayer(growth.selfMask(), {palette: ['yellow', 'orange', 'darkred'], min: 0, max: 10000000}, 'Urban growth 1985-2015', true);

// Calculate area statistics
var pixelArea = ee.Image.pixelArea();

// Define a threshold to consider an area as ""urban"" based on built volume
var threshold = ee.Number(500000); // Adjust this threshold as needed
var urban_1985 = builtup_1985.gt(threshold);
var urban_2015 = builtup_2015.gt(threshold);

var area_1985 = builtup_1985.multiply(pixelArea).reduceRegion({
  reducer: ee.Reducer.sum(),
  geometry: medina,
  scale: 300,  // Use Landsat resolution
  maxPixels: 1e9
});

var area_2015 = builtup_2015.multiply(pixelArea).reduceRegion({
  reducer: ee.Reducer.sum(),
  geometry: medina,
  scale: 30,
  maxPixels: 1e9
});

// Convert area to square kilometers
var urbanArea_1985_km2 = ee.Number(area_1985.get('built_volume_total')).divide(1e6);
var urbanArea_2015_km2 = ee.Number(area_2015.get('built_volume_total')).divide(1e6);

// Calculate changes in area
var areaChange_km2 = urbanArea_2015_km2.subtract(urbanArea_1985_km2);
var areaPercentChange = areaChange_km2.divide(urbanArea_1985_km2).multiply(100);

// Print results to console
print('Urban area in 1985 (km²):', urbanArea_1985_km2);
print('Urban area in 2015 (km²):', urbanArea_2015_km2);
print('Change in urban area (km²):', areaChange_km2);
print('Percentage change in urban area (%):', areaPercentChange);

// Add a visual answer to the map
var answer = ee.Algorithms.If(
  areaChange_km2.gt(0),
  'YES',
  'NO: Medina\'s urban area did not expand between 1984-2018'
);

print('Does the urban area of Medina, Saudi Arabia expand between June, 1984 and July, 2018?');
print(answer);",v1,353
"Does the surface water extent along the Lower Mississippi River (e.g., Arkansas City, Arkansas; Vicksburg, Mississippi; Natchez, Mississippi) increase in March 19, 2019 compared to March 19, 2017?",,https://www.earthobservatory.nasa.gov/images/144701/,,"1. Rivers remained at flood stage along much of the Lower Mississippi River in mid-March 2019. The Moderate Resolution Imaging Spectroradiometer (MODIS) on the Terra satellite acquired this false-color image on March 19, 2019. The second image shows the same area in March 2017, when water levels were lower.
2. River gauges at Arkansas City, Arkansas; Vicksburg, Mississippi; Natchez, Mississippi; and Baton Rouge, Louisiana, all measured water levels high enough to rank as major floods.T",,,,https://code.earthengine.google.com/b3d0776486b12596dcb095a1d9604acc,"// Define locations of interest
var arkansasCity = ee.Geometry.Point([-91.24, 33.61]).buffer(10000);  // 10km buffer
var vicksburg = ee.Geometry.Point([-90.88, 32.35]).buffer(10000);     // 10km buffer
var natchez = ee.Geometry.Point([-91.40, 31.56]).buffer(10000);       // 10km buffer

// Create a FeatureCollection for visualization and analysis
var cities = ee.FeatureCollection([
  ee.Feature(arkansasCity, {'name': 'Arkansas City'}),
  ee.Feature(vicksburg, {'name': 'Vicksburg'}),
  ee.Feature(natchez, {'name': 'Natchez'})
]);

// Define time periods for comparison
var march2017 = ee.ImageCollection('MODIS/006/MOD09GA')
  .filter(ee.Filter.date('2017-03-19', '2017-03-20'))
  .filterBounds(cities);
  
var march2019 = ee.ImageCollection('MODIS/006/MOD09GA')
  .filter(ee.Filter.date('2019-03-19', '2019-03-20'))
  .filterBounds(cities);

// Get single images from collections
var image2017 = march2017.first();
var image2019 = march2019.first();

// Function to calculate NDWI (Normalized Difference Water Index)
// Using Green and NIR bands for water detection
function calculateNDWI(image) {
  // For MODIS, band 4 is Green and band 2 is NIR
  var ndwi = image.normalizedDifference(['sur_refl_b04', 'sur_refl_b02']).rename('NDWI');
  return ndwi;
}

// Calculate NDWI for both dates
var ndwi2017 = calculateNDWI(image2017);
var ndwi2019 = calculateNDWI(image2019);

// Apply threshold to identify water (NDWI > 0.2 typically indicates water)
var water2017 = ndwi2017.gt(0.2);
var water2019 = ndwi2019.gt(0.2);

// Calculate water extent change
var waterChange = water2019.subtract(water2017);

// Calculate area for each city for both time periods
function calculateWaterAreaForCity(city, waterMask) {
  return waterMask.multiply(ee.Image.pixelArea()).divide(1000*1000) // Convert to km²
    .reduceRegion({
      reducer: ee.Reducer.sum(),
      geometry: city.geometry(),
      scale: 500,  // MODIS resolution
      maxPixels: 1e9
    });
}

// Function to calculate areas for each city
function calculateCityWaterAreas(cities, water2017, water2019) {
  return cities.map(function(city) {
    var area2017 = calculateWaterAreaForCity(city, water2017);
    var area2019 = calculateWaterAreaForCity(city, water2019);
    
    var area2017Value = ee.Number(area2017.get('NDWI'));
    var area2019Value = ee.Number(area2019.get('NDWI'));
    
    // Calculate absolute and percent change
    var absoluteChange = area2019Value.subtract(area2017Value);
    var percentChange = absoluteChange.divide(area2017Value).multiply(100);
    
    return city.set({
      'water_area_2017': area2017Value,
      'water_area_2019': area2019Value,
      'absolute_change': absoluteChange,
      'percent_change': percentChange
    });
  });
}

// Calculate water areas for all cities
var citiesWithData = calculateCityWaterAreas(cities, water2017, water2019);

// Visualization parameters
// True RGB composite visualization
var trueColorVis = {
  bands: ['sur_refl_b01', 'sur_refl_b04', 'sur_refl_b03'],
  min: 0,
  max: 3000
};

// NDWI visualization
var ndwiVis = {
  min: -1,
  max: 1,
  palette: ['red', 'white', 'blue']
};

// Water visualization
var waterVis = {
  palette: ['white', 'blue']
};

// Water change visualization
var changeVis = {
  palette: ['red', 'white', 'blue']  // Red (loss), White (no change), Blue (gain)
};

// City visualization
var cityVisParams = {
  color: 'yellow',
  fillColor: '00000000'  // Transparent fill
};

// Center map on the entire study area
var studyArea = cities.geometry().convexHull();
Map.centerObject(studyArea, 8);

// Add city boundaries
Map.addLayer(cities, cityVisParams, 'Study Locations');

// Add true color composites
Map.addLayer(image2017, trueColorVis, 'March 19, 2017 True Color');
Map.addLayer(image2019, trueColorVis, 'March 19, 2019 True Color');

// Add NDWI layers
Map.addLayer(ndwi2017, ndwiVis, 'March 2017 NDWI', false);
Map.addLayer(ndwi2019, ndwiVis, 'March 2019 NDWI', false);

// Add water extent layers
Map.addLayer(water2017, waterVis, 'March 2017 Water Extent');
Map.addLayer(water2019, waterVis, 'March 2019 Water Extent');

// Add water change layer
Map.addLayer(waterChange, changeVis, 'Water Extent Change (2019 - 2017)');

// Print results to console
print('Study Locations:', cities);
print('Water Area Analysis Results:', citiesWithData);

// Create a summary table to display the water area statistics
print('Summary of Changes in Water Extent (km²):');

// Print individual city results
citiesWithData.evaluate(function(cities) {
  cities.features.forEach(function(city) {
    var props = city.properties;
    print(props.name + ' Water Area 2017 (km²): ' + props.water_area_2017.toFixed(2));
    print(props.name + ' Water Area 2019 (km²): ' + props.water_area_2019.toFixed(2));
    print(props.name + ' Absolute Change (km²): ' + props.absolute_change.toFixed(2));
    print(props.name + ' Percent Change: ' + props.percent_change.toFixed(2) + '%');
    print('------------------------');
  });
});

// Overall water extent change for all cities combined
var totalArea2017 = water2017.multiply(ee.Image.pixelArea()).divide(1000*1000)
  .reduceRegion({
    reducer: ee.Reducer.sum(),
    geometry: studyArea,
    scale: 500,
    maxPixels: 1e9
  });

var totalArea2019 = water2019.multiply(ee.Image.pixelArea()).divide(1000*1000)
  .reduceRegion({
    reducer: ee.Reducer.sum(),
    geometry: studyArea,
    scale: 500,
    maxPixels: 1e9
  });

var totalChange = ee.Number(totalArea2019.get('NDWI')).subtract(totalArea2017.get('NDWI'));
var totalPercentChange = totalChange.divide(totalArea2017.get('NDWI')).multiply(100);

print('Total Water Area 2017 (km²):', totalArea2017.get('NDWI'));
print('Total Water Area 2019 (km²):', totalArea2019.get('NDWI'));
print('Total Change (km²):', totalChange);
print('Total Percent Change:', totalPercentChange, '%');

// Export results as CSV for further analysis
var resultsForExport = citiesWithData.select(['name', 'water_area_2017', 
                                              'water_area_2019', 'absolute_change', 
                                              'percent_change']);

Export.table.toDrive({
  collection: resultsForExport,
  description: 'Lower_Mississippi_Water_Extent_Change_2017_2019',
  fileFormat: 'CSV'
});",v1,354
"Does the surface water extent in Lake Sambhar, India decrease in around April 10, 2019 compared to around September 30, 2018?",,https://www.earthobservatory.nasa.gov/images/145180/,,"1. The right image shows Sambhar Lake when it was nearly dry in the pre-monsoon season on April 10, 2019.",,,,https://code.earthengine.google.com/4910eceda96c1e051e89196dd7e44e82,"// Lake Sambhar Surface Water Analysis (Sep 2018 vs Apr 2019)
// Set the location to Lake Sambhar, India
var sambharLake = ee.Geometry.Point([75.0904, 26.9239]);

// Define time periods for comparison
var dateBefore = ee.Date('2018-09-30');  // Around September 30, 2018
var dateAfter = ee.Date('2019-04-10');   // Around April 10, 2019

// Buffer dates to ensure image availability (5 days before and after)
var beforeStart = dateBefore.advance(-5, 'day');
var beforeEnd = dateBefore.advance(5, 'day');
var afterStart = dateAfter.advance(-5, 'day');
var afterEnd = dateAfter.advance(5, 'day');

// Load Landsat 8 Collection 2, Tier 1, Level 2 data
var collection = ee.ImageCollection('LANDSAT/LC08/C02/T1_L2');

// Function to apply scale factors to the images
function applyScaleFactors(image) {
  var opticalBands = image.select('SR_B.').multiply(0.0000275).add(-0.2);
  var thermalBands = image.select('ST_B.*').multiply(0.00341802).add(149.0);
  return image.addBands(opticalBands, null, true)
    .addBands(thermalBands, null, true);
}

// Get images for both time periods
var beforeImages = collection
  .filterDate(beforeStart, beforeEnd)
  .filterBounds(sambharLake)
  .map(applyScaleFactors);

var afterImages = collection
  .filterDate(afterStart, afterEnd)
  .filterBounds(sambharLake)
  .map(applyScaleFactors);

// Select the least cloudy image from each period
var beforeImage = beforeImages.sort('CLOUD_COVER').first();
var afterImage = afterImages.sort('CLOUD_COVER').first();

// Display natural color composite
var visParams = {
  bands: ['SR_B4', 'SR_B3', 'SR_B2'],
  min: 0.02,
  max: 0.3
};

// Add images to the map
Map.centerObject(sambharLake, 11);
Map.addLayer(beforeImage, visParams, 'September 2018');
Map.addLayer(afterImage, visParams, 'April 2019');

// Calculate NDWI (Normalized Difference Water Index) for water detection
function calculateNDWI(image) {
  return image.normalizedDifference(['SR_B3', 'SR_B5'])
    .rename('NDWI');
}

var beforeNDWI = calculateNDWI(beforeImage);
var afterNDWI = calculateNDWI(afterImage);

// Apply water threshold (NDWI > 0 typically indicates water)
var waterThreshold = 0;
var beforeWater = beforeNDWI.gt(waterThreshold);
var afterWater = afterNDWI.gt(waterThreshold);

// Add water extent to map
var waterVis = {
  min: 0,
  max: 1,
  palette: ['white', 'blue']
};

Map.addLayer(beforeWater, waterVis, 'Water Extent September 2018');
Map.addLayer(afterWater, waterVis, 'Water Extent April 2019');

// Calculate water area in square kilometers
var areaImage = ee.Image.pixelArea().divide(1000000); // Convert to sq km

// Define the lake boundary (using a buffer around the center point)
var lakeBoundary = sambharLake.buffer(10000); // 10km buffer - adjust as needed

// Calculate water area for each period
var beforeArea = beforeWater.multiply(areaImage).reduceRegion({
  reducer: ee.Reducer.sum(),
  geometry: lakeBoundary,
  scale: 30,
  maxPixels: 1e9
});

var afterArea = afterWater.multiply(areaImage).reduceRegion({
  reducer: ee.Reducer.sum(),
  geometry: lakeBoundary,
  scale: 30,
  maxPixels: 1e9
});

// Print the areas
print('Water Area September 2018 (sq km):', beforeArea.get('NDWI'));
print('Water Area April 2019 (sq km):', afterArea.get('NDWI'));

// Calculate and display the difference
var areaDifference = ee.Number(beforeArea.get('NDWI')).subtract(afterArea.get('NDWI'));
var percentChange = areaDifference.divide(beforeArea.get('NDWI')).multiply(100);

print('Change in Water Area (sq km):', areaDifference);
print('Percent Change:', percentChange);

// Add a visual difference layer (red = water loss, blue = water gain)
var waterDifference = beforeWater.subtract(afterWater);
var diffVis = {
  min: -1,
  max: 1,
  palette: ['blue', 'white', 'red']
};

Map.addLayer(waterDifference, diffVis, 'Water Difference (Red = Lost, Blue = Gained)');",v1,355
"Does the surface water extent in southern Iran increase on January 13, 2020, compared to January 8, 2020?",,https://www.earthobservatory.nasa.gov/images/146150/,,"1. Heavy rain starting on January 9, 2020, have led to flash floods across the Hormozgan, Kerman, and Sistan-Baluchestan provinces in southern Iran. The floods have destroyed thousands of houses, displaced hundreds of people, and caused at least three fatalities.",,,,https://code.earthengine.google.com/a27b1c2cf6e04267f79d4d9eee85606b,"// Define study region using a custom geometry for the Hormozgan and Kerman area
// Using a defined polygon instead of FAO boundaries
var studyAreaGeometry = ee.Geometry.Polygon(
        [[[59.38220418327394, 27.170033066045942],
          [59.38220418327394, 25.491296422928563],
          [61.46960652702394, 25.491296422928563],
          [61.46960652702394, 27.170033066045942]]], null, false);

// Import MODIS NDWI data for the specific dates
// January 8, 2020 data
var dataset_jan8 = ee.ImageCollection('MODIS/MOD09GA_006_NDWI')
  .filter(ee.Filter.date('2020-01-08', '2020-01-09'))
  .filterBounds(studyAreaGeometry);

// January 13, 2020 data  
var dataset_jan13 = ee.ImageCollection('MODIS/MOD09GA_006_NDWI')
  .filter(ee.Filter.date('2020-01-13', '2020-01-14'))
  .filterBounds(studyAreaGeometry);

// Get single image from each collection as a mosaic to ensure full coverage
var image_jan8 = dataset_jan8.mosaic();
var image_jan13 = dataset_jan13.mosaic();

// Extract the NDWI band directly (the collection already contains pre-calculated NDWI)
var ndwi_jan8 = image_jan8.select('NDWI');
var ndwi_jan13 = image_jan13.select('NDWI');

// Apply threshold to identify water (NDWI > 0.1 typically indicates water)
var water_jan8 = ndwi_jan8.gt(0.1);
var water_jan13 = ndwi_jan13.gt(0.1);

// Calculate water extent for both periods (in km²)
var area_jan8 = water_jan8.multiply(ee.Image.pixelArea()).divide(1000*1000)
  .reduceRegion({
    reducer: ee.Reducer.sum(),
    geometry: studyAreaGeometry,
    scale: 500,  // MODIS resolution
    maxPixels: 1e9
  });

var area_jan13 = water_jan13.multiply(ee.Image.pixelArea()).divide(1000*1000)
  .reduceRegion({
    reducer: ee.Reducer.sum(),
    geometry: studyAreaGeometry,
    scale: 500,
    maxPixels: 1e9
  });

// Calculate the difference in water extent
var water_difference = water_jan13.subtract(water_jan8);

// NDWI visualization
var ndwiVis = {
  min: -1,
  max: 1,
  palette: ['red', 'white', 'blue']
};

// Water visualization
var waterVis = {
  palette: ['white', 'blue']
};

// Difference visualization
var differenceVis = {
  palette: ['red', 'white', 'blue']  // Red (loss), White (no change), Blue (gain)
};

// Add layers to map
Map.centerObject(studyAreaGeometry, 7);

// Add study area boundary
Map.addLayer(studyAreaGeometry, {color: 'yellow'}, 'Study Area');

// Add the true color composites

// Add NDWI layers
Map.addLayer(ndwi_jan8, ndwiVis, 'Jan 8, 2020 NDWI', false);
Map.addLayer(ndwi_jan13, ndwiVis, 'Jan 13, 2020 NDWI', false);

// Add water extent layers
Map.addLayer(water_jan8, waterVis, 'Jan 8, 2020 Water Extent');
Map.addLayer(water_jan13, waterVis, 'Jan 13, 2020 Water Extent');

// Add difference layer
Map.addLayer(water_difference, differenceVis, 'Water Extent Change (Jan 13 - Jan 8)');

// Print areas to console
print('Water area Jan 8, 2020 (km²):', area_jan8.get('NDWI'));
print('Water area Jan 13, 2020 (km²):', area_jan13.get('NDWI'));
print('Difference (km²):', ee.Number(area_jan13.get('NDWI')).subtract(area_jan8.get('NDWI')));
print('Percent change:', ee.Number(area_jan13.get('NDWI')).subtract(area_jan8.get('NDWI'))
  .divide(area_jan8.get('NDWI')).multiply(100));
",v1,356
"Does cloud cover increase in Western Australia (specifically (-20.59, 125.93)) between 11:00 and 14:00 local time on January 14, 2020?",,https://www.earthobservatory.nasa.gov/images/146158/,,"1. These images show the evolution of a storm over Western Australia on January 14, 2020. Morning skies appear clear in the left image, acquired around 11 a.m. local time. The storm starts growing in the afternoon at about 1 p.m. (middle) and even larger an hour later (right image).",,,,https://code.earthengine.google.com/f8838df6f02a092ad2b0a99f606f279e,"// Analysis of cloud cover changes in Western Australia
// Date: January 14, 2020
// Time: Between 11:00 and 14:00 local time
// Using Google Earth Engine (GEE) JavaScript API

// Define the point of interest in Western Australia
var westAustraliaPoint = ee.Geometry.Point([125.93, -20.59]);

// Create a small region (buffer) around the point for analysis
var regionOfInterest = westAustraliaPoint.buffer(50000); // 50km buffer

// Calculate the UTC times for 11:00 and 14:00 Western Australia time
// Western Australia Standard Time is UTC+8
// So 11:00 local = 03:00 UTC and 14:00 local = 06:00 UTC
var startTime = ee.Date('2020-01-14T03:00:00');
var endTime = ee.Date('2020-01-14T06:00:00');

// Load MODIS Aqua and Terra data for the time period
// Using MYD09GA (Aqua) and MOD09GA (Terra) products which include cloud state information
// MODIS Terra typically passes over in the morning, while Aqua passes in the afternoon
// This helps us get data closer to our target times

// Filter Terra collection (morning pass, closer to 11:00 local time)
var modisTerraCollection = ee.ImageCollection('MODIS/061/MOD09GA')
  .filter(ee.Filter.date('2020-01-14', '2020-01-15'))
  .filterBounds(regionOfInterest);
  
// Filter Aqua collection (afternoon pass, closer to 14:00 local time)
var modisAquaCollection = ee.ImageCollection('MODIS/061/MYD09GA')
  .filter(ee.Filter.date('2020-01-14', '2020-01-15'))
  .filterBounds(regionOfInterest);

// Get the Terra image closest to 11:00 local time
var morningImage = modisTerraCollection
  .sort('system:time_start')
  .first();

// Get the Aqua image closest to 14:00 local time
var afternoonImage = modisAquaCollection
  .sort('system:time_start')
  .first();

// Function to extract cloud flag from MODIS QC band (bit 0-1)
function extractCloudMask(image) {
  var qa = image.select('state_1km');
  // Cloud state: 0=clear, 1=cloudy, 2=mixed, 3=not set, fill value
  var cloudState = qa.bitwiseAnd(3);  // 3 is binary 11, which gets the first two bits
  var cloudMask = cloudState.eq(1).or(cloudState.eq(2));   // 1 means cloudy, 2 means mixed
  return cloudMask;
}

// Get cloud masks for morning and afternoon
var morningCloudMask = extractCloudMask(morningImage).unmask(0);
var afternoonCloudMask = extractCloudMask(afternoonImage).unmask(0);

// Calculate cloud cover percentage for morning and afternoon
var morningStats = morningCloudMask.multiply(ee.Image.pixelArea()).reduceRegion({
  reducer: ee.Reducer.sum(),
  geometry: regionOfInterest,
  scale: 5000, // MODIS resolution
  maxPixels: 1e12
});

var afternoonStats = afternoonCloudMask.multiply(ee.Image.pixelArea()).reduceRegion({
  reducer: ee.Reducer.sum(),
  geometry: regionOfInterest,
  scale: 5000,
  maxPixels: 1e12
});

// Calculate total area of the region
var totalArea = ee.Image.pixelArea().reduceRegion({
  reducer: ee.Reducer.sum(),
  geometry: regionOfInterest,
  scale: 5000,
  maxPixels: 1e12
});

// Calculate percentages
var morningCloudArea = ee.Number(morningStats.get('state_1km'));
var afternoonCloudArea = ee.Number(afternoonStats.get('state_1km'));
var totalRegionArea = ee.Number(totalArea.get('area'));

var morningCloudPercentage = morningCloudArea.divide(totalRegionArea).multiply(100);
var afternoonCloudPercentage = afternoonCloudArea.divide(totalRegionArea).multiply(100);
var cloudCoverChange = afternoonCloudPercentage.subtract(morningCloudPercentage);

// Get the actual timestamps of the images for reference
var morningTimestamp = ee.Date(morningImage.get('system:time_start')).format('YYYY-MM-dd HH:mm:ss');
var afternoonTimestamp = ee.Date(afternoonImage.get('system:time_start')).format('YYYY-MM-dd HH:mm:ss');

// Print results
print('Western Australia Cloud Cover Analysis - January 14, 2020');
print('Location:', westAustraliaPoint);
print('Morning image timestamp (UTC):', morningTimestamp);
print('Afternoon image timestamp (UTC):', afternoonTimestamp);
print('Morning cloud cover (%):', morningCloudPercentage);
print('Afternoon cloud cover (%):', afternoonCloudPercentage);
print('Change in cloud cover (percentage points):', cloudCoverChange);
print('Does cloud cover increase between 11:00 and 14:00?', cloudCoverChange.gt(0));

// Visualization parameters
var trueColorVisParams = {
  bands: ['sur_refl_b01', 'sur_refl_b04', 'sur_refl_b03'],
  min: 0,
  max: 3000
};

var cloudVisParams = {
  palette: ['00FFFF'],  // Cyan for clouds
  min: 0,
  max: 1
};

// Center map on the point of interest
Map.centerObject(regionOfInterest, 8);

// Add layers to the map
Map.addLayer(morningImage, trueColorVisParams, 'Morning True Color (~11:00 local time)', true);
Map.addLayer(afternoonImage, trueColorVisParams, 'Afternoon True Color (~14:00 local time)', true);
Map.addLayer(morningCloudMask.selfMask(), cloudVisParams, 'Morning Clouds', true);
Map.addLayer(afternoonCloudMask.selfMask(), {palette: ['FF0000']}, 'Afternoon Clouds', true);
Map.addLayer(regionOfInterest, {color: 'yellow'}, 'Region of Interest');
Map.addLayer(westAustraliaPoint, {color: 'red'}, 'Target Location (-20.59, 125.93)');",v1,357
"Does the surface water extent along the Lower Mississippi River (e.g., Mississippi, Louisiana) increase in February 2, 2020 compared to December 4, 2019?",,https://www.earthobservatory.nasa.gov/images/146251/,,"1. Persistent heavy rains across the Mississippi River watershed swelled the river to its banks, occasionally causing water to spill onto floodplains in late January 2020.
2. As of February 4, the NOAA Advanced Hydrological Prediction Service reported 3 river gauges with moderate flooding, 12 with minor flooding, and 17 near flood stage along the Lower Mississippi.",,,,https://code.earthengine.google.com/7d1ae5818708772e3fdfa90a1a382a91,"// Define study region using FAO GAUL dataset for Mississippi and Louisiana states
// FAO GAUL is the Food and Agriculture Organization Global Administrative Unit Layers
var gaul = ee.FeatureCollection('FAO/GAUL/2015/level1');

// Select Mississippi and Louisiana states
var mississippi = gaul.filter(ee.Filter.eq('ADM1_NAME', 'Mississippi'));
var louisiana = gaul.filter(ee.Filter.eq('ADM1_NAME', 'Louisiana'));

// Combine the two states
var lowerMississippi = mississippi.merge(louisiana).geometry();

// Import MODIS data
// December 4, 2019 data
var dataset_dec2019 = ee.ImageCollection('MODIS/006/MOD09GA')
  .filter(ee.Filter.date('2019-12-04', '2019-12-05'))
  .filterBounds(lowerMississippi);

// February 2, 2020 data  
var dataset_feb2020 = ee.ImageCollection('MODIS/006/MOD09GA')
  .filter(ee.Filter.date('2020-02-02', '2020-02-03'))
  .filterBounds(lowerMississippi);

// Get single image from each collection
var image_dec2019 = dataset_dec2019.first();
var image_feb2020 = dataset_feb2020.first();

// Function to calculate NDWI (Normalized Difference Water Index)
// Using Green and NIR bands for water detection
function calculateNDWI(image) {
  // For MODIS, band 4 is Green and band 2 is NIR
  var ndwi = image.normalizedDifference(['sur_refl_b04', 'sur_refl_b02']).rename('NDWI');
  return ndwi;
}

// Calculate NDWI for both dates
var ndwi_dec2019 = calculateNDWI(image_dec2019);
var ndwi_feb2020 = calculateNDWI(image_feb2020);

// Apply threshold to identify water (NDWI > 0.2 typically indicates water)
var water_dec2019 = ndwi_dec2019.gt(0.2);
var water_feb2020 = ndwi_feb2020.gt(0.2);

// Calculate water extent for both periods (in km²)
var area_dec2019 = water_dec2019.multiply(ee.Image.pixelArea()).divide(1000*1000)
  .reduceRegion({
    reducer: ee.Reducer.sum(),
    geometry: lowerMississippi,
    scale: 500,  // MODIS resolution
    maxPixels: 1e9
  });

var area_feb2020 = water_feb2020.multiply(ee.Image.pixelArea()).divide(1000*1000)
  .reduceRegion({
    reducer: ee.Reducer.sum(),
    geometry: lowerMississippi,
    scale: 500,
    maxPixels: 1e9
  });

// Calculate the difference in water extent
var water_difference = water_feb2020.subtract(water_dec2019);

// True RGB composite visualization
var trueColorVis = {
  bands: ['sur_refl_b01', 'sur_refl_b04', 'sur_refl_b03'],
  min: 0,
  max: 3000
};

// NDWI visualization
var ndwiVis = {
  min: -1,
  max: 1,
  palette: ['red', 'white', 'blue']
};

// Water visualization
var waterVis = {
  palette: ['white', 'blue']
};

// Difference visualization
var differenceVis = {
  palette: ['red', 'white', 'blue']  // Red (loss), White (no change), Blue (gain)
};

// Add layers to map
Map.centerObject(lowerMississippi, 8);

// Add state boundaries
Map.addLayer(lowerMississippi, {color: 'grey'}, 'Mississippi and Louisiana States', false);
Map.addLayer(ee.Feature(lowerMississippi), {color: 'yellow'}, 'Study Area Boundary');

// Add the true color composites
Map.addLayer(image_dec2019, trueColorVis, 'Dec 2019 True Color');
Map.addLayer(image_feb2020, trueColorVis, 'Feb 2020 True Color', false);

// Add NDWI layers
Map.addLayer(ndwi_dec2019, ndwiVis, 'Dec 2019 NDWI', false);
Map.addLayer(ndwi_feb2020, ndwiVis, 'Feb 2020 NDWI', false);

// Add water extent layers
Map.addLayer(water_dec2019, waterVis, 'Dec 2019 Water Extent');
Map.addLayer(water_feb2020, waterVis, 'Feb 2020 Water Extent');

// Add difference layer
Map.addLayer(water_difference, differenceVis, 'Water Extent Change (Feb - Dec)');

// Print areas to console
print('Study area:', lowerMississippi);
print('Water area Dec 2019 (km²):', area_dec2019.get('NDWI'));
print('Water area Feb 2020 (km²):', area_feb2020.get('NDWI'));
print('Difference (km²):', ee.Number(area_feb2020.get('NDWI')).subtract(area_dec2019.get('NDWI')));
print('Percent change:', ee.Number(area_feb2020.get('NDWI')).subtract(area_dec2019.get('NDWI'))
  .divide(area_dec2019.get('NDWI')).multiply(100));",v1,358
"Does tropospheric nitrogen dioxide (NO2) levels in Chongqing, China increase during April 20-May 12, 2020 compared to February 10-25, 2020?",,https://www.earthobservatory.nasa.gov/images/146741/,,"1. In February and March 2020, NO2 levels over Wuhan and some other Chinese cities were well below long-term trends. By April, levels approached the long-term norm for the season.",,,,https://code.earthengine.google.com/f56303ceae953b5d0e4e661f1b12a41b,"// Load Sentinel-5P TROPOMI NO2 data for the two time periods
var dataset_feb = ee.ImageCollection('COPERNICUS/S5P/NRTI/L3_NO2')
                  .filter(ee.Filter.date('2020-02-10', '2020-02-25'))
                  .filter(ee.Filter.bounds(ee.Geometry.Point([106.5504, 29.5630]))); // Chongqing coordinates

var dataset_apr_may = ee.ImageCollection('COPERNICUS/S5P/NRTI/L3_NO2')
                  .filter(ee.Filter.date('2020-04-20', '2020-05-12'))
                  .filter(ee.Filter.bounds(ee.Geometry.Point([106.5504, 29.5630]))); // Chongqing coordinates

// Select the tropospheric NO2 column density band
var no2_feb = dataset_feb.select('tropospheric_NO2_column_number_density');
var no2_apr_may = dataset_apr_may.select('tropospheric_NO2_column_number_density');

// Create a visualization parameter for NO2 data
var no2Vis = {
  min: 0,
  max: 0.0002, // Adjust based on typical NO2 range (in mol/m^2)
  palette: ['black', 'blue', 'purple', 'cyan', 'green', 'yellow', 'red']
};

// Define Chongqing region (using a buffer around city center to capture the metropolitan area)
var chongqing_center = ee.Geometry.Point([106.5504, 29.5630]);
var chongqing_region = chongqing_center.buffer(50000); // 50km buffer

// Function to calculate mean NO2 concentration for a dataset
function calculateMeanNO2(dataset) {
  // Get the mean NO2 concentration over the time period
  var meanNO2 = dataset.mean();
  
  // Calculate the mean value within the region
  var regionalMean = meanNO2.reduceRegion({
    reducer: ee.Reducer.mean(),
    geometry: chongqing_region,
    scale: 5000,
    maxPixels: 1e12
  });
  
  return regionalMean.get('tropospheric_NO2_column_number_density');
}

// Calculate the mean NO2 concentration for both periods
var mean_feb = calculateMeanNO2(no2_feb);
var mean_apr_may = calculateMeanNO2(no2_apr_may);

// Calculate the percentage change
var absoluteChange = ee.Number(mean_apr_may).subtract(mean_feb);
var percentChange = absoluteChange.divide(mean_feb).multiply(100);

// Print the results
print('Mean NO2 Concentration February 10-25, 2020 (mol/m²):', mean_feb);
print('Mean NO2 Concentration April 20-May 12, 2020 (mol/m²):', mean_apr_may);
print('Absolute Change (mol/m²):', absoluteChange);
print('Percentage Change (%):', percentChange);
print('Did NO2 concentration increase in April-May?', ee.Number(mean_apr_may).gt(mean_feb));

// Visualization
Map.setCenter(106.5504, 29.5630, 8); // Center on Chongqing

// Calculate mean NO2 for both periods
var meanNO2_feb = no2_feb.mean();
var meanNO2_apr_may = no2_apr_may.mean();

// Add layers to the map
Map.addLayer(meanNO2_feb, no2Vis, 'Mean NO2 February 10-25, 2020');
Map.addLayer(meanNO2_apr_may, no2Vis, 'Mean NO2 April 20-May 12, 2020');

// Create a difference image to show changes
var no2Difference = meanNO2_apr_may.subtract(meanNO2_feb);
var diffVis = {
  min: -0.0001,
  max: 0.0001,
  palette: ['blue', 'white', 'red']
};

Map.addLayer(no2Difference, diffVis, 'NO2 Change (Apr-May - Feb 2020)', true);

// Add the Chongqing region boundary
Map.addLayer(ee.FeatureCollection(chongqing_region), {color: 'black'}, 'Chongqing Metropolitan Area', false);

// Create masks showing areas of NO2 increase and decrease
var increaseThreshold = 0.00002; // Adjust based on observed values
var decreaseThreshold = -0.00002; // Adjust based on observed values

var increaseMask = no2Difference.gt(increaseThreshold);
var decreaseMask = no2Difference.lt(decreaseThreshold);

Map.addLayer(increaseMask.selfMask(), {palette: ['darkred']}, 'Areas with NO2 Increase', false);
Map.addLayer(decreaseMask.selfMask(), {palette: ['darkblue']}, 'Areas with NO2 Decrease', false);

// Add a chart showing the time series of NO2 values for both periods
var no2_chart = ui.Chart.image.seriesByRegion({
  imageCollection: ee.ImageCollection('COPERNICUS/S5P/NRTI/L3_NO2')
                  .filter(ee.Filter.date('2020-02-01', '2020-05-15'))
                  .select('tropospheric_NO2_column_number_density'),
  regions: ee.FeatureCollection(chongqing_region),
  reducer: ee.Reducer.mean(),
  scale: 5000,
  xProperty: 'system:time_start'
})
.setOptions({
  title: 'NO2 Levels Over Time in Chongqing (Feb-May 2020)',
  vAxis: {title: 'NO2 Concentration (mol/m²)'},
  hAxis: {title: 'Date', format: 'MM-dd'},
  lineWidth: 1,
  pointSize: 3
});

print(no2_chart);",v1,359
"Does tropospheric nitrogen dioxide (NO2) levels in Taiwan increase during April 20-May 12, 2020 compared to February 10-25, 2020?",No,https://www.earthobservatory.nasa.gov/images/146741/,,"1. In February and March 2020, NO2 levels over Wuhan and some other Chinese cities were well below long-term trends. By April, levels approached the long-term norm for the season.",,,,https://code.earthengine.google.com/b3e66e1eda75e2d8c6b2a6382e4a21f2,"// Load Sentinel-5P TROPOMI NO2 data for the two time periods
var dataset_feb = ee.ImageCollection('COPERNICUS/S5P/NRTI/L3_NO2')
                  .filter(ee.Filter.date('2020-02-10', '2020-02-25'))
                  .filter(ee.Filter.bounds(ee.Geometry.Point([121.5654, 25.0330]))); // Taiwan coordinates (Taipei)

var dataset_apr_may = ee.ImageCollection('COPERNICUS/S5P/NRTI/L3_NO2')
                  .filter(ee.Filter.date('2020-04-20', '2020-05-12'))
                  .filter(ee.Filter.bounds(ee.Geometry.Point([121.5654, 25.0330]))); // Taiwan coordinates (Taipei)

// Select the tropospheric NO2 column density band
var no2_feb = dataset_feb.select('tropospheric_NO2_column_number_density');
var no2_apr_may = dataset_apr_may.select('tropospheric_NO2_column_number_density');

// Create a visualization parameter for NO2 data
var no2Vis = {
  min: 0,
  max: 0.0002, // Adjust based on typical NO2 range (in mol/m^2)
  palette: ['black', 'blue', 'purple', 'cyan', 'green', 'yellow', 'red']
};

// Define Taiwan region
// Using a polygon to define Taiwan's main island
var taiwan_region = ee.Geometry.Polygon(
        [[[119.7581490234375, 25.573161067268522],
          [119.7581490234375, 21.70948806173717],
          [122.4278267578125, 21.70948806173717],
          [122.4278267578125, 25.573161067268522]]], null, false);

// Function to calculate mean NO2 concentration for a dataset
function calculateMeanNO2(dataset) {
  // Get the mean NO2 concentration over the time period
  var meanNO2 = dataset.mean();
  
  // Calculate the mean value within the region
  var regionalMean = meanNO2.reduceRegion({
    reducer: ee.Reducer.mean(),
    geometry: taiwan_region,
    scale: 50000,
    maxPixels: 1e12
  });
  
  return regionalMean.get('tropospheric_NO2_column_number_density');
}

// Calculate the mean NO2 concentration for both periods
var mean_feb = calculateMeanNO2(no2_feb);
var mean_apr_may = calculateMeanNO2(no2_apr_may);

// Calculate the percentage change
var absoluteChange = ee.Number(mean_apr_may).subtract(mean_feb);
var percentChange = absoluteChange.divide(mean_feb).multiply(100);

// Print the results
print('Mean NO2 Concentration February 10-25, 2020 (mol/m²):', mean_feb);
print('Mean NO2 Concentration April 20-May 12, 2020 (mol/m²):', mean_apr_may);
print('Absolute Change (mol/m²):', absoluteChange);
print('Percentage Change (%):', percentChange);
print('Did NO2 concentration increase in April-May?', ee.Number(mean_apr_may).gt(mean_feb));

// Visualization
Map.setCenter(121.5654, 23.6978, 7); // Center on Taiwan

// Calculate mean NO2 for both periods
var meanNO2_feb = no2_feb.mean();
var meanNO2_apr_may = no2_apr_may.mean();

// Add layers to the map
Map.addLayer(meanNO2_feb, no2Vis, 'Mean NO2 February 10-25, 2020');
Map.addLayer(meanNO2_apr_may, no2Vis, 'Mean NO2 April 20-May 12, 2020');

// Create a difference image to show changes
var no2Difference = meanNO2_apr_may.subtract(meanNO2_feb);
var diffVis = {
  min: -0.0001,
  max: 0.0001,
  palette: ['blue', 'white', 'red']
};

Map.addLayer(no2Difference, diffVis, 'NO2 Change (Apr-May - Feb 2020)', true);

// Add the Taiwan region boundary
Map.addLayer(ee.FeatureCollection(taiwan_region), {color: 'black'}, 'Taiwan Region', false);

// Create masks showing areas of NO2 increase and decrease
var increaseThreshold = 0.00002; // Adjust based on observed values
var decreaseThreshold = -0.00002; // Adjust based on observed values

var increaseMask = no2Difference.gt(increaseThreshold);
var decreaseMask = no2Difference.lt(decreaseThreshold);

Map.addLayer(increaseMask.selfMask(), {palette: ['darkred']}, 'Areas with NO2 Increase', false);
Map.addLayer(decreaseMask.selfMask(), {palette: ['darkblue']}, 'Areas with NO2 Decrease', false);

// Add a chart showing the time series of NO2 values for both periods
var no2_chart = ui.Chart.image.seriesByRegion({
  imageCollection: ee.ImageCollection('COPERNICUS/S5P/NRTI/L3_NO2')
                  .filter(ee.Filter.date('2020-02-01', '2020-05-15'))
                  .select('tropospheric_NO2_column_number_density'),
  regions: ee.FeatureCollection(taiwan_region),
  reducer: ee.Reducer.mean(),
  scale: 5000,
  xProperty: 'system:time_start'
})
.setOptions({
  title: 'NO2 Levels Over Time in Taiwan (Feb-May 2020)',
  vAxis: {title: 'NO2 Concentration (mol/m²)'},
  hAxis: {title: 'Date', format: 'MM-dd'},
  lineWidth: 1,
  pointSize: 3
});

print(no2_chart);",v1,360
"Does the number of fire hotspots in the Paraná River delta from January through July 22, 2020, exceed those detected during the same period in 2019?",,https://www.earthobservatory.nasa.gov/images/147031/,,"1. Remote sensing scientists at the Universidad Nacional de San Martín have been tracking how many active fire detections the Visible Infrared Imaging Radiometer Suite (VIIRS) and Moderate Resolution Imaging Spectroradiometer (MODIS) satellite sensors have made in recent months, finding that MODIS had in 2020 detected more than 1,450 hotspots in the Paraná River delta through July 22, more than any other year since 2008.",,,,https://code.earthengine.google.com/2c98caedac36cf78c28bc7cc7b5c58d5,"// Define the study area: Paraná River delta region
var paranaRiverDelta = ee.Geometry.Polygon([
  [[-60.7, -32.0], 
   [-60.7, -34.5], 
   [-58.0, -34.5], 
   [-58.0, -32.0]]
], null, false);

// Load MODIS Thermal Anomalies & Fire product (MCD14ML)
var fireHotspots2019 = ee.ImageCollection('MODIS/006/MOD14A1')
  .filterDate('2019-01-01', '2019-07-22')  // January through July 22, 2019
  .select('MaxFRP')  // Maximum Fire Radiative Power
  .filterBounds(paranaRiverDelta);

var fireHotspots2020 = ee.ImageCollection('MODIS/006/MOD14A1')
  .filterDate('2020-01-01', '2020-07-22')  // January through July 22, 2020
  .select('MaxFRP')
  .filterBounds(paranaRiverDelta);

// Create binary masks where fire hotspots are present (MaxFRP > 0)
var hotspots2019 = fireHotspots2019.map(function(image) {
  return image.gt(0);
}).sum().clip(paranaRiverDelta);

var hotspots2020 = fireHotspots2020.map(function(image) {
  return image.gt(0);
}).sum().clip(paranaRiverDelta);

// Set visualization parameters for the fire hotspots
var hotspotVis = {
  min: 0,
  max: 10,
  palette: ['white', 'yellow', 'orange', 'red']
};

// Set map center to Paraná River Delta region
Map.setCenter(-59.5, -33.5, 7);

// Add the fire hotspot layers
Map.addLayer(hotspots2019, hotspotVis, 'Paraná River Delta Hotspots 2019');
Map.addLayer(hotspots2020, hotspotVis, 'Paraná River Delta Hotspots 2020');
Map.addLayer(paranaRiverDelta, {color: 'blue'}, 'Paraná River Delta Region', true);

// Count the number of hotspots for both periods
var count2019 = hotspots2019.gt(0).reduceRegion({
  reducer: ee.Reducer.sum(),
  geometry: paranaRiverDelta,
  scale: 1000,
  maxPixels: 1e9
});

var count2020 = hotspots2020.gt(0).reduceRegion({
  reducer: ee.Reducer.sum(),
  geometry: paranaRiverDelta,
  scale: 1000,
  maxPixels: 1e9
});

// Extract the hotspot count values
var hotspots2019_count = count2019.get('MaxFRP');
var hotspots2020_count = count2020.get('MaxFRP');

// Print hotspot count results to console
print('Paraná River Delta Fire Hotspots from Jan 1 to Jul 22, 2019:', hotspots2019_count);
print('Paraná River Delta Fire Hotspots from Jan 1 to Jul 22, 2020:', hotspots2020_count);

// Calculate the difference in hotspot counts
var count_difference = ee.Number(hotspots2020_count).subtract(hotspots2019_count);
print('Difference in Fire Hotspot Count (2020 - 2019):', count_difference);

// Calculate percent change
var percent_change = ee.Number(hotspots2020_count).subtract(hotspots2019_count)
  .divide(hotspots2019_count).multiply(100);
print('Percent change in Fire Hotspot Count (2019 to 2020):', percent_change);

// Answer the research question
var comparison_result = ee.Algorithms.If(
  ee.Number(hotspots2020_count).gt(ee.Number(hotspots2019_count)),
  'Yes, the number of fire hotspots in the Paraná River delta from January through July 22, 2020, exceeds the number detected during the same period in 2019.',
  'No, the number of fire hotspots in the Paraná River delta from January through July 22, 2020, does not exceed the number detected during the same period in 2019.'
);

print('Answer to Research Question:', comparison_result);

// Create a chart comparing the fire hotspots between 2019 and 2020 by month
// First, create a function to get monthly hotspot counts
var getMonthlyHotspots = function(year) {
  var startDate = ee.Date.fromYMD(year, 1, 1);
  var endDate = ee.Date.fromYMD(year, 7, 22);
  
  var months = ee.List.sequence(1, 7);
  
  return months.map(function(month) {
    var start = ee.Date.fromYMD(year, month, 1);
    var end = ee.Algorithms.If(
      ee.Number(month).eq(7),
      ee.Date.fromYMD(year, month, 22),
      start.advance(1, 'month').advance(-1, 'day')
    );
    
    var collection = ee.ImageCollection('MODIS/006/MOD14A1')
      .filterDate(start, end)
      .select('MaxFRP')
      .filterBounds(paranaRiverDelta);
      
    var hotspots = collection.map(function(image) {
      return image.gt(0);
    }).sum().clip(paranaRiverDelta);
    
    var count = hotspots.gt(0).reduceRegion({
      reducer: ee.Reducer.sum(),
      geometry: paranaRiverDelta,
      scale: 1000,
      maxPixels: 1e9
    }).get('MaxFRP');
    
    return ee.Feature(null, {
      'month': month,
      'year': year,
      'count': count
    });
  });
};

var hotspots2019_monthly = ee.FeatureCollection(getMonthlyHotspots(2019));
var hotspots2020_monthly = ee.FeatureCollection(getMonthlyHotspots(2020));

// Merge the collections for charting
var allHotspots = hotspots2019_monthly.merge(hotspots2020_monthly);

// Create the chart
var chart = ui.Chart.feature.groups(allHotspots, 'month', 'count', 'year')
  .setChartType('ColumnChart')
  .setOptions({
    title: 'Monthly Fire Hotspots in Paraná River Delta (Jan-Jul)',
    hAxis: {title: 'Month', gridlines: {count: 7}},
    vAxis: {title: 'Number of Fire Hotspots'},
    legend: {position: 'top'},
    series: {
      0: {color: 'blue'},
      1: {color: 'red'}
    }
  });
  
print(chart);",v1,361
"Does the surface water extent in Etosha Pan decrease from mid-January, 2020 to around late August, 2020?",,https://www.earthobservatory.nasa.gov/images/147221/,,"1. Though unusually dry weather left Etosha Pan without water in December 2019, just two months later a surge of rain had refilled much of it.",,,,https://code.earthengine.google.com/df417d1a6e6f190582071cbd44fe450c,"// Define the Etosha Pan region of interest
var etosha = ee.Geometry.Rectangle([15.8, -19.0, 17.2, -18.3]);

// Image collections for January and August 2020
var january_collection = ee.ImageCollection('LANDSAT/LC08/C02/T1_L2')
  .filterDate('2020-01-10', '2020-01-20')
  .filterBounds(etosha);
  
var august_collection = ee.ImageCollection('LANDSAT/LC08/C02/T1_L2')
  .filterDate('2020-08-25', '2020-09-02')
  .filterBounds(etosha);

// Apply scaling factors for proper visualization
function applyScaleFactors(image) {
  var opticalBands = image.select('SR_B.').multiply(0.0000275).add(-0.2);
  var thermalBands = image.select('ST_B.*').multiply(0.00341802).add(149.0);
  return image.addBands(opticalBands, null, true)
    .addBands(thermalBands, null, true);
}

// Map scaling to both collections
var january_scaled = january_collection.map(applyScaleFactors);
var august_scaled = august_collection.map(applyScaleFactors);

// Get median images to reduce cloud influence
var january_image = january_scaled.median();
var august_image = august_scaled.median();

// Natural color visualization
var visParams = {
  bands: ['SR_B4', 'SR_B3', 'SR_B2'],
  min: 0.02,
  max: 0.3,
};

// Add layers to map
Map.centerObject(etosha, 9);
Map.addLayer(january_image, visParams, 'January 2020');
Map.addLayer(august_image, visParams, 'August 2020');

// Calculate NDWI (Normalized Difference Water Index) for water detection
// NDWI = (Green - NIR) / (Green + NIR)
// For Landsat 8, Green is B3 and NIR is B5
var january_ndwi = january_image.normalizedDifference(['SR_B3', 'SR_B5']);
var august_ndwi = august_image.normalizedDifference(['SR_B3', 'SR_B5']);

// Visualization for NDWI
var ndwiParams = {
  min: -0.5,
  max: 0.5,
  palette: ['red', 'white', 'blue']
};

Map.addLayer(january_ndwi, ndwiParams, 'January 2020 NDWI');
Map.addLayer(august_ndwi, ndwiParams, 'August 2020 NDWI');

// Classify water (NDWI > 0.2 typically indicates water)
var january_water = january_ndwi.gt(0.2);
var august_water = august_ndwi.gt(0.2);

// Calculate areas
var january_water_area = january_water.multiply(ee.Image.pixelArea()).reduceRegion({
  reducer: ee.Reducer.sum(),
  geometry: etosha,
  scale: 30,
  maxPixels: 1e9
});

var august_water_area = august_water.multiply(ee.Image.pixelArea()).reduceRegion({
  reducer: ee.Reducer.sum(),
  geometry: etosha,
  scale: 30,
  maxPixels: 1e9
});

// Convert to square kilometers
var january_area_km2 = ee.Number(january_water_area.get('nd')).divide(1e6);
var august_area_km2 = ee.Number(august_water_area.get('nd')).divide(1e6);

// Calculate the difference and percentage change
var area_difference = january_area_km2.subtract(august_area_km2);
var percentage_change = area_difference.divide(january_area_km2).multiply(100);

// Print results
print('January 2020 water extent (km²):', january_area_km2);
print('August 2020 water extent (km²):', august_area_km2);
print('Difference (km²):', area_difference);
print('Percentage decrease:', percentage_change);

// Visualize water classification
Map.addLayer(january_water.selfMask(), {palette: ['0000FF']}, 'January 2020 Water');
Map.addLayer(august_water.selfMask(), {palette: ['00FFFF']}, 'August 2020 Water');


// Add a text answer to the console
if (area_difference.getInfo() > 0) {
  print('Yes, the surface water extent in Etosha Pan decreased from mid-January 2020 to late August 2020');
  print('The water surface area decreased by approximately ' + percentage_change.round().getInfo() + '%');
} else {
  print('No, the surface water extent in Etosha Pan did not decrease from mid-January 2020 to late August 2020');
}",v1,362
Were there more fire events detected with the VIIRS sensors in the southern Brazilian Amazon in 2020 than in 2019?,,https://www.earthobservatory.nasa.gov/images/147946/fires-raged-in-the-amazon-again-in-2020,,,,,VIIRS,,,v2,363
"Does the surface water extent in the Leipzig mining region (e.g., Neuseenland) increase in April 2020 compared to April 1987?",,https://www.earthobservatory.nasa.gov/images/148031/,,"1. Around the 1990s, some lignite mines in central Germany began closing due to changes in policies, public concern, and the rise of other energy sources. Miners, local governments, nature conservationists, and water management experts then worked together to fill the mines with water to create recreation spots for people, habitats for aquatic animals and amphibians, water sources for wildlife, flood management, and more. The water to fill the lakes often came from nearby rivers, groundwater rebound, or water from dewatering operations from other still active mines. In all, at least 140 lignite mines have been flooded to create artificial “pit lakes” across Central Germany.",,,,https://code.earthengine.google.com/b0c280522efec9846ee6689e2f9a5ea0,"// Define the Leipzig Neuseenland mining region of interest
var leipzigArea = ee.Geometry.Rectangle([12.1, 51.1, 12.7, 51.5]);

// Import MODIS surface reflectance datasets
// Note: MODIS data only begins in 2000, so we'll use Landsat 5 for 1987
// For 1987 - using Landsat 5 TM 
var dataset_1987 = ee.ImageCollection('LANDSAT/LT05/C02/T1_L2')
  .filterDate('1987-04-01', '1987-04-30')
  .filterBounds(leipzigArea);

// For 2020 - using MODIS Terra Surface Reflectance
var dataset_2020 = ee.ImageCollection('MODIS/006/MOD09A1')
  .filterDate('2020-04-01', '2020-04-30')
  .filterBounds(leipzigArea);

// Apply scaling factors to Landsat data
function applyScaleFactorsLandsat(image) {
  var opticalBands = image.select('SR_B.').multiply(0.0000275).add(-0.2);
  return image.addBands(opticalBands, null, true);
}

var dataset_1987 = dataset_1987.map(applyScaleFactorsLandsat);

// Calculate median composites to reduce cloud interference
var composite_1987 = dataset_1987.median();
var composite_2020 = dataset_2020.median();

// Indices for water detection
// For Landsat 5 (1987)
var ndwi_1987 = composite_1987.normalizedDifference(['SR_B2', 'SR_B5']).rename('NDWI');

// For MODIS (2020)
// MODIS bands: 1 (red), 2 (NIR), 3 (blue), 4 (green), 5 (SWIR), 6 (SWIR), 7 (SWIR)
var ndwi_2020 = composite_2020.normalizedDifference(['sur_refl_b04', 'sur_refl_b06']).rename('NDWI');

// Define water threshold (typically NDWI > 0.3 indicates water)
var water_threshold = 0.3;
var water_1987 = ndwi_1987.gt(water_threshold);
var water_2020 = ndwi_2020.gt(water_threshold);

// Calculate the area of water bodies
var area_1987 = water_1987.multiply(ee.Image.pixelArea()).reduceRegion({
  reducer: ee.Reducer.sum(),
  geometry: leipzigArea,
  scale: 30, // Landsat resolution
  maxPixels: 1e9
});

var area_2020 = water_2020.multiply(ee.Image.pixelArea()).reduceRegion({
  reducer: ee.Reducer.sum(),
  geometry: leipzigArea,
  scale: 500, // MODIS resolution
  maxPixels: 1e9
});

// Calculate difference
var water_change = water_2020.subtract(water_1987);

// Visualization parameters for RGB composites
var visParams_L5 = {
  bands: ['SR_B3', 'SR_B2', 'SR_B1'],
  min: 0,
  max: 0.3,
};

var visParams_MODIS = {
  bands: ['sur_refl_b01', 'sur_refl_b04', 'sur_refl_b03'],
  min: 0,
  max: 3000,
};

// Visualization parameters for water detection
var waterVisParams = {
  min: 0,
  max: 1,
  palette: ['white', 'blue'],
};

var changeVisParams = {
  min: -1,
  max: 1,
  palette: ['red', 'white', 'blue'],
};

// Add layers to map
Map.centerObject(leipzigArea, 10);

// Add RGB composites
Map.addLayer(composite_1987, visParams_L5, 'Landsat 1987 RGB');
Map.addLayer(composite_2020, visParams_MODIS, 'MODIS 2020 RGB');

// Add water detection results
Map.addLayer(water_1987, waterVisParams, 'Water 1987');
Map.addLayer(water_2020, waterVisParams, 'Water 2020');
Map.addLayer(water_change, changeVisParams, 'Water Change (blue: increase, red: decrease)');

// Print water areas
print('Water area in 1987 (sq m):', area_1987.get('NDWI'));
print('Water area in 2020 (sq m):', area_2020.get('NDWI'));",v1,364
Does the GERD reservoir (Ethiopia) water level decrease in February 2022 compared to September 2021?,,https://www.earthobservatory.nasa.gov/images/149691/,,"1. “The reservoir was 23 percent full in September 2021, the end of the rainy season, but then water levels dropped some due to evaporation and water releases,” explained Hesham El-Askary
2. The third filling phase will likely begin in July 2022 and is expected to capture a larger volume of water than the first two fills.",,,,https://code.earthengine.google.com/2f14efca010610e6799f0f1eafb2209e,"// Define time periods for comparison
var sept2021 = ee.ImageCollection('MODIS/006/MOD09A1')
  .filter(ee.Filter.date('2021-09-01', '2021-09-30'));
  
var feb2022 = ee.ImageCollection('MODIS/006/MOD09A1')
  .filter(ee.Filter.date('2022-02-01', '2022-02-28'));

// Define GERD reservoir region (approximate coordinates)
var gerd = ee.Geometry.Point([35.09, 11.21]).buffer(20000);  // 20km buffer around GERD

// Function to calculate NDWI (Normalized Difference Water Index)
function addNDWI(image) {
  var ndwi = image.normalizedDifference(['sur_refl_b04', 'sur_refl_b06']).rename('NDWI');
  return image.addBands(ndwi);
}

// Add NDWI band to both collections
var sept2021WithNDWI = sept2021.map(addNDWI);
var feb2022WithNDWI = feb2022.map(addNDWI);

// Get median composites for more stable results
var sept2021Median = sept2021WithNDWI.median();
var feb2022Median = feb2022WithNDWI.median();

// Create water masks using NDWI threshold
// Values > 0.3 typically represent water
var waterThreshold = 0.3;
var sept2021Water = sept2021Median.select('NDWI').gt(waterThreshold);
var feb2022Water = feb2022Median.select('NDWI').gt(waterThreshold);

// Calculate water area for each period
var sept2021WaterArea = sept2021Water.multiply(ee.Image.pixelArea()).reduceRegion({
  reducer: ee.Reducer.sum(),
  geometry: gerd,
  scale: 500,  // MODIS resolution
  maxPixels: 1e9
});

var feb2022WaterArea = feb2022Water.multiply(ee.Image.pixelArea()).reduceRegion({
  reducer: ee.Reducer.sum(),
  geometry: gerd,
  scale: 500,
  maxPixels: 1e9
});

// Print results to console
print('September 2021 Water Area (sq m):', sept2021WaterArea.get('NDWI'));
print('February 2022 Water Area (sq m):', feb2022WaterArea.get('NDWI'));

// Calculate percent change
var sept2021Area = ee.Number(sept2021WaterArea.get('NDWI'));
var feb2022Area = ee.Number(feb2022WaterArea.get('NDWI'));
var percentChange = feb2022Area.subtract(sept2021Area).divide(sept2021Area).multiply(100);
print('Percent change in water area:', percentChange);

// Visualize results
Map.centerObject(gerd, 10);

// False color composite for visual comparison (vegetation in red, water in dark blue/black)
var visParams = {
  bands: ['sur_refl_b02', 'sur_refl_b01', 'sur_refl_b04'],
  min: 0,
  max: 3500
};

// Visualize NDWI for better water identification
var ndwiVis = {
  bands: ['NDWI'],
  min: -1,
  max: 1,
  palette: ['red', 'white', 'blue']
};

// Add layers to map
Map.addLayer(sept2021Median, visParams, 'September 2021 - False Color');
Map.addLayer(feb2022Median, visParams, 'February 2022 - False Color');
Map.addLayer(sept2021Median, ndwiVis, 'September 2021 - NDWI', false);
Map.addLayer(feb2022Median, ndwiVis, 'February 2022 - NDWI', false);
Map.addLayer(sept2021Water.selfMask(), {palette: ['1E90FF']}, 'September 2021 - Water Mask');
Map.addLayer(feb2022Water.selfMask(), {palette: ['0000FF']}, 'February 2022 - Water Mask');

// Add difference layer to visualize changes
var waterDifference = feb2022Water.subtract(sept2021Water);
Map.addLayer(waterDifference.selfMask(), 
  {palette: ['red', 'blue'], min: -1, max: 1}, 
  'Water Change (Red: Loss, Blue: Gain)');
",v1,365
Does aerosol concentration (aerosol optical depth) in western Brazil decrease in August from 2002 to 2018?,,https://www.earthobservatory.nasa.gov/images/149842/,,"1. Another key factor behind the decline was a reduction in fires and burned area. In semi-arid parts of South America, Central Africa, and Asia, the expansion and intensification of agriculture into grasslands and savannas has led to more fire suppression as agricultural interests move in and protect high-value crops, livestock, homes, and infrastructure. In many places, there has been a trend toward using machinery rather than periodic burning to maintain land in rural areas.",,,,https://code.earthengine.google.com/5b515c1d9c74d0d1d6969be88d9d8326,"// Define the region of interest: Western Brazil
var westernBrazil = geometry;

// Create a function to get August AOD data for a specific year and apply scaling
function getAugustAOD(year) {
  // Convert the ee.Number to a string format for date filtering
  var yearStr = ee.Number(year).format();
  var startDate = ee.Date.fromYMD(year, 8, 1);
  var endDate = ee.Date.fromYMD(year, 8, 31);
  
  // Use MODIS Terra Aerosol Optical Depth data
  var aodData = ee.ImageCollection('MODIS/061/MCD19A2_GRANULES')
                  .filter(ee.Filter.date(startDate, endDate))
                  .filter(ee.Filter.bounds(westernBrazil))
                  .select('Optical_Depth_047');
  
  // Apply the scaling factor of 0.001 to convert to actual AOD values
  return aodData.mean().multiply(0.001).set('year', year);
}

// Get AOD data for each August from 2002 to 2018
var years = ee.List.sequence(2002, 2018);
var augustAODCollection = ee.ImageCollection.fromImages(
  years.map(function(year) {
    return getAugustAOD(year);
  })
);

// Create a visualization parameter for AOD data - adjusted for scaled values
var aodVis = {
  min: 0,
  max: 0.5,  // Scaled from 500 * 0.001
  palette: ['blue', 'green', 'yellow', 'orange', 'red']
};

// Set map center on Western Brazil
Map.setCenter(-67, -7, 5);

// Calculate mean AOD for each August in the time series
var meanAODList = years.map(function(year) {
  var yearImg = augustAODCollection.filter(ee.Filter.eq('year', year)).first();
  
  var meanAOD = yearImg.reduceRegion({
    reducer: ee.Reducer.mean(),
    geometry: westernBrazil,
    scale: 500000,
    maxPixels: 1e12
  });
  
  return ee.Feature(null, {
    'year': year,
    'mean_aod': meanAOD.get('Optical_Depth_047')
  });
});

// Convert the feature collection to a list for charting
var aodByYear = ee.FeatureCollection(meanAODList);
print('AOD by Year (scaled by 0.001):', aodByYear);

// Visualize mean AOD for 2002 and 2018 to compare
var aod2002 = getAugustAOD(2002);
var aod2018 = getAugustAOD(2018);

Map.addLayer(aod2002, aodVis, 'AOD August 2002 (scaled)');
Map.addLayer(aod2018, aodVis, 'AOD August 2018 (scaled)');

// Create a difference image to show changes from 2002 to 2018
var aodDifference = aod2018.subtract(aod2002);
var diffVis = {
  min: -0.3,  // Scaled from -300 * 0.001
  max: 0.3,   // Scaled from 300 * 0.001
  palette: ['blue', 'white', 'red']
};

Map.addLayer(aodDifference, diffVis, 'AOD Change (2018 - 2002)');

// Add the Western Brazil region boundary
Map.addLayer(ee.FeatureCollection(westernBrazil), {color: 'black'}, 'Western Brazil Boundary');

// Calculate the average AOD for the first 3 years and last 3 years for comparison
var early_years = augustAODCollection.filter(ee.Filter.inList('year', [2002, 2003, 2004])).mean();
var recent_years = augustAODCollection.filter(ee.Filter.inList('year', [2016, 2017, 2018])).mean();

var early_mean = early_years.reduceRegion({
  reducer: ee.Reducer.mean(),
  geometry: westernBrazil,
  scale: 500000,
  maxPixels: 1e12
}).get('Optical_Depth_047');

var recent_mean = recent_years.reduceRegion({
  reducer: ee.Reducer.mean(),
  geometry: westernBrazil,
  scale: 500000,
  maxPixels: 1e12
}).get('Optical_Depth_047');

// Calculate the percentage change
var absoluteChange = ee.Number(recent_mean).subtract(early_mean);
var percentChange = absoluteChange.divide(early_mean).multiply(100);

// Print the results
print('Mean AOD August 2002-2004 (scaled):', early_mean);
print('Mean AOD August 2016-2018 (scaled):', recent_mean);
print('Absolute Change (scaled):', absoluteChange);
print('Percentage Change (%):', percentChange);
print('Did AOD decrease over the period?', ee.Number(recent_mean).lt(early_mean));

",v1,366
"Does vegetation greenness (NDVI) in Toliara, Madagascar on average decrease during September 2021-2022 compared to the 2000-2015 average for the same period?",,https://www.earthobservatory.nasa.gov/images/150441/,,"1. Among the hardest hit areas are the Betioky and Ampanihy districts in the Atsimo-Andrefana region.

",,,,https://code.earthengine.google.com/8656a634fea659b5c90cdeb6285fc1b6,"// Define the area of interest: Betioky and Ampanihy region in Madagascar
var betiokyAmpanihy = ee.Geometry.Rectangle([43.8, -25.2, 45.0, -23.7]); // Approximate bounds for Betioky and Ampanihy

// Load MODIS vegetation indices product (MOD13Q1 provides 16-day NDVI composites at 250m resolution)
// Get the baseline period (2000-2015) September NDVI
var baseline = ee.ImageCollection('MODIS/061/MOD13Q1')
  .filterBounds(betiokyAmpanihy)
  .filter(ee.Filter.calendarRange(9, 9, 'month'))  // September
  .filter(ee.Filter.calendarRange(2000, 2015, 'year'))
  .select('NDVI');

// Get September 2021-2022 NDVI
var ndvi2021_2022 = ee.ImageCollection('MODIS/061/MOD13Q1')
  .filterBounds(betiokyAmpanihy)
  .filter(ee.Filter.calendarRange(9, 9, 'month'))  // September
  .filter(ee.Filter.calendarRange(2021, 2022, 'year'))
  .select('NDVI');

// Create median composites
var baselineComposite = baseline.median();
var ndvi2021_2022Composite = ndvi2021_2022.median();

// Calculate the difference: 2021-2022 minus baseline
var ndviDifference = ndvi2021_2022Composite.subtract(baselineComposite);

// Normalize for visualization
var normalizedBaselineComposite = baselineComposite.divide(10000);
var normalized2021_2022Composite = ndvi2021_2022Composite.divide(10000);
var normalizedDifference = ndviDifference.divide(10000);

// Visualization parameters
var ndviParams = {
  min: 0,
  max: 0.8,
  palette: ['brown', 'yellow', 'green']
};

var differenceParams = {
  min: -0.2,
  max: 0.2,
  palette: ['red', 'white', 'blue']
};

// Center map on Betioky and Ampanihy region
Map.centerObject(betiokyAmpanihy, 8);

// Add layers to map
Map.addLayer(normalizedBaselineComposite, ndviParams, 'Average NDVI 2000-2015 (September)');
Map.addLayer(normalized2021_2022Composite, ndviParams, 'NDVI 2021-2022 (September)');
Map.addLayer(normalizedDifference, differenceParams, 'NDVI Difference (2021-2022 minus 2000-2015 baseline)');
Map.addLayer(betiokyAmpanihy, {color: 'blue', opacity: 0.3}, 'Betioky and Ampanihy Region');

// Calculate and print NDVI statistics
var baselineStats = baselineComposite.reduceRegion({
  reducer: ee.Reducer.mean(),
  geometry: betiokyAmpanihy,
  scale: 1000,
  maxPixels: 1e9
});

var ndvi2021_2022Stats = ndvi2021_2022Composite.reduceRegion({
  reducer: ee.Reducer.mean(),
  geometry: betiokyAmpanihy,
  scale: 1000,
  maxPixels: 1e9
});

var ndviDifferenceStats = ndviDifference.reduceRegion({
  reducer: ee.Reducer.mean(),
  geometry: betiokyAmpanihy,
  scale: 1000,
  maxPixels: 1e9
});

// Print detailed information
print('Number of MODIS images in baseline period:', baseline.size());
print('Number of MODIS images in 2021-2022:', ndvi2021_2022.size());
print('Average NDVI in 2000-2015 (September):', ee.Number(baselineStats.get('NDVI')).divide(10000));
print('Average NDVI in 2021-2022 (September):', ee.Number(ndvi2021_2022Stats.get('NDVI')).divide(10000));
print('Average NDVI Difference (2021-2022 minus 2000-2015 baseline):', ee.Number(ndviDifferenceStats.get('NDVI')).divide(10000));

// Determine if vegetation is decreasing in 2021-2022 compared to baseline
var isDecreasing = ee.Number(ndviDifferenceStats.get('NDVI')).lt(0);
print('Did NDVI decrease in Betioky and Ampanihy region during September 2021-2022 compared to 2000-2015 baseline?', isDecreasing);

// Add area with significant decrease (NDVI difference < -0.1)
var significantDecrease = normalizedDifference.lt(-0.1);
Map.addLayer(significantDecrease.selfMask(), {palette: ['darkred']}, 'Areas with Significant NDVI Decrease');

// Calculate percentage of area with significant decrease
var totalArea = betiokyAmpanihy.area();
var decreaseArea = significantDecrease.multiply(ee.Image.pixelArea()).reduceRegion({
  reducer: ee.Reducer.sum(),
  geometry: betiokyAmpanihy,
  scale: 1000,
  maxPixels: 1e9
});

var percentageDecrease = ee.Number(decreaseArea.get('NDVI')).divide(totalArea).multiply(100);
print('Percentage of area with significant NDVI decrease (> 0.1):', percentageDecrease);",v1,367
"Does the active fire presence in La Palma, Spain decrease in July 17-18, 2023 compared to July 15-16, 2023?",,https://www.earthobservatory.nasa.gov/images/151601/,,"1. On July 16, authorities reported that the fire had charred at least 4,650 hectares (18 square miles).
2. The Associated Press reported that more favorable weather conditions on July 16 helped firefighters slow the blaze. Satellite images collected on July 16, 17, and 18 showed much less smoke coming from the fire.",,,,https://code.earthengine.google.com/69623c668e1b7181fb4ec7f1e79c03f0,"// Define La Palma region (Canary Islands, Spain)
var laPalmaCenterPoint = ee.Geometry.Point([-17.8760, 28.7080]);
var laPalmaRegion = laPalmaCenterPoint.buffer(15000); // 15km radius to cover the island

// Define time periods for analysis
var earlyPeriod = ee.DateRange('2023-07-15', '2023-07-16'); // July 15-16, 2023
var latePeriod = ee.DateRange('2023-07-17', '2023-07-18');  // July 17-18, 2023

// Load MODIS Thermal Anomalies & Fire data (MOD14A1) for both periods
var fireDataEarly = ee.ImageCollection('MODIS/061/MYD14A1')
  .filterDate(earlyPeriod)
  .filterBounds(laPalmaRegion);

var fireDataLate = ee.ImageCollection('MODIS/061/MYD14A1')
  .filterDate(latePeriod)
  .filterBounds(laPalmaRegion);

// Select the Maximum Fire Radiative Power band
var frpEarly = fireDataEarly.select('MaxFRP');
var frpLate = fireDataLate.select('MaxFRP');

// Create visualization parameters for fire data
var fireVis = {
  min: 0,
  max: 500, // Adjust based on typical FRP range for this region
  palette: ['black', 'blue', 'purple', 'cyan', 'green', 'yellow', 'red']
};

// Function to calculate fire statistics for a dataset
function calculateFireStats(dataset) {
  // Get the mean FRP over the time period
  var meanFRP = dataset.mean();
  
  // Calculate the mean value within the region
  var regionalMean = meanFRP.reduceRegion({
    reducer: ee.Reducer.mean(),
    geometry: laPalmaRegion,
    scale: 1000, // MODIS resolution
    maxPixels: 1e12
  });
  
  // Count fire pixels (where MaxFRP > 0)
  var fireCount = dataset.map(function(image) {
    return image.gt(0).selfMask();
  }).sum();
  
  var totalFirePixels = fireCount.reduceRegion({
    reducer: ee.Reducer.sum(),
    geometry: laPalmaRegion,
    scale: 1000,
    maxPixels: 1e12
  });
  
  return {
    'meanFRP': regionalMean.get('MaxFRP'),
    'firePixelCount': totalFirePixels.get('MaxFRP')
  };
}

// Calculate the fire statistics for both periods
var statsEarly = calculateFireStats(frpEarly);
var statsLate = calculateFireStats(frpLate);

// Print the results
print('July 15-16, 2023 Fire Statistics:');
print('- Mean Fire Radiative Power (MW):', statsEarly.meanFRP);
print('- Fire Pixel Count:', statsEarly.firePixelCount);

print('July 17-18, 2023 Fire Statistics:');
print('- Mean Fire Radiative Power (MW):', statsLate.meanFRP);
print('- Fire Pixel Count:', statsLate.firePixelCount);

// Calculate the changes
var frpChange = ee.Number(statsLate.meanFRP).subtract(statsEarly.meanFRP);
var frpPercentChange = frpChange.divide(statsEarly.meanFRP).multiply(100);

var countChange = ee.Number(statsLate.firePixelCount).subtract(statsEarly.firePixelCount);
var countPercentChange = countChange.divide(statsEarly.firePixelCount).multiply(100);

print('Fire Radiative Power Change (MW):', frpChange);
print('Fire Radiative Power Percentage Change (%):', frpPercentChange);
print('Fire Pixel Count Change:', countChange);
print('Fire Pixel Count Percentage Change (%):', countPercentChange);

// Determine if fire activity decreased
var fireDecreased = ee.Number(statsLate.firePixelCount).lt(statsEarly.firePixelCount);
print('Did active fire presence in La Palma decrease from July 15-16 to July 17-18, 2023?', fireDecreased);

// Set map center to La Palma
Map.centerObject(laPalmaRegion, 10);

// Calculate mean FRP for both periods for visualization
var meanFRP_early = frpEarly.mean();
var meanFRP_late = frpLate.mean();

// Add layers to the map
Map.addLayer(laPalmaRegion, {color: 'blue'}, 'La Palma Region', true);
Map.addLayer(meanFRP_early, fireVis, 'Mean FRP July 15-16, 2023', true);
Map.addLayer(meanFRP_late, fireVis, 'Mean FRP July 17-18, 2023', true);

// Create a difference image to show changes in fire activity
var frpDifference = meanFRP_late.subtract(meanFRP_early);
var diffVis = {
  min: -100,
  max: 100,
  palette: ['blue', 'white', 'red'] // Blue = decrease, Red = increase
};

Map.addLayer(frpDifference, diffVis, 'FRP Change (July 17-18 minus July 15-16)', true);

// Create fire activity maps for both periods
var fireActivity_early = frpEarly.map(function(image) {
  return image.gt(0).selfMask();
}).sum();

var fireActivity_late = frpLate.map(function(image) {
  return image.gt(0).selfMask();
}).sum();

var fireActivityVis = {
  min: 0,
  max: 2, // Adjust based on number of days
  palette: ['yellow', 'orange', 'red']
};

Map.addLayer(fireActivity_early, fireActivityVis, 'Fire Activity July 15-16, 2023', true);
Map.addLayer(fireActivity_late, fireActivityVis, 'Fire Activity July 17-18, 2023', true);

// Add a textual interpretation of the results
var interpretation = ee.Algorithms.If(
  fireDecreased,
  'Yes, the active fire presence in La Palma, Spain decreased from July 15-16, 2023 to July 17-18, 2023.',
  'No, the active fire presence in La Palma, Spain did not decrease from July 15-16, 2023 to July 17-18, 2023.'
);
print('Answer to Research Question:', interpretation);

// Optional: Extract daily data to see day-by-day patterns
function getDailyFireData(startDate, endDate) {
  var dailyCollection = ee.ImageCollection('MODIS/061/MOD14A1')
    .filterDate(startDate, endDate)
    .filterBounds(laPalmaRegion);
    
  return dailyCollection.map(function(image) {
    var fireMask = image.select('MaxFRP').gt(0);
    var dateMillis = image.get('system:time_start');
    var fireCount = fireMask.reduceRegion({
      reducer: ee.Reducer.sum(),
      geometry: laPalmaRegion,
      scale: 1000,
      maxPixels: 1e12
    }).get('MaxFRP');
    
    return ee.Feature(null, {
      'date': dateMillis,
      'fireCount': fireCount
    });
  });
}

var fourDayFireData = getDailyFireData('2023-07-15', '2023-07-18');

// Create a chart showing daily fire counts
var fireChart = ui.Chart.feature.byFeature(fourDayFireData, 'date', ['fireCount'])
  .setOptions({
    title: 'Daily Fire Pixel Counts in La Palma (July 15-18, 2023)',
    vAxis: {title: 'Fire Pixel Count'},
    hAxis: {title: 'Date', format: 'MM-dd'},
    lineWidth: 1,
    pointSize: 4
  });

print(fireChart);",v1,368
"Does the snow cover extent in the Tinguiririca basin (specifically -34.752733, -70.647985) increase in December 18, 2023, compared to December 18, 2021?",,https://www.earthobservatory.nasa.gov/images/152309/andes-snowpack-hangs-on,,"1. The difference in snow cover is apparent in this image pair. On December 18, 2023 (right), at the start of summer in the southern hemisphere, seasonal snow still blanketed the Andes, straddling Chile to the west and Argentina to the east. On the same date in 2021 (left), much less snow and ice remained following a very dry winter. ",,,,https://code.earthengine.google.com/64260066b0d8340fb75335b834279968,"// Define Tinguiririca basin region (centered at the given coordinates)
var tinguiriricaPoint = ee.Geometry.Point([-70.647985, -34.752733]);
var tinguiriricaBasin = tinguiriricaPoint.buffer(20000); // 20km buffer around the point

// Get MODIS data for December 18, 2021
var dataset_2021 = ee.ImageCollection('MODIS/061/MOD09GA')
  .filter(ee.Filter.date('2021-12-18', '2021-12-19'))
  .map(function(img){
    return img.add(-100).multiply(0.0001);
  })
  .filterBounds(tinguiriricaBasin);

// Get MODIS data for December 18, 2023
var dataset_2023 = ee.ImageCollection('MODIS/061/MOD09GA')
  .filter(ee.Filter.date('2023-12-18', '2023-12-19'))
  .map(function(img){
    return img.add(-100).multiply(0.0001);
  })
  .filterBounds(tinguiriricaBasin);

// Function to calculate NDSI (Normalized Difference Snow Index)
var calculateNDSI = function(image) {
  var green = image.select('sur_refl_b04'); // Band 4 (Green)
  var swir = image.select('sur_refl_b06'); // Band 6 (SWIR)
  var ndsi = green.subtract(swir).divide(green.add(swir));
  return ndsi.rename('NDSI');
};

// Calculate NDSI for both dates
var ndsi_2021 = dataset_2021.map(calculateNDSI).mosaic().clip(tinguiriricaBasin);
var ndsi_2023 = dataset_2023.map(calculateNDSI).mosaic().clip(tinguiriricaBasin);

// Define NDSI threshold for snow detection
var ndsiThreshold = 0.4;

// Create snow masks
var snowMask_2021 = ndsi_2021.gte(ndsiThreshold);
var snowMask_2023 = ndsi_2023.gte(ndsiThreshold);

// Calculate snow area (in pixels)
var snowArea_2021 = snowMask_2021.reduceRegion({
  reducer: ee.Reducer.sum(),
  geometry: tinguiriricaBasin,
  scale: 500, // MODIS resolution
  maxPixels: 1e13
}).get('NDSI');

var snowArea_2023 = snowMask_2023.reduceRegion({
  reducer: ee.Reducer.sum(),
  geometry: tinguiriricaBasin,
  scale: 500, // MODIS resolution
  maxPixels: 1e13
}).get('NDSI');

// Calculate the total area in km²
var pixelArea = 500 * 500 / 1000000; // area of one pixel in km²

// Convert snow pixels to area in km²
var snowAreaKm2_2021 = ee.Number(snowArea_2021).multiply(pixelArea);
var snowAreaKm2_2023 = ee.Number(snowArea_2023).multiply(pixelArea);

// Calculate percentage change
var snowChangePercent = ee.Number(snowAreaKm2_2023).subtract(snowAreaKm2_2021)
  .divide(snowAreaKm2_2021).multiply(100);

// Print snow areas and change
print(""December 18, 2021 snow area (pixels):"", snowArea_2021);
print(""December 18, 2023 snow area (pixels):"", snowArea_2023);
print(""December 18, 2021 snow area (km²):"", snowAreaKm2_2021);
print(""December 18, 2023 snow area (km²):"", snowAreaKm2_2023);
print(""Change in snow area (%):"", snowChangePercent);

// Determine if snow cover increased
var hasIncreased = ee.Number(snowArea_2023).gt(snowArea_2021);
print(""Did snow cover increase from 2021 to 2023?"", hasIncreased);

// Visualize RGB image
var trueColorVis = {
  min: 0.0,
  max: 0.3,
  bands: ['sur_refl_b01', 'sur_refl_b04', 'sur_refl_b03'], // Red, Green, Blue
};

// Visualize NDSI
var ndsiVis = {
  min: -1,
  max: 1,
  palette: ['blue', 'white', 'green']
};

// Visualize snow mask
var snowMaskVis = {
  min: 0,
  max: 1,
  palette: ['black','white']
};

// Calculate the snow cover difference (positive values indicate increase)
var snowCoverDifference = snowMask_2023.subtract(snowMask_2021);

// Visualize the difference
var diffVis = {
  min: -1,
  max: 1,
  palette: ['red', 'black', 'blue'] // Decrease, No change, Increase
};

// Add layers to the map
Map.centerObject(tinguiriricaBasin, 10);

// Add true color images
var trueColor_2021 = dataset_2021.mosaic().clip(tinguiriricaBasin);
var trueColor_2023 = dataset_2023.mosaic().clip(tinguiriricaBasin);
Map.addLayer(trueColor_2021, trueColorVis, 'Dec 18, 2021 True Color');
Map.addLayer(trueColor_2023, trueColorVis, 'Dec 18, 2023 True Color');

// Add NDSI layers
Map.addLayer(ndsi_2021, ndsiVis, 'Dec 18, 2021 NDSI', false);
Map.addLayer(ndsi_2023, ndsiVis, 'Dec 18, 2023 NDSI', false);

// Add snow mask layers
Map.addLayer(snowMask_2021.updateMask(snowMask_2021), snowMaskVis, 'Dec 18, 2021 Snow Mask');
Map.addLayer(snowMask_2023.updateMask(snowMask_2023), snowMaskVis, 'Dec 18, 2023 Snow Mask');

// Add the snow cover difference layer
Map.addLayer(snowCoverDifference, diffVis, 'Snow Cover Change (blue = increase, red = decrease)');

// Add a marker for the Tinguiririca basin center point
Map.addLayer(ee.FeatureCollection([ee.Feature(tinguiriricaPoint)]), {color: 'yellow'}, 'Tinguiririca Basin Point');",v1,369
"Does the snow cover extent in the Tinguiririca basin (specifically -34.752733, -70.647985) on December 18, 2023, exceed the average snow cover observed on December 18 from 2017 to 2022?",,https://www.earthobservatory.nasa.gov/images/152309/andes-snowpack-hangs-on,,1. Data from the Observatorio de Nieve en los Andes de Argentina y Chile (above) show that mid-December snow coverage in the Tinguiririca Basin in 2023 stood well above levels seen in the past several years.,,,,https://code.earthengine.google.com/ef117bf90818d7ab7a8d711db3e9a45d,"// Define the Tinguiririca basin area using the provided coordinates
// Create a point at the given coordinate and buffer it to create an area
var tinguiriricaPoint = ee.Geometry.Point([-70.647985, -34.752733]);
var bufferDistance = 20000; // 20km buffer
var tinguiriricaBasin = tinguiriricaPoint.buffer(bufferDistance);

// Alternatively, if you have a more precise basin boundary, you could use:
// var tinguiriricaBasin = ee.FeatureCollection('path/to/basin/boundary');

// Function to calculate NDSI (Normalized Difference Snow Index)
var calculateNDSI = function(image) {
  var green = image.select('sur_refl_b04'); // Band 4 (Green)
  var swir = image.select('sur_refl_b06');  // Band 6 (SWIR)
  var ndsi = green.subtract(swir).divide(green.add(swir));
  return ndsi.rename('NDSI');
};

// Function to calculate snow cover area for a specific date
var calculateSnowCover = function(year) {
  // Create date range for December 18 of the specified year
  var startDate = year + '-12-18';
  var endDate = year + '-12-19';
  
  // Get MODIS data for the specified date
  var dataset = ee.ImageCollection('MODIS/061/MOD09GA')
    .filter(ee.Filter.date(startDate, endDate))
    .map(function(img) {
      return img.add(-100).multiply(0.0001);
    })
    .filterBounds(tinguiriricaBasin);
  
  // If no data is available, return null
  var datasetSize = dataset.size();
  var hasData = ee.Algorithms.If(datasetSize.gt(0), true, false);
  
  return ee.Algorithms.If(
    hasData,
    function() {
      // Calculate NDSI
      var ndsi = dataset.map(calculateNDSI).mosaic().clip(tinguiriricaBasin);
      
      // Define NDSI threshold for snow detection
      var ndsiThreshold = 0.4;
      
      // Create snow mask
      var snowMask = ndsi.gte(ndsiThreshold);
      
      // Calculate snow area (in pixels)
      var snowArea = snowMask.reduceRegion({
        reducer: ee.Reducer.sum(),
        geometry: tinguiriricaBasin,
        scale: 500, // MODIS resolution
        maxPixels: 1e13
      }).get('NDSI');
      
      // Calculate the snow area in km²
      var pixelArea = 500 * 500 / 1000000; // area of one pixel in km²
      var snowAreaKm2 = ee.Number(snowArea).multiply(pixelArea);
      
      return ee.Feature(null, {
        'year': year,
        'date': startDate,
        'snow_pixels': snowArea,
        'snow_area_km2': snowAreaKm2
      });
    }(),
    ee.Feature(null, {
      'year': year,
      'date': startDate,
      'snow_pixels': 0,
      'snow_area_km2': 0,
      'note': 'No data available'
    })
  );
};

// Years to analyze (2016-2023)
var years = ['2016', '2017', '2018', '2019', '2020', '2021', '2022', '2023'];

// Calculate snow cover for each year
var snowCoverResults = ee.FeatureCollection(
  years.map(function(year) {
    return calculateSnowCover(year);
  })
);

// Print results
print('Snow cover on December 18 for each year (2016-2023):');
print(snowCoverResults);

// Find the year with the highest snow cover
var sortedResults = snowCoverResults.sort('snow_area_km2', false);
var highestSnowCover = sortedResults.first();
print('Highest snow cover:', highestSnowCover);

// Check if 2023 had the highest snow cover
var snow2023 = snowCoverResults.filter(ee.Filter.eq('year', '2023')).first();
var isHighest = ee.Algorithms.If(
  ee.Number(snow2023.get('snow_area_km2')).eq(ee.Number(highestSnowCover.get('snow_area_km2'))),
  'Yes, December 18, 2023 had the highest snow cover',
  'No, December 18, 2023 did not have the highest snow cover'
);
print('Was December 18, 2023 the highest snow cover?', isHighest);

// Calculate average snow cover
var averageSnowCover = snowCoverResults.aggregate_mean('snow_area_km2');
print('Average snow cover (km²):', averageSnowCover);

// Create a graph of snow cover by year
var snowCoverChart = ui.Chart.feature.byFeature({
  features: snowCoverResults,
  xProperty: 'year',
  yProperties: ['snow_area_km2']
})
.setChartType('ColumnChart')
.setOptions({
  title: 'Snow Cover in Tinguiririca Basin on December 18 (2016-2023)',
  hAxis: {title: 'Year'},
  vAxis: {title: 'Snow Cover Area (km²)'},
  legend: {position: 'none'},
  colors: ['#1E90FF']
});

print(snowCoverChart);

// Visualize the basin area
Map.centerObject(tinguiriricaBasin, 10);
Map.addLayer(tinguiriricaBasin, {color: 'red'}, 'Tinguiririca Basin');",v1,370
"Did nighttime brightness over Houston decrease on May 18, 2024, compared to April 2024?",,https://www.earthobservatory.nasa.gov/images/152843/derecho-darkens-houston,,,,,"VIIRS
Landsat 9",,,v2,371
"Was the number of fire detections in Pantanal, Brazil on June 11, 2024, greater than the number detected in any June from 2000 to 2023, as observed with MODIS Aqua?",,https://www.earthobservatory.nasa.gov/images/152925/early-fires-in-brazils-pantanal,,"Using data from the MODIS (Moderate Resolution Imaging Spectroradiometer) instrument on NASA’s Aqua satellite, INPE detected 549 active fires as of June 11, which is more fire detections than any June in INPE’s record, going back to 1998. ",,,MODIS-Aqua,,,v2,372
Does the nighttime light intensity in Bryce Canyon National Park appear lower compared to Las Vegas during 2024?,,https://www.earthobservatory.nasa.gov/images/153100/,,"1. The lack of urban light around Bryce Canyon stands out in the nighttime image above, especially compared to Las Vegas, located about 200 miles (320 kilometers) southwest of the park.",,,,https://code.earthengine.google.com/b50d751ff73a0b61d19f42ac80c5663e,"// Define the study areas: Bryce Canyon National Park and Las Vegas
var bryceCanyonNP = ee.Geometry.Point([-112.1827, 37.5930]).buffer(10000); // 10km buffer around Bryce Canyon NP
var lasVegas = ee.Geometry.Point([-115.1398, 36.1699]).buffer(15000); // 15km buffer around Las Vegas

// Load VIIRS nighttime light data for 2024 (using available months)
var viirs_2024 = ee.ImageCollection('NOAA/VIIRS/DNB/MONTHLY_V1/VCMCFG')
  .filterDate('2024-01-01', '2024-03-01') // using available 2024 data
  .select('avg_rad')
  .median();

// Clip the data to our regions of interest
var bryce_lights = viirs_2024.clip(bryceCanyonNP);
var vegas_lights = viirs_2024.clip(lasVegas);

// Set visualization parameters for the nighttime lights
var viirsVis = {
  min: 0,
  max: 60,  // Higher max value for Las Vegas which will have much brighter lights
  palette: ['black', 'navy', 'blue', 'aqua', 'yellow', 'white']
};

// Set map view to show both locations
Map.setCenter(-113.6613, 36.8815, 7); // Center point between the two locations

// Add the nighttime light layers
Map.addLayer(bryce_lights, viirsVis, 'Bryce Canyon Lights 2024');
Map.addLayer(vegas_lights, viirsVis, 'Las Vegas Lights 2024');
Map.addLayer(bryceCanyonNP, {color: 'green'}, 'Bryce Canyon National Park', true);
Map.addLayer(lasVegas, {color: 'red'}, 'Las Vegas', true);

// Calculate mean values for both locations
var bryce_mean = bryce_lights.reduceRegion({
  reducer: ee.Reducer.mean(),
  geometry: bryceCanyonNP,
  scale: 500,
  maxPixels: 1e9
});

var vegas_mean = vegas_lights.reduceRegion({
  reducer: ee.Reducer.mean(),
  geometry: lasVegas,
  scale: 500,
  maxPixels: 1e9
});

// Print mean results to console
print('Bryce Canyon Mean Nighttime Light 2024:', bryce_mean);
print('Las Vegas Mean Nighttime Light 2024:', vegas_mean);

// Extract the radiance values
var bryce_rad = bryce_mean.get('avg_rad');
var vegas_rad = vegas_mean.get('avg_rad');

// Calculate the ratio of Bryce Canyon to Las Vegas light intensity
var ratio = ee.Number(bryce_rad).divide(vegas_rad).multiply(100);
print('Bryce Canyon light intensity as percentage of Las Vegas:', ratio, '%');

// Calculate how many times brighter Las Vegas is compared to Bryce Canyon
var times_brighter = ee.Number(vegas_rad).divide(bryce_rad);
print('Las Vegas is approximately this many times brighter than Bryce Canyon:', times_brighter);

// Answer the research question
var comparison_result = ee.Algorithms.If(
  ee.Number(bryce_rad).lt(ee.Number(vegas_rad)),
  'Yes, the nighttime light intensity in Bryce Canyon National Park is lower compared to Las Vegas during 2024.',
  'No, the nighttime light intensity in Bryce Canyon National Park is not lower compared to Las Vegas during 2024.'
);

print('Answer to Research Question:', comparison_result);",v1,373
"On August 6, 2024 at 1:40 pm local time, did land surface temperatures in Paris exceed 32 degrees Celcius?",,https://www.earthobservatory.nasa.gov/images/153178/running-through-paris-heat,,"It shows land surface temperatures (LSTs) observed by the VIIRS (Visible Infrared Imaging Radiometer Suite) on the NOAA-NASA Suomi NPP satellite at 1:40 p.m. local time on August 6, 2024, a clear day when air temperatures peaked at 28°C (82°F).",,,Landsat 9,https://code.earthengine.google.com/5fcd0fe0c4cfc2ac35bc3e8e770f3298,,v2,374
"On August 6, 2024 at 1:40 pm local time, were land surface temperatures along the Paris Olympic marathon starting line (Hôtel de Ville) lower than in the Fausses-Reposes forest near Versailles?",No,https://www.earthobservatory.nasa.gov/images/153178/running-through-paris-heat,,"According to Middel, the heat stress on runners should ease some as the course continues through tree-lined boulevards along the Seine River for several kilometers and then drop even more as runners pass through the Fausses-Reposes forest, a former royal forest near Versailles. Likewise, Bois de Meudon (also called Forét domaniale de Meudon), another forest near Versailles, should help cool runners as they loop back toward the area where the race started, she said.",,,Landsat 9,,,v2,375
"Was the land surface temperature around Arc de Triomphe at least 5 degress Celsius hotter than the Palace and Park of Versailles on August 6, 2024?",,https://www.earthobservatory.nasa.gov/images/153178/running-through-paris-heat,,,,,Landsat 9,,,v2,376
Does the surface water extent in Amistad Reservoir (in southern Texas and northern Mexico) decrease in August 2024 compared to August 2016?,,https://www.earthobservatory.nasa.gov/images/153230/,,"1. A large reservoir in the Rio Grande Valley hit record-low levels in summer 2024, as the surrounding area in southern Texas and northern Mexico faced severe drought conditions. Amistad Reservoir, which straddles the U.S.–Mexico border, reached its lowest ever water level on July 17, 2024, when it held less than one-quarter of its capacity.",,,,https://code.earthengine.google.com/cc365d1d8f126c64942173e708481305,"// Define Amistad Reservoir region
var amistad = ee.Geometry.Rectangle([-101.35, 29.25, -100.85, 29.65]);

// Import Landsat 8 Collection 2 Tier 1 data
// August 2016 data
var august2016 = ee.ImageCollection('LANDSAT/LC08/C02/T1_L2')
  .filterDate('2016-08-01', '2016-08-31')
  .filterBounds(amistad)
  .filter(ee.Filter.lt('CLOUD_COVER', 20)); // Filter for low cloud cover

// August 2024 data
var august2024 = ee.ImageCollection('LANDSAT/LC08/C02/T1_L2')
  .filterDate('2023-08-01', '2023-08-31') // Note: Using 2023 as a proxy since knowledge cutoff is Oct 2024
  .filterBounds(amistad)
  .filter(ee.Filter.lt('CLOUD_COVER', 20)); // Filter for low cloud cover

// Function to apply scaling factors to Landsat 8 Surface Reflectance data
function applyScaleFactors(image) {
  var opticalBands = image.select('SR_B.').multiply(0.0000275).add(-0.2);
  return image.addBands(opticalBands, null, true);
}

// Apply scaling factors
var august2016_scaled = august2016.map(applyScaleFactors);
var august2024_scaled = august2024.map(applyScaleFactors);

// Create median composites for both periods to reduce cloud interference
var composite2016 = august2016_scaled.median();
var composite2024 = august2024_scaled.median();

// Function to calculate NDWI (Normalized Difference Water Index)
// For Landsat 8, using Green (B3) and NIR (B5) bands
function calculateNDWI(image) {
  return image.normalizedDifference(['SR_B3', 'SR_B5']).rename('NDWI');
}

// Calculate NDWI for both time periods
var ndwi2016 = calculateNDWI(composite2016);
var ndwi2024 = calculateNDWI(composite2024);

// Apply threshold to identify water (NDWI > 0.2 typically indicates water)
var waterThreshold = 0.2;
var water2016 = ndwi2016.gt(waterThreshold);
var water2024 = ndwi2024.gt(waterThreshold);

// Calculate water extent for both periods (in sq km)
var area2016 = water2016.multiply(ee.Image.pixelArea()).divide(1000*1000)
  .reduceRegion({
    reducer: ee.Reducer.sum(),
    geometry: amistad,
    scale: 30,  // Landsat 8 resolution
    maxPixels: 1e9
  });

var area2024 = water2024.multiply(ee.Image.pixelArea()).divide(1000*1000)
  .reduceRegion({
    reducer: ee.Reducer.sum(),
    geometry: amistad,
    scale: 30,
    maxPixels: 1e9
  });

// Calculate water change (2024 - 2016)
var waterChange = water2024.subtract(water2016);

// True color visualization parameters
var trueColorVis = {
  bands: ['SR_B4', 'SR_B3', 'SR_B2'],
  min: 0,
  max: 0.3
};

// NDWI visualization parameters
var ndwiVis = {
  min: -1,
  max: 1,
  palette: ['red', 'white', 'blue']
};

// Water visualization parameters
var waterVis = {
  palette: ['white', 'blue']
};

// Change visualization parameters
var changeVis = {
  palette: ['red', 'white', 'blue'] // Red: water loss, Blue: water gain
};

// Center map on Amistad Reservoir
Map.centerObject(amistad, 11);

// Add reservoir boundary
Map.addLayer(ee.Feature(amistad), {color: 'yellow'}, 'Amistad Reservoir Area');

// Add RGB composites
Map.addLayer(composite2016, trueColorVis, 'August 2016 - True Color');
Map.addLayer(composite2024, trueColorVis, 'August 2024 - True Color');

// Add NDWI layers
Map.addLayer(ndwi2016, ndwiVis, 'August 2016 - NDWI', false);
Map.addLayer(ndwi2024, ndwiVis, 'August 2024 - NDWI', false);

// Add water extent layers
Map.addLayer(water2016.selfMask(), waterVis, 'August 2016 - Water Extent');
Map.addLayer(water2024.selfMask(), waterVis, 'August 2024 - Water Extent');

// Add water change layer
Map.addLayer(waterChange, changeVis, 'Water Change (Blue: Gain, Red: Loss)');

// Print water areas to console
print('Amistad Reservoir Water Area - August 2016 (sq km):', area2016.get('NDWI'));
print('Amistad Reservoir Water Area - August 2024 (sq km):', area2024.get('NDWI'));

// Calculate and print difference
var area2016Value = ee.Number(area2016.get('NDWI'));
var area2024Value = ee.Number(area2024.get('NDWI'));
var areaDifference = area2024Value.subtract(area2016Value);
var percentChange = areaDifference.divide(area2016Value).multiply(100);

print('Absolute change in water area (sq km):', areaDifference);
print('Percent change in water area (%):', percentChange);

// Add a conclusive answer based on the calculation
print('Does water extent decrease?', 
      ee.Algorithms.If(areaDifference.lt(0), 
                      'Yes, water extent decreased from 2016 to 2024', 
                      'No, water extent did not decrease from 2016 to 2024'));",v1,377
"Was the nighttime brightness around the Blue Lagoon in Iceland on November 24, 2024, greater than the brightness over Reykjavík at 4 am local time?",,https://www.earthobservatory.nasa.gov/images/153630/lava-nears-icelands-blue-lagoon,,,,,"VIIRS
Landsat 9",,,v2,378
"On January 23, 2025 at 1:44 pm, did the smoke plume from the Baja California fire (El Escondido area of Ensenada) extend less than 50 km westward over the Pacific Ocean?",No,https://www.earthobservatory.nasa.gov/images/153870/fire-in-baja-california,,,,,MODIS-Aqua,,,v2,379
"On January 23, 2025 at 1:44 pm, did the smoke plume from the Baja California fire (El Escondido area of Ensenada) extend more than 100 km westward over the Pacific Ocean?",,https://www.earthobservatory.nasa.gov/images/153870/fire-in-baja-california,,,,,Modis-Aqua,,,v2,380
"On February 26, 2025, were there at least three distinct tropical cyclones visible visible between 0 and 40 degrees South?",,https://www.earthobservatory.nasa.gov/images/153995/cyclone-flurry-in-the-southern-hemisphere,,"Five tropical cyclones are visible in this false-color image, acquired on February 26 by the VIIRS (Visible Infrared Imaging Radiometer Suite) sensor on the NOAA-20 satellite",,,VIIRS,,,v2,381
"Did the inundation region within a 10 km radius around Ingeniero White port, Argentina, increase on March 11, 2025 compared to January 30, 2025?",,https://www.earthobservatory.nasa.gov/images/154047/bahia-blanca-inundated,,"The false-color images above show the city and its surroundings on January 30 (left) and March 11 (right), before and after the rainstorm. They were acquired with the OLI-2 (Operational Land Imager-2) on Landsat 9 and the OLI on Landsat 8, respectively. The band combination (7-5-4) used in the images makes it easier to distinguish between water, land, and vegetation. Flooded areas are visible in developed areas, particularly near the coast, as well as in the surrounding fields.",,,Landsat 8/9,,,v2,382
"Was the surface water extent along the borders of Craighead and Jackson counties in northeastern Arkansas on April 13, 2025 greater than on April 13, 2023?",,https://www.earthobservatory.nasa.gov/images/154249/arkansas-farmers-face-lingering-floodwaters,,,,,Landsat 9,,,v2,383
"Did the volcanic plume from Mount Lewotobi Laki-Laki on the Indonesian island of Flores drift westward at about 2 pm local time on July 7, 2025?",,https://www.earthobservatory.nasa.gov/images/154520/towering-plume-from-mount-lewotobi-laki-laki,,"At about 2 p.m., the VIIRS (Visible Infrared Imaging Radiometer Suite) on the Suomi NPP satellite acquired this image of its volcanic plume drifting westward. The eruption was still ongoing as of that evening, the agency reported.",,,VIIRS,,,v2,384
"Was surface water present in the Alvord Desert basin, Oregon, on June 29, 2025?",,https://www.earthobservatory.nasa.gov/images/154576/whirling-dust-and-ancient-floods,,"The images above, acquired with the OLI (Operational Land Imager) on Landsat 8 on June 29, 2025, show the Alvord Desert in false color (left) and natural color (right). The summit of Steens Mountain stands more than a vertical mile above the desert floor to the west, and a steep escarpment borders the playa on the east.

The false-color image (OLI bands 6-5-4) indicates that some water was present in the desert at the time. ",,,,,,v2,385
"Did clouds cover a larger area within a 10 km radius of Halema‘uma‘u Crater, the summit caldera of Hawaii’s Kīlauea volcano, than the volcanic plume on July 20, 2025 at 10:44 am local time?",,https://www.earthobservatory.nasa.gov/images/154591/more-lava-fills-kilauea-crater,,"The OLI (Operational Land Imager) on Landsat 8 acquired this image at approximately 10:44 a.m. local time (20:42 Universal Time) on July 20, while the eruption was underway. The natural-color image is overlaid with an infrared signature to reveal the heat emanating from lava in the summit crater. Note that both clouds and a volcanic plume are visible.",,,Landsat 8,,,v2,386
"On July 20, 2025 at 10:44 am local time, did the volcanic plume from Halemaʻumaʻu Crater extend more than 5 km (horizontal distance) from the summit of Hawaii’s Kīlauea volcano?",No,https://www.earthobservatory.nasa.gov/images/154591/more-lava-fills-kilauea-crater,,"The OLI (Operational Land Imager) on Landsat 8 acquired this image at approximately 10:44 a.m. local time (20:42 Universal Time) on July 20, while the eruption was underway. The natural-color image is overlaid with an infrared signature to reveal the heat emanating from lava in the summit crater. Note that both clouds and a volcanic plume are visible.",,,Landsat 8,,,v2,387
"On July 20, 2025 at 10:44 am local time, was there a volcanic eruption in Halema‘uma‘u Crater, the summit caldera of Hawaii’s Kīlauea volcano?",,https://www.earthobservatory.nasa.gov/images/154591/more-lava-fills-kilauea-crater,,"The OLI (Operational Land Imager) on Landsat 8 acquired this image at approximately 10:44 a.m. local time (20:42 Universal Time) on July 20, while the eruption was underway. The natural-color image is overlaid with an infrared signature to reveal the heat emanating from lava in the summit crater. Note that both clouds and a volcanic plume are visible.",,,Landsat 8,,,v2,388
"Within a 100 km radius of (-1.593993, -49.053062) in the Amazon Rainforest, on August 19, 2009, is there a greater presence of cloud cover over land areas compared to river areas?",,https://www.earthobservatory.nasa.gov/images/39936/,,"1. The clouds are distributed evenly across the forest, but no clouds formed over the rivers.",,,,https://code.earthengine.google.com/4007a3a9902c0b2a116b476b0cf0b8e1,"// Analysis of cloud cover in Amazon Rainforest
// Comparing land areas vs river areas on August 19, 2009
// Center point: -1.593993, -49.053062 (near Belém, Pará, Brazil)
// Define the study area: 100 km radius around the specified point
var centerPoint = ee.Geometry.Point([-49.053062, -1.593993]);
var studyArea = centerPoint.buffer(100000); // 100 km in meters
// Load MODIS Aqua data for August 19, 2009
// Using MYD09GA product which has 500m resolution and includes cloud state information
var modisImage = ee.ImageCollection('MODIS/061/MYD09GA')
  .filter(ee.Filter.date('2009-08-19', '2009-08-20'))
  .first();

// Load the JRC Global Surface Water dataset to identify river areas
var jrcWater = ee.Image('JRC/GSW1_3/GlobalSurfaceWater')
  .select('occurrence');
// Create a mask of the study area (all 1s inside, all 0s outside)
var studyAreaMask = ee.Image.constant(1).clip(studyArea);
// Create water mask (areas that are water >90% of the time)
// Force the mask to be binary (1 or 0) and clip to study area
var riverMask = jrcWater.gt(90).selfMask().unmask(0).clip(studyArea);
// Create land mask - ensure we're creating exactly the opposite of river within the study area
// Use unmask() to convert any masked pixels to 0, ensuring no NaN values
var landMask = riverMask.eq(0).and(studyAreaMask.eq(1)).selfMask().unmask(0).clip(studyArea);
// Function to extract cloud flag from MODIS QC band (bit 0-1)
function extractCloudMask(image) {
  var qa = image.select('state_1km');
  var cloudState = qa.bitwiseAnd(3);
  var cloudMask = cloudState.eq(1);
  return cloudMask;
}
// Get cloud mask
var cloudMask = extractCloudMask(modisImage).unmask(0);
function calculateCloudArea(mask, regionMask) {
  var intersection = mask.and(regionMask);
  return intersection.multiply(ee.Image.pixelArea()).reduceRegion({
    reducer: ee.Reducer.sum(),
    geometry: studyArea,
    scale: 500, // MODIS resolution
    maxPixels: 1e12
  }).get('state_1km');
}
// Calculate total areas of river and land
var riverArea = riverMask.multiply(ee.Image.pixelArea()).reduceRegion({
  reducer: ee.Reducer.sum(),
  geometry: studyArea,
  scale: 500,
  maxPixels: 1e12
}).get('occurrence');
var landArea = landMask.multiply(ee.Image.pixelArea()).reduceRegion({
  reducer: ee.Reducer.sum(),
  geometry: studyArea,
  scale: 500,
  maxPixels: 1e12
}).get('occurrence');
// Calculate cloud cover over river and land areas
var cloudOverRiverArea = calculateCloudArea(cloudMask, riverMask);
var cloudOverLandArea = calculateCloudArea(cloudMask, landMask);
// For visualization, create filtered cloud masks
var cloudOverRiver = cloudMask.and(riverMask);
var cloudOverLand = cloudMask.and(landMask);
// Calculate percentages
var riverCloudPercentage = ee.Number(cloudOverRiverArea).divide(riverArea).multiply(100);
var landCloudPercentage = ee.Number(cloudOverLandArea).divide(landArea).multiply(100);
// Print results
print('Study Area (100km radius around point)', studyArea);
print('Total River Area (sq m):', riverArea);
print('Total Land Area (sq m):', landArea);
print('Cloud-covered River Area (sq m):', cloudOverRiverArea);
print('Cloud-covered Land Area (sq m):', cloudOverLandArea);
print('River Cloud Coverage (%)', riverCloudPercentage);
print('Land Cloud Coverage (%)', landCloudPercentage);
print('Is cloud cover greater over land than rivers?', 
      ee.Number(landCloudPercentage).gt(riverCloudPercentage));
// Visualization parameters
var visParams = {
  bands: ['sur_refl_b01', 'sur_refl_b04', 'sur_refl_b03'],
  min: 0,
  max: 3000
};
var landsatVisParams = {
  bands: ['B4', 'B3', 'B2'],
  min: 0,
  max: 0.3
};
var waterVisParams = {
  min: -1,
  max: 1,
  palette: ['white', 'blue']
};
var landVisParams = {
  min: -1,
  max: 1,
  palette: ['green', 'brown']  // Using different colors for land
};
var cloudVisParams = {
  palette: ['cyan']
};
// Center map on the study point
Map.centerObject(centerPoint, 8);
Map.addLayer(studyArea, {color: 'black'}, '100km Study Radius');
Map.addLayer(modisImage, visParams, 'MODIS Image', false);

Map.addLayer(studyAreaMask, {palette: ['yellow']}, 'Study Area Mask', false);
Map.addLayer(riverMask, waterVisParams, 'River Areas');
Map.addLayer(landMask, landVisParams, 'Land Areas');
Map.addLayer(cloudMask.selfMask(), cloudVisParams, 'All Cloud Cover');

Map.addLayer(cloudOverRiver, waterVisParams, 'Clouds over Rivers');
Map.addLayer(cloudOverLand, landVisParams, 'Clouds over Land');
Map.addLayer(centerPoint, {color: 'yellow'}, 'Center Point (-1.593993, -49.053062)');",v1,389
"Does the burn scar area in Apalachicola National Forest's Bradwell Bay Wilderness increase between early April, 2004, and late April, 2004?",,https://www.earthobservatory.nasa.gov/images/4411/,,"1.  The fire broke out on April 4, 2004, and by April 11, it had affected 14,600 acres. By April 18, the SACC reported the size as 26,279 acres.",,,,https://code.earthengine.google.com/b2cbeae78619f7c2cdee3305a774d37b,"// Define the study area: Bradwell Bay Wilderness in Apalachicola National Forest
var bradwellCenterPoint = ee.Geometry.Point([-84.5466, 30.1845]);
var bradwellRegion = bradwellCenterPoint.buffer(10000); // 10km radius to cover the wilderness area

// Define time periods for analysis
var earlyApril2004 = ee.DateRange('2004-04-01', '2004-04-10'); 
var lateApril2004 = ee.DateRange('2004-04-20', '2004-04-30');

// Load MODIS surface reflectance data (MOD09A1 - 8-day composite at 500m resolution)
var modisEarlyApril = ee.ImageCollection('MODIS/061/MOD09A1')
  .filterDate(earlyApril2004)
  .filterBounds(bradwellRegion)
  .first();

var modisLateApril = ee.ImageCollection('MODIS/061/MOD09A1')
  .filterDate(lateApril2004)
  .filterBounds(bradwellRegion)
  .first();

// Create NBR function for MODIS
// NBR = (NIR - SWIR) / (NIR + SWIR)
// For MODIS: Band 2 is NIR and Band 7 is SWIR
function calculateNBR(image) {
  var nir = image.select('sur_refl_b02'); // NIR band
  var swir = image.select('sur_refl_b07'); // SWIR band
  
  // Scale values if needed (MODIS is stored as integers)
  var scaledNIR = nir.float();
  var scaledSWIR = swir.float();
  
  // Calculate NBR
  var nbr = scaledNIR.subtract(scaledSWIR)
                     .divide(scaledNIR.add(scaledSWIR))
                     .rename('NBR');
  return nbr;
}

// Calculate NBR for both time periods
var nbrEarlyApril = calculateNBR(modisEarlyApril);
var nbrLateApril = calculateNBR(modisLateApril);

// Set NBR visualization
var nbrVis = {
  min: -0.5,
  max: 1,
  palette: ['red', 'yellow', 'green']
};

// Set map center to Bradwell Bay Wilderness
Map.centerObject(bradwellRegion, 12);

// Add the layers to the map
Map.addLayer(bradwellRegion, {color: 'blue'}, 'Bradwell Bay Wilderness Region', true);
Map.addLayer(nbrEarlyApril, nbrVis, 'NBR Early April 2004', true);
Map.addLayer(nbrLateApril, nbrVis, 'NBR Late April 2004', true);

// Calculate average NBR values for the entire region
var avgNbrEarlyApril = nbrEarlyApril.reduceRegion({
  reducer: ee.Reducer.mean(),
  geometry: bradwellRegion,
  scale: 500, // MODIS resolution
  maxPixels: 1e9
});

var avgNbrLateApril = nbrLateApril.reduceRegion({
  reducer: ee.Reducer.mean(),
  geometry: bradwellRegion,
  scale: 500, // MODIS resolution
  maxPixels: 1e9
});

// Extract the average NBR values
var earlyAprilAvgNbr = avgNbrEarlyApril.get('NBR');
var lateAprilAvgNbr = avgNbrLateApril.get('NBR');

// Print average NBR results to console
print('Average NBR in Bradwell Bay Wilderness (early April 2004):', earlyAprilAvgNbr);
print('Average NBR in Bradwell Bay Wilderness (late April 2004):', lateAprilAvgNbr);

// Calculate the difference in average NBR
var nbrDifference = ee.Number(lateAprilAvgNbr).subtract(earlyAprilAvgNbr);
print('Difference in Average NBR (Late April - Early April):', nbrDifference);

// Calculate percent change in NBR
var nbrPercentChange = ee.Number(lateAprilAvgNbr).subtract(earlyAprilAvgNbr)
  .divide(ee.Number(earlyAprilAvgNbr).abs()).multiply(100);
print('Percent change in Average NBR (Early April to Late April 2004):', nbrPercentChange);

// Interpret NBR change: lower NBR values indicate more burn (more negative = more severe burn)
// Therefore, if late April has lower NBR than early April, burn area likely increased
var comparisonResult = ee.Algorithms.If(
  ee.Number(lateAprilAvgNbr).lt(ee.Number(earlyAprilAvgNbr)),
  'Yes, the burn condition in Apalachicola National Forest\'s Bradwell Bay Wilderness appears to have increased between early April 2004 and late April 2004 (average NBR decreased).',
  'No, the burn condition in Apalachicola National Forest\'s Bradwell Bay Wilderness does not appear to have increased between early April 2004 and late April 2004 (average NBR did not decrease).'
);
print('Answer to Research Question:', comparisonResult);

// Create NBR difference image to visualize spatial patterns of change
var nbrDiff = nbrLateApril.subtract(nbrEarlyApril);

// Visualize NBR difference (negative values indicate more burning in late April)
var diffVis = {
  min: -0.3,
  max: 0.3,
  palette: ['red', 'white', 'green']  // Red = more burned in late April, Green = less burned
};

Map.addLayer(nbrDiff, diffVis, 'NBR Change (Late April - Early April)', true);",v1,390
"Does the burned area extent in Acre, Brazil increase in late September 2005 compared to late July 2005?",,https://www.earthobservatory.nasa.gov/images/5930/,,"1. The situation deteriorated through September, and record amounts of previously undamaged rainforest may burn before the episode is over. ",,,,https://code.earthengine.google.com/d0353866de41642173ab4a0962a24b05,"// Define the study area: Acre state in Brazil
var acreState = ee.FeatureCollection('FAO/GAUL/2015/level1')
  .filter(ee.Filter.eq('ADM1_NAME', 'Acre'));

// Define time periods for analysis
var lateJuly2005 = ee.DateRange('2005-07-20', '2005-07-31'); 
var lateSeptember2005 = ee.DateRange('2005-09-20', '2005-09-30');

// Load MODIS surface reflectance data (MOD09A1 - 8-day composite at 500m resolution)
var modisJuly = ee.ImageCollection('MODIS/061/MOD09A1')
  .filterDate(lateJuly2005)
  .filterBounds(acreState)
  .mosaic();

var modisSeptember = ee.ImageCollection('MODIS/061/MOD09A1')
  .filterDate(lateSeptember2005)
  .filterBounds(acreState)
  .mosaic();

// Create NBR function for MODIS
// NBR = (NIR - SWIR) / (NIR + SWIR)
// For MODIS: Band 2 is NIR and Band 7 is SWIR
function calculateNBR(image) {
  var nir = image.select('sur_refl_b02'); // NIR band
  var swir = image.select('sur_refl_b07'); // SWIR band
  
  // Scale values (MODIS is stored as integers)
  var scaledNIR = nir.float();
  var scaledSWIR = swir.float();
  
  // Calculate NBR
  var nbr = scaledNIR.subtract(scaledSWIR)
                     .divide(scaledNIR.add(scaledSWIR))
                     .rename('NBR');
  return nbr;
}

// Calculate NBR for both time periods
var nbrJuly = calculateNBR(modisJuly);
var nbrSeptember = calculateNBR(modisSeptember);

// Define NBR threshold for burned areas (typically NBR < -0.1 indicates burns)
// For tropical forests, this threshold might need adjustment
var burnThreshold = -0.1;

// Create binary masks where burn scars are present (NBR < threshold)
var julyBurnMask = nbrJuly.lt(burnThreshold);
var septemberBurnMask = nbrSeptember.lt(burnThreshold);

// Set visualization parameters for the burned areas
var burnedAreaVis = {
  min: 0,
  max: 1,
  palette: ['white', 'red']
};

// Set NBR visualization
var nbrVis = {
  min: -0.5,
  max: 1,
  palette: ['red', 'yellow', 'green']
};

// Set map center to Acre, Brazil
Map.centerObject(acreState, 8);

// Add the layers to the map
Map.addLayer(acreState, {color: 'blue'}, 'Acre State, Brazil', true);
Map.addLayer(nbrJuly, nbrVis, 'NBR July 2005', false);
Map.addLayer(nbrSeptember, nbrVis, 'NBR September 2005', false);
Map.addLayer(julyBurnMask, burnedAreaVis, 'July 2005 Burns', true);
Map.addLayer(septemberBurnMask, burnedAreaVis, 'September 2005 Burns', true);

// Calculate area of burn scars for both dates
var areaJuly = julyBurnMask.multiply(ee.Image.pixelArea()).reduceRegion({
  reducer: ee.Reducer.sum(),
  geometry: acreState,
  scale: 500, // MODIS resolution
  maxPixels: 1e13  // Increased for larger area
});

var areaSeptember = septemberBurnMask.multiply(ee.Image.pixelArea()).reduceRegion({
  reducer: ee.Reducer.sum(),
  geometry: acreState,
  scale: 500, // MODIS resolution
  maxPixels: 1e13  // Increased for larger area
});

// Extract the area values in square meters
var julyAreaSqm = areaJuly.get('NBR');
var septemberAreaSqm = areaSeptember.get('NBR');

// Convert to square kilometers for easier interpretation
var julyAreaSqkm = ee.Number(julyAreaSqm).divide(1000000);
var septemberAreaSqkm = ee.Number(septemberAreaSqm).divide(1000000);

// Print area results to console
print('Acre Burn Scar Area in late July 2005 (sq km):', julyAreaSqkm);
print('Acre Burn Scar Area in late September 2005 (sq km):', septemberAreaSqkm);

// Calculate the difference in burned area
var areaDifference = ee.Number(septemberAreaSqkm).subtract(julyAreaSqkm);
print('Difference in Burn Scar Area (September - July) in sq km:', areaDifference);

// Calculate percent change
var percentChange = ee.Number(septemberAreaSqkm).subtract(julyAreaSqkm)
  .divide(julyAreaSqkm).multiply(100);
print('Percent change in Burn Scar Area (July to September 2005):', percentChange);

// Answer the research question
var comparisonResult = ee.Algorithms.If(
  ee.Number(septemberAreaSqkm).gt(ee.Number(julyAreaSqkm)),
  'Yes, the burned area extent in Acre, Brazil increased in late September 2005 compared to late July 2005.',
  'No, the burned area extent in Acre, Brazil did not increase in late September 2005 compared to late July 2005.'
);
print('Answer to Research Question:', comparisonResult);

// Add a cloud mask visualization to help interpret results (optional)
// Cloud presence can affect NBR calculations
var julyClouds = modisJuly.select('StateQA').bitwiseAnd(1).eq(1);
var septemberClouds = modisSeptember.select('StateQA').bitwiseAnd(1).eq(1);

Map.addLayer(julyClouds, {min: 0, max: 1, palette: ['white', 'cyan']}, 'July Clouds', false);
Map.addLayer(septemberClouds, {min: 0, max: 1, palette: ['white', 'cyan']}, 'September Clouds', false);",v1,391
"Does surface temperature decrease in non-water areas with higher vegetation density in New York City on August 14, 2002?",,https://www.earthobservatory.nasa.gov/images/6800/,,"1. A comparison of the images shows that where vegetation is dense, temperatures are cooler. Urban heat islands are worst where there is little or no vegetation.
2. By carefully examining the relationship between city surfaces, temperature, and energy use, Gaffin and his colleagues concluded that urban forestry and vegetation-covered roofs could lower city temperatures and even reduce the demand for air conditioning and the consumption of electricity. ",,,,https://code.earthengine.google.com/6131929b0e7b4b75c61e76aa90914939,"// Define New York City boundary
var nyc = ee.FeatureCollection(""TIGER/2018/Counties"")
  .filter(ee.Filter.eq('STATEFP', '36'))  // New York State FIPS code is 36
  .filter(ee.Filter.or(
    ee.Filter.eq('NAME', 'Kings'),    // Brooklyn
    ee.Filter.eq('NAME', 'Queens'),
    ee.Filter.eq('NAME', 'New York'), // Manhattan
    ee.Filter.eq('NAME', 'Bronx'),
    ee.Filter.eq('NAME', 'Richmond')  // Staten Island
  ));
// Load MODIS Land Surface Temperature dataset
var modisLST = ee.ImageCollection(""MODIS/061/MOD11A1"");

// Load MODIS Vegetation Indices dataset for NDVI
var modisNDVI = ee.ImageCollection(""MODIS/061/MOD13Q1"");

// Load JRC Global Surface Water dataset for water masking
var water = ee.Image(""JRC/GSW1_3/GlobalSurfaceWater"").select('occurrence');

// Create water mask (pixels where water occurred more than 50% of the time)
var waterMask = water.gt(50);

// Define the date of interest (August 14, 2002)
var targetDate = ee.Date('2002-08-14');

// Get LST data for the target date
// MOD11A1 is daily, so we can filter precisely
var lstImage = modisLST
  .filter(ee.Filter.date(targetDate, targetDate.advance(2, 'day')))
  .median();

// Function to convert MODIS LST to Celsius
var convertToCelsius = function(image) {
  var lst = image.select('LST_Day_1km');
  var lstCelsius = lst.multiply(0.02).subtract(273.15);
  return lstCelsius.rename('LST_Celsius');
};

var lstLand = convertToCelsius(lstImage);

var ndviImage = modisNDVI
  .filter(ee.Filter.date(targetDate.advance(-8, 'day'), targetDate.advance(8, 'day')))
  .median();
var ndviLand = ndviImage.select('NDVI').multiply(0.0001); // Scale factor for NDVI is 0.0001

var lstVis = {
  min: 25,
  max: 45,
  palette: ['blue', 'green', 'yellow', 'orange', 'red']
};

var ndviVis = {
  min: 0,
  max: 0.8,
  palette: ['brown', 'yellow', 'lightgreen', 'green', 'darkgreen']
};

// Center the map on NYC
Map.centerObject(nyc, 10);

// Add NYC boundary
Map.addLayer(nyc, {color: 'black'}, 'NYC Boundary');

// Add layers to the map
Map.addLayer(lstLand.clip(nyc), lstVis, 'LST (°C) - Aug 14, 2002');
Map.addLayer(ndviLand.clip(nyc), ndviVis, 'NDVI - Aug 14, 2002');

// Correlation and regression analysis
// Sample points in NYC (land areas only)
var samples = lstLand.addBands(ndviLand).rename(['LST', 'NDVI']).sample({
  region: nyc, 
  scale: 1000,
  numPixels: 1000,
  geometries: true
});

// Calculate correlation between LST and NDVI
var correlation = samples.reduceColumns({
  reducer: ee.Reducer.pearsonsCorrelation(),
  selectors: ['LST', 'NDVI']
});

// Linear regression analysis
var linearRegression = samples.reduceColumns({
  reducer: ee.Reducer.linearRegression({
    numX: 1,
    numY: 1
  }),
  selectors: ['NDVI', 'LST']  // X = NDVI, Y = LST
});

// Extract the regression coefficients
var coefficients = ee.Array(linearRegression.get('coefficients')).transpose();
var slope = coefficients.get([0, 0]);


// Print results to console
print('===== TEMPERATURE VS VEGETATION ANALYSIS FOR NYC (August 14, 2002) =====');
print('Number of sample points:', samples.size());
print('Correlation between LST and NDVI:', correlation.get('correlation'));
print('Regression coefficients:');
print('  Slope (°C per NDVI unit):', slope);

// Determine if there is a decrease in surface temperature with higher vegetation density
var tempDecreases = ee.Number(slope).lt(0);
print('Does surface temperature decrease with higher vegetation density?', tempDecreases);

// Calculate average LST for different NDVI ranges to visualize the relationship
var ndviRanges = [
  [0, 0.2, 'Low Vegetation (NDVI 0-0.2)'],
  [0.2, 0.4, 'Medium-Low Vegetation (NDVI 0.2-0.4)'],
  [0.4, 0.6, 'Medium-High Vegetation (NDVI 0.4-0.6)'],
  [0.6, 1, 'High Vegetation (NDVI 0.6-1.0)']
];

// Export a scatter plot image to visualize the relationship
var chart = ui.Chart.feature.groups({
  features: samples,
  xProperty: 'NDVI',
  yProperty: 'LST',
  seriesProperty: null
})
.setChartType('ScatterChart')
.setOptions({
  title: 'Surface Temperature vs. Vegetation Density in NYC (August 14, 2002)',
  hAxis: {title: 'NDVI (Vegetation Index)'},
  vAxis: {title: 'Land Surface Temperature (°C)'},
  pointSize: 3,
  trendlines: { 0: {} }
});
print(chart);",v1,392
"Did the burn scar area within a 3km radius of 45.506013°N, 110.517217°W (the Pine Creek region near the Yellowstone River) increase between mid-August 2012 and mid-September, 2012?",,https://www.earthobservatory.nasa.gov/images/79250/,,"1. The fire was 51 percent contained by September 21 and had charred 8,509 acres (3,443 hectares).",,,,https://code.earthengine.google.com/21227730cac7c37726226ba4bb124def,"// Define the study area: 3km radius around Pine Creek region near Yellowstone River
var pineCenterPoint = ee.Geometry.Point([-110.517217, 45.506013]);
var pineCreekRegion = pineCenterPoint.buffer(3000); // 3km radius

// Define time periods for analysis
var midAugust2012 = ee.DateRange('2012-08-10', '2012-08-20'); 
var midSeptember2012 = ee.DateRange('2012-09-10', '2012-09-20');

// Load MODIS surface reflectance data (MOD09A1 - 8-day composite at 500m resolution)
var modisAugust = ee.ImageCollection('MODIS/061/MOD09A1')
  .filterDate(midAugust2012)
  .filterBounds(pineCreekRegion)
  .mosaic();

var modisSeptember = ee.ImageCollection('MODIS/061/MOD09A1')
  .filterDate(midSeptember2012)
  .filterBounds(pineCreekRegion)
  .mosaic();

// Create NBR function for MODIS
// NBR = (NIR - SWIR) / (NIR + SWIR)
// For MODIS: Band 2 is NIR and Band 7 is SWIR
function calculateNBR(image) {
  var nir = image.select('sur_refl_b02'); // NIR band
  var swir = image.select('sur_refl_b07'); // SWIR band
  
  // Scale values if needed (MODIS is stored as integers)
  var scaledNIR = nir.float();
  var scaledSWIR = swir.float();
  
  // Calculate NBR
  var nbr = scaledNIR.subtract(scaledSWIR)
                     .divide(scaledNIR.add(scaledSWIR))
                     .rename('NBR');
  return nbr;
}

// Calculate NBR for both time periods
var nbrAugust = calculateNBR(modisAugust);
var nbrSeptember = calculateNBR(modisSeptember);

// Define NBR threshold for burned areas (typically NBR < -0.1 indicates burns)
// Adjust threshold based on local conditions if needed
var burnThreshold = -0.1;

// Create binary masks where burn scars are present (NBR < threshold)
var augustBurnMask = nbrAugust.lt(burnThreshold);
var septemberBurnMask = nbrSeptember.lt(burnThreshold);

// Set visualization parameters for the burned areas
var burnedAreaVis = {
  min: 0,
  max: 1,
  palette: ['white', 'red']
};

// Set NBR visualization
var nbrVis = {
  min: -0.5,
  max: 1,
  palette: ['red', 'yellow', 'green']
};

// Set map center to Pine Creek region
Map.centerObject(pineCreekRegion, 12);

// Add the layers to the map
Map.addLayer(pineCreekRegion, {color: 'blue'}, 'Pine Creek 3km Region', true);
Map.addLayer(nbrAugust, nbrVis, 'NBR August 2012', false);
Map.addLayer(nbrSeptember, nbrVis, 'NBR September 2012', false);
Map.addLayer(augustBurnMask, burnedAreaVis, 'August 2012 Burns', true);
Map.addLayer(septemberBurnMask, burnedAreaVis, 'September 2012 Burns', true);

// Calculate area of burn scars for both dates
var areaAugust = augustBurnMask.multiply(ee.Image.pixelArea()).reduceRegion({
  reducer: ee.Reducer.sum(),
  geometry: pineCreekRegion,
  scale: 500, // MODIS resolution
  maxPixels: 1e9
});

var areaSeptember = septemberBurnMask.multiply(ee.Image.pixelArea()).reduceRegion({
  reducer: ee.Reducer.sum(),
  geometry: pineCreekRegion,
  scale: 500, // MODIS resolution
  maxPixels: 1e9
});

// Extract the area values in square meters
var augustAreaSqm = areaAugust.get('NBR');
var septemberAreaSqm = areaSeptember.get('NBR');

// Convert to square kilometers for easier interpretation
var augustAreaSqkm = ee.Number(augustAreaSqm).divide(1000000);
var septemberAreaSqkm = ee.Number(septemberAreaSqm).divide(1000000);

// Print area results to console
print('Pine Creek Burn Scar Area in mid-August 2012 (sq km):', augustAreaSqkm);
print('Pine Creek Burn Scar Area in mid-September 2012 (sq km):', septemberAreaSqkm);

// Calculate the difference in burned area
var areaDifference = ee.Number(septemberAreaSqkm).subtract(augustAreaSqkm);
print('Difference in Burn Scar Area (September - August) in sq km:', areaDifference);

// Calculate percent change
var percentChange = ee.Number(septemberAreaSqkm).subtract(augustAreaSqkm)
  .divide(augustAreaSqkm).multiply(100);
print('Percent change in Burn Scar Area (August to September 2012):', percentChange);

// Answer the research question
var comparisonResult = ee.Algorithms.If(
  ee.Number(septemberAreaSqkm).gt(ee.Number(augustAreaSqkm)),
  'Yes, the burn scar area within a 3km radius of Pine Creek region increased between mid-August 2012 and mid-September 2012.',
  'No, the burn scar area within a 3km radius of Pine Creek region did not increase between mid-August 2012 and mid-September 2012.'
);
print('Answer to Research Question:', comparisonResult);",v1,393
"Does central Oklahoma experience more rainfall compared to northen Texas during August 10-20, 2007?",,https://www.earthobservatory.nasa.gov/images/7980/,,"1. The highest rainfall totals for the period (shown in red) are centered over central Oklahoma, where as much as 200 to 250 millimeters (around 8 to 10 inches) of rain fell. 
2. The central Texas Gulf Coast, where Erin made landfall, also received a substantial amount of rain, on the order of 100 to 200 mm",,,,https://code.earthengine.google.com/3b3b4979796a6dd3b6d3ccb151d211fe,"// Define the study regions (Central Oklahoma and Northern Texas)
var oklahoma = ee.Geometry.Rectangle([-98.5, 34.5, -96.5, 36.5]); // Central Oklahoma
var northTexas = ee.Geometry.Rectangle([-102, 33, -97, 34.5]); // Northern Texas

// Define the study period
var studyPeriodStart = '2007-08-10';
var studyPeriodEnd = '2007-08-20';

// Load CHIRPS precipitation data (rainfall in mm)
var chirps = ee.ImageCollection('UCSB-CHG/CHIRPS/DAILY')
  .select('precipitation');

// Filter data for the study period (August 10-20, 2007)
var studyPeriod = chirps
  .filterDate(studyPeriodStart, studyPeriodEnd);

// Calculate total rainfall for the study period
var totalRainfall = studyPeriod.sum();

// Calculate regional statistics for both regions
var oklahomaStats = totalRainfall.reduceRegion({
  reducer: ee.Reducer.mean(),
  geometry: oklahoma,
  scale: 5000,
  maxPixels: 1e9
});

var texasStats = totalRainfall.reduceRegion({
  reducer: ee.Reducer.mean(),
  geometry: northTexas,
  scale: 5000,
  maxPixels: 1e9
});

// Extract values for printing
var oklahomaRainfallValue = oklahomaStats.get('precipitation');
var texasRainfallValue = texasStats.get('precipitation');

// Print results
print('Central Oklahoma Total Rainfall (mm) for Aug 10-20, 2007:', oklahomaRainfallValue);
print('Northern Texas Total Rainfall (mm) for Aug 10-20, 2007:', texasRainfallValue);
print('Does Central Oklahoma have more rainfall than Northern Texas?', 
      ee.Number(oklahomaRainfallValue).gt(texasRainfallValue));
print('Rainfall difference (Oklahoma - Texas) in mm:', 
      ee.Number(oklahomaRainfallValue).subtract(texasRainfallValue));

// VISUALIZATIONS

// Set up color palettes for the visualizations
var rainfallPalette = ['#ffffcc', '#a1dab4', '#41b6c4', '#2c7fb8', '#253494'];

// Visualization parameters for rainfall
var rainfallVis = {
  min: 0,
  max: 50,
  palette: rainfallPalette
};

// Add layers to the map
Map.centerObject(oklahoma, 6);

// Add region boundaries
Map.addLayer(oklahoma, {color: 'black'}, 'Central Oklahoma');
Map.addLayer(northTexas, {color: 'red'}, 'Northern Texas');

// Add the rainfall layer
Map.addLayer(totalRainfall, rainfallVis, 'August 10-20, 2007 Rainfall (mm)');

// Create a label layer to show the comparison
var oklahomaPoint = ee.Geometry.Point([-97.5, 35.5]);
var texasPoint = ee.Geometry.Point([-99.5, 33.75]);

// Create text labels
var compareText = ee.Algorithms.If(
  ee.Number(oklahomaRainfallValue).gt(texasRainfallValue),
  'Central Oklahoma had more rainfall',
  'Northern Texas had more rainfall'
);

// This part doesn't actually render text in Earth Engine, but would be helpful
// if implementing in a proper visualization environment
print('Conclusion:', compareText);",v1,394
"Does the ice cover extent on Lake Erie decrease in January 14, 2014 compared to January 9, 2014?",,https://www.earthobservatory.nasa.gov/images/82836/,,"1. Since January 9, Lake Erie and much of the surrounding area has been blanketed by persistent, spotty cloud cover whenever Aqua passed over. However, it does appear that the ice has pulled back a bit as temperatures have returned to normal and even above normal in some areas. 
2. The NOAA Great Lakes Environmental Research Lab reported 88 percent ice cover around noon on January 12 and 62 percent at noon on January 14",,,,https://code.earthengine.google.com/3245c476da4e2c0227a6b2f1a302fbaa,"// Define Lake Erie geometry
// You would need to define this with actual coordinates in Earth Engine
var lakeErie = ee.Geometry.Polygon([
  [[-83.5, 41.2], [-83.5, 42.9], [-78.8, 42.9], 
   [-78.8, 41.2], [-83.5, 41.2]]
]);

// Define the dates to analyze
var dateJan9 = ee.Date('2014-01-09');
var dateJan14 = ee.Date('2014-01-14');

// Function to calculate NDSI from MOD09GA
function calculateNDSI(image) {
  var green = image.select('sur_refl_b04'); // Band 4 (Green)
  var swir = image.select('sur_refl_b06');  // Band 6 (SWIR)
  
  var ndsi = green.subtract(swir).divide(green.add(swir)).rename('NDSI');
  return image.addBands(ndsi);
}

// Load and filter MOD09GA for January 9
var datasetJan9 = ee.ImageCollection('MODIS/061/MOD09GA')
  .filterDate(dateJan9, dateJan9.advance(1, 'day'))
  .map(function(img){return img.add(-100).multiply(0.0001)}) // Scale the reflectance values
  .map(calculateNDSI)
  .filterBounds(lakeErie);

// Load and filter MOD09GA for January 14
var datasetJan14 = ee.ImageCollection('MODIS/061/MOD09GA')
  .filterDate(dateJan14, dateJan14.advance(1, 'day'))
  .map(function(img){return img.add(-100).multiply(0.0001)}) // Scale the reflectance values
  .map(calculateNDSI)
  .filterBounds(lakeErie);

// Get the NDSI band from the collections
var ndsiJan9 = datasetJan9.select('NDSI').mosaic().clip(lakeErie);
var ndsiJan14 = datasetJan14.select('NDSI').mosaic().clip(lakeErie);

// Define NDSI threshold for ice detection
// Typically, NDSI > 0.4 indicates snow/ice, but we can adjust based on validation
var ndsiThreshold = 0.4;

// Create ice masks
var iceMaskJan9 = ndsiJan9.gte(ndsiThreshold);
var iceMaskJan14 = ndsiJan14.gte(ndsiThreshold);

// Calculate ice area for each date
var areaJan9 = iceMaskJan9.multiply(ee.Image.pixelArea()).reduceRegion({
  reducer: ee.Reducer.sum(),
  geometry: lakeErie,
  scale: 500, // MODIS resolution
  maxPixels: 1e13
}).get('NDSI');

var areaJan14 = iceMaskJan14.multiply(ee.Image.pixelArea()).reduceRegion({
  reducer: ee.Reducer.sum(),
  geometry: lakeErie,
  scale: 500, // MODIS resolution
  maxPixels: 1e13
}).get('NDSI');

// Convert area to square kilometers
var areaJan9Km2 = ee.Number(areaJan9).divide(1e6); // 1e6 square meters in 1 square kilometer
var areaJan14Km2 = ee.Number(areaJan14).divide(1e6);

// Calculate percent change
var percentChange = ee.Number(areaJan14Km2).subtract(areaJan9Km2)
  .divide(areaJan9Km2).multiply(100);

// Print the results in square kilometers
print('Ice Cover Area on January 9, 2014 (km²):', areaJan9Km2);
print('Ice Cover Area on January 14, 2014 (km²):', areaJan14Km2);
print('Difference (km²):', areaJan14Km2.subtract(areaJan9Km2));
print('Percent Change (%):', percentChange);

// Determine if ice cover decreased
var isDecreased = ee.Algorithms.If(percentChange.lt(0), 
  'Yes, ice cover decreased', 
  'No, ice cover did not decrease');
print('Did ice cover decrease?', isDecreased);

// Visualization parameters
var ndsiVis = {
  min: -0.2,
  max: 0.8,
  palette: ['blue', 'cyan', 'white'],
};

var iceMaskVis = {
  min: 0,
  max: 1,
  palette: ['black', 'white']
};

// Display true color images
var trueColorVis = {
  min: 0.0,
  max: 0.3,
  bands: ['sur_refl_b01', 'sur_refl_b04', 'sur_refl_b03'], // Red, Green, Blue
};

var trueColorJan9 = datasetJan9.mosaic().clip(lakeErie);
var trueColorJan14 = datasetJan14.mosaic().clip(lakeErie);

// Center the map and add the layers
Map.centerObject(lakeErie, 7);

// Add Jan 9 layers
Map.addLayer(trueColorJan9, trueColorVis, 'Jan 9 True Color');
Map.addLayer(ndsiJan9, ndsiVis, 'Jan 9 NDSI');
Map.addLayer(iceMaskJan9.updateMask(iceMaskJan9), iceMaskVis, 'Jan 9 Ice Mask');

// Add Jan 14 layers
Map.addLayer(trueColorJan14, trueColorVis, 'Jan 14 True Color');
Map.addLayer(ndsiJan14, ndsiVis, 'Jan 14 NDSI');
Map.addLayer(iceMaskJan14.updateMask(iceMaskJan14), iceMaskVis, 'Jan 14 Ice Mask');

// Add Lake Erie boundary
Map.addLayer(lakeErie, {color: 'red'}, 'Lake Erie Boundary');",v1,395
"Does the land surface temperature in Taipei,Taiwan decrease in January 17-24, 2016 compared to the 2001-2010 average for the same period?",,https://www.earthobservatory.nasa.gov/images/87420/,,"1. Other countries with tropical or subtropical climates—Taiwan, Japan, Thailand, and Vietnam—also saw temperatures plummet.",,,,https://code.earthengine.google.com/b7637e329089d935000eaac5c7564f57,"// Define Taipei, Taiwan location
var taipei = ee.Geometry.Point(121.5149, 25.0330);

// Create a small buffer around Taipei to analyze the area (1km radius)
var taipeiArea = taipei.buffer(5000);

// Load MODIS Land Surface Temperature dataset
var modisLST = ee.ImageCollection(""MODIS/006/MOD11A2"");

// Define the target period (January 17-24, 2016)
var targetStartDate = ee.Date('2016-01-17');
var targetEndDate = ee.Date('2016-01-24');

// Define the historical reference period (2001-2010)
var startYear = 2001;
var endYear = 2010;

// Select land surface temperature band
var lstBand = 'LST_Day_1km';

// Function to convert MODIS LST to Celsius
var convertToCelsius = function(image) {
  var lst = image.select(lstBand);
  // MODIS LST is stored as Kelvin * 0.02, so multiply by 0.02 to get Kelvin
  // then subtract 273.15 to convert to Celsius
  var lstCelsius = lst.multiply(0.02).subtract(273.15);
  return image.addBands(lstCelsius.rename('LST_Celsius'), null, true);
};

// Get LST data for January 17-24, 2016
var lst2016 = modisLST
  .filter(ee.Filter.date(targetStartDate, targetEndDate))
  .map(convertToCelsius)
  .select('LST_Celsius')
  .mean();

// Function to get January 17-24 data for a given year
var getJanuaryData = function(year) {
  var startDate = ee.Date.fromYMD(year, 1, 17);
  var endDate = ee.Date.fromYMD(year, 1, 24);
  return modisLST
    .filter(ee.Filter.date(startDate, endDate))
    .map(convertToCelsius)
    .select('LST_Celsius')
    .mean()
    .set('year', year);
};

// Create a list of years for the reference period
var years = ee.List.sequence(startYear, endYear);

// Get January 17-24 LST data for each year in the reference period
var historicalCollection = ee.ImageCollection.fromImages(
  years.map(function(year) {
    return getJanuaryData(year);
  })
);

// Calculate the historical average for January 17-24
var historicalAverage = historicalCollection.mean();

// Calculate the anomaly (difference from historical average)
var lstAnomaly = lst2016.subtract(historicalAverage);

// Define visualization parameters
var lstVis = {
  min: 0,
  max: 30,
  palette: ['blue', 'purple', 'cyan', 'green', 'yellow', 'red']
};

var anomalyVis = {
  min: -5,
  max: 5,
  palette: ['blue', 'white', 'red']
};

// Center the map on Taipei
Map.centerObject(taipeiArea, 12);

// Add Taipei area
Map.addLayer(taipeiArea, {color: 'black'}, 'Taipei Area');

// Add layers to the map
Map.addLayer(lst2016.clip(taipeiArea), lstVis, 'LST January 17-24, 2016', true);
Map.addLayer(historicalAverage.clip(taipeiArea), lstVis, 'LST Historical Average (2001-2010)', false);
Map.addLayer(lstAnomaly.clip(taipeiArea), anomalyVis, 'LST Anomaly', true);

// Calculate statistics for Taipei
var calculateTaipeiStats = function(image, name) {
  return image.reduceRegion({
    reducer: ee.Reducer.mean(),
    geometry: taipeiArea,
    scale: 1000,
    maxPixels: 1e9
  });
};

// Get statistics
var current2016Stats = calculateTaipeiStats(lst2016, '2016');
var historicalStats = calculateTaipeiStats(historicalAverage, 'Historical');
var anomalyStats = calculateTaipeiStats(lstAnomaly, 'Anomaly');

// Print results to console
print('===== LAND SURFACE TEMPERATURE ANALYSIS FOR TAIPEI, TAIWAN =====');
print('Current (January 17-24, 2016):', current2016Stats.get('LST_Celsius'), '°C');
print('Historical Average (2001-2010):', historicalStats.get('LST_Celsius'), '°C');
print('Anomaly:', anomalyStats.get('LST_Celsius'), '°C');

// Determine if there was a decrease
var tempDecrease = ee.Number(anomalyStats.get('LST_Celsius')).lt(0);
print('Did the land surface temperature in Taipei decrease in January 17-24, 2016 compared to 2001-2010?', tempDecrease);

// Calculate the magnitude of change
var changeMagnitude = ee.Number(anomalyStats.get('LST_Celsius')).abs();
print('Magnitude of temperature change:', changeMagnitude, '°C');",v1,396
"Are clouds present over the Great Lakes on February 11, 2016?",,https://www.earthobservatory.nasa.gov/images/87504/,,"1. These long, parallel bands of cumulus clouds form along cylinders of rotating air. But first, cold air from the northwest had to pass over the comparatively warmer lake water, imparting warmth and moisture into the rising air mass.",,,,https://code.earthengine.google.com/fee87a41b58898c5b84f2e05c119fa6e,"// Analysis of cloud cover over the Great Lakes
// Date: February 11, 2016
// Using Google Earth Engine (GEE) JavaScript API

// Define the Great Lakes region using a geometry collection
var greatLakes = ee.FeatureCollection([
  // Lake Superior
  ee.Feature(ee.Geometry.Polygon([
    [-89.5, 46.5], [-84.5, 46.5], [-84.5, 49.0], [-89.5, 49.0]
  ]), {name: 'Lake Superior'}),
  
  // Lake Michigan
  ee.Feature(ee.Geometry.Polygon([
    [-88.0, 41.5], [-85.0, 41.5], [-85.0, 46.0], [-88.0, 46.0]
  ]), {name: 'Lake Michigan'}),
  
  // Lake Huron
  ee.Feature(ee.Geometry.Polygon([
    [-84.0, 43.0], [-80.0, 43.0], [-80.0, 46.5], [-84.0, 46.5]
  ]), {name: 'Lake Huron'}),
  
  // Lake Erie
  ee.Feature(ee.Geometry.Polygon([
    [-83.5, 41.0], [-78.5, 41.0], [-78.5, 43.0], [-83.5, 43.0]
  ]), {name: 'Lake Erie'}),
  
  // Lake Ontario
  ee.Feature(ee.Geometry.Polygon([
    [-80.0, 43.0], [-76.0, 43.0], [-76.0, 44.5], [-80.0, 44.5]
  ]), {name: 'Lake Ontario'})
]);

// Create a single combined geometry for all lakes
var allLakesGeometry = greatLakes.geometry();

// Load MODIS Aqua data for February 11, 2016
// Using MYD09GA product which has 500m resolution and includes cloud state information
var modisImage = ee.ImageCollection('MODIS/061/MYD09GA')
  .filter(ee.Filter.date('2016-02-11', '2016-02-12'))
  .filterBounds(allLakesGeometry)
  .first();

// Load MODIS Terra data as a backup in case Aqua has issues
var modisTerraImage = ee.ImageCollection('MODIS/061/MOD09GA')
  .filter(ee.Filter.date('2016-02-11', '2016-02-12'))
  .filterBounds(allLakesGeometry)
  .first();

// Use Terra if Aqua is not available
var modisForAnalysis = ee.Algorithms.If(
  ee.Algorithms.IsEqual(modisImage, null),
  modisTerraImage,
  modisImage
);
modisForAnalysis = ee.Image(modisForAnalysis);

// Function to extract cloud flag from MODIS QC band (bit 0-1)
function extractCloudMask(image) {
  var qa = image.select('state_1km');
  // Cloud state: 0=clear, 1=cloudy, 2=mixed, 3=not set, fill value
  var cloudState = qa.bitwiseAnd(3);  // 3 is binary 11, which gets the first two bits
  var cloudMask = cloudState.eq(1);   // 1 means cloudy
  return cloudMask;
}

// Get cloud mask
var cloudMask = extractCloudMask(modisForAnalysis).unmask(0);

// Also get 'mixed' pixels which might be partially cloudy
var mixedMask = modisForAnalysis.select('state_1km').bitwiseAnd(3).eq(2).unmask(0);

// Combine definitely cloudy and mixed pixels
var possibleCloudMask = cloudMask.or(mixedMask);

// Load the JRC Global Surface Water dataset to help identify lake areas more accurately
var jrcWater = ee.Image('JRC/GSW1_3/GlobalSurfaceWater')
  .select('occurrence');

// Create water mask (areas that are water >90% of the time)
var waterMask = jrcWater.gt(90).clip(allLakesGeometry);

// Calculate cloud cover over each lake individually
var results = greatLakes.map(function(lake) {
  var lakeName = lake.get('name');
  var lakeGeom = lake.geometry();
  
  // Get the lake area by first making sure we're only counting water pixels
  // This helps with accuracy as our lake boundaries are approximate
  var lakeWaterMask = waterMask.clip(lakeGeom);
  
  // Calculate lake area, cloud area, and mixed area
  var lakeArea = lakeWaterMask.multiply(ee.Image.pixelArea()).reduceRegion({
    reducer: ee.Reducer.sum(),
    geometry: lakeGeom,
    scale: 500, // MODIS resolution
    maxPixels: 1e12
  }).get('occurrence');
  
  var cloudArea = cloudMask.updateMask(lakeWaterMask)
    .multiply(ee.Image.pixelArea()).reduceRegion({
      reducer: ee.Reducer.sum(),
      geometry: lakeGeom,
      scale: 500,
      maxPixels: 1e12
    }).get('state_1km');
  
  var mixedArea = mixedMask.updateMask(lakeWaterMask)
    .multiply(ee.Image.pixelArea()).reduceRegion({
      reducer: ee.Reducer.sum(),
      geometry: lakeGeom,
      scale: 500,
      maxPixels: 1e12
    }).get('state_1km');
  
  // Calculate percentages
  var cloudPercentage = ee.Number(cloudArea).divide(lakeArea).multiply(100);
  var mixedPercentage = ee.Number(mixedArea).divide(lakeArea).multiply(100);
  var totalCloudPercentage = ee.Number(cloudArea).add(mixedArea).divide(lakeArea).multiply(100);
  
  // Return as a feature with properties
  return ee.Feature(null, {
    'Lake': lakeName,
    'Area_sqkm': ee.Number(lakeArea).divide(1e6),  // Convert to sq km
    'Cloud_Coverage_sqkm': ee.Number(cloudArea).divide(1e6),
    'Mixed_Coverage_sqkm': ee.Number(mixedArea).divide(1e6),
    'Cloud_Coverage_percent': cloudPercentage,
    'Mixed_Coverage_percent': mixedPercentage,
    'Total_Possible_Cloud_percent': totalCloudPercentage,
    'Has_Clouds': ee.Number(cloudArea).gt(0)
  });
});

// Calculate overall statistics for all Great Lakes
var totalLakeArea = waterMask.multiply(ee.Image.pixelArea()).reduceRegion({
  reducer: ee.Reducer.sum(),
  geometry: allLakesGeometry,
  scale: 500,
  maxPixels: 1e12
}).get('occurrence');

var totalCloudArea = cloudMask.updateMask(waterMask)
  .multiply(ee.Image.pixelArea()).reduceRegion({
    reducer: ee.Reducer.sum(),
    geometry: allLakesGeometry,
    scale: 500,
    maxPixels: 1e12
  }).get('state_1km');

var totalMixedArea = mixedMask.updateMask(waterMask)
  .multiply(ee.Image.pixelArea()).reduceRegion({
    reducer: ee.Reducer.sum(),
    geometry: allLakesGeometry,
    scale: 500,
    maxPixels: 1e12
  }).get('state_1km');

var overallCloudPercentage = ee.Number(totalCloudArea).divide(totalLakeArea).multiply(100);
var overallMixedPercentage = ee.Number(totalMixedArea).divide(totalLakeArea).multiply(100);
var overallTotalCloudPercentage = ee.Number(totalCloudArea).add(totalMixedArea)
  .divide(totalLakeArea).multiply(100);

// Print results
print('Date of Analysis: February 11, 2016');
print('Great Lakes Region', allLakesGeometry);
print('Individual Lake Cloud Statistics:', results);
print('Overall Cloud Coverage Statistics:');
print('Total Lakes Area (sq km):', ee.Number(totalLakeArea).divide(1e6));
print('Definite Cloud Coverage (sq km):', ee.Number(totalCloudArea).divide(1e6));
print('Mixed/Possible Cloud Coverage (sq km):', ee.Number(totalMixedArea).divide(1e6));
print('Definite Cloud Coverage (%)', overallCloudPercentage);
print('Mixed/Possible Cloud Coverage (%)', overallMixedPercentage);
print('Total Possible Cloud Coverage (%)', overallTotalCloudPercentage);
print('Are clouds present over the Great Lakes?', ee.Number(totalCloudArea).gt(0));

// Visualization parameters
var trueColorVisParams = {
  bands: ['sur_refl_b01', 'sur_refl_b04', 'sur_refl_b03'],
  min: 0,
  max: 3000
};

var falseColorVisParams = {
  bands: ['sur_refl_b02', 'sur_refl_b02', 'sur_refl_b01'],
  min: 0,
  max: 3000
};

// Cloud visualization
var cloudVisParams = {
  palette: ['00FFFF'],  // Cyan for clouds
  min: 0,
  max: 1
};

var lakeOutlineParams = {
  color: '0000FF',  // Blue for lake outlines
  width: 2
};

// For visualizing the detected water mask
var waterVisParams = {
  palette: ['0000FF'],  // Blue for water
  min: 90,
  max: 100
};

// Center map on the Great Lakes
Map.centerObject(allLakesGeometry, 5);

// Add layers to the map
Map.addLayer(modisForAnalysis, trueColorVisParams, 'MODIS True Color', true);
Map.addLayer(modisForAnalysis, falseColorVisParams, 'MODIS False Color', false);
Map.addLayer(jrcWater.clip(allLakesGeometry), waterVisParams, 'JRC Water', false);
Map.addLayer(cloudMask.selfMask(), cloudVisParams, 'Detected Clouds');
Map.addLayer(mixedMask.selfMask(), {palette: ['FFFF00']}, 'Mixed Cloud Pixels', false);
Map.addLayer(greatLakes, lakeOutlineParams, 'Great Lakes Outlines');

// Add cloud over lakes layer
var cloudOverLakes = cloudMask.updateMask(waterMask);
Map.addLayer(cloudOverLakes, {palette: ['FF0000']}, 'Clouds over Lakes', true);",v1,397
"Does Asir, Saudi Arabia show higher NDVI in June 2016 and  2017, compared with the long-term average for that period from 2003–2011?",,https://www.earthobservatory.nasa.gov/images/88125/arabian-peninsula-primed-for-rift-valley-fever,,"The map contrasts vegetation greenness from May 8-15, 2016, against the long-term average for that period from 2003–2011",,,,https://code.earthengine.google.com/cd8dabb7bd916ab5d60db9685c44d6ca,"// Define the area of interest: Asir region in Saudi Arabia
var asirRegion = ee.Geometry.Rectangle([41.0, 17.5, 44.5, 20.5]); // Approximate bounds for Asir region

// Date ranges for analysis
var baselineStartYear = 2003;
var baselineEndYear = 2011;
var comparisonStartYear = 2016;
var comparisonEndYear = 2017;

// Load MODIS Terra NDVI dataset (16-day composites)
var modisNDVI = ee.ImageCollection('MODIS/006/MOD13Q1')
  .filter(ee.Filter.bounds(asirRegion))
  .select('NDVI');

// Filter collections for baseline and comparison periods (May only)
var baselineCollection = modisNDVI
  .filter(ee.Filter.calendarRange(baselineStartYear, baselineEndYear, 'year'))
  .filter(ee.Filter.calendarRange(5, 5, 'month')); // May only

var comparisonCollection = modisNDVI
  .filter(ee.Filter.calendarRange(comparisonStartYear, comparisonEndYear, 'year'))
  .filter(ee.Filter.calendarRange(5, 5, 'month')); // May only

// Get baseline mean NDVI for May
var baselineMean = baselineCollection
  .mean()
  .multiply(0.0001)  // Scale factor for MODIS NDVI
  .clip(asirRegion);

// Get mean NDVI for May 2016-2017
var comparisonMean = comparisonCollection
  .mean()
  .multiply(0.0001)  // Scale factor for MODIS NDVI
  .clip(asirRegion);

// Calculate the difference: 2016-2017 minus baseline
var ndviDifference = comparisonMean.subtract(baselineMean);

// Visualization parameters
var ndviVis = {
  min: 0,
  max: 0.8,
  palette: ['brown', 'yellow', 'lightgreen', 'green', 'darkgreen']
};

var ndviDifferenceVis = {
  min: -0.2,
  max: 0.2,
  palette: ['red', 'white', 'green']
};

// Statistical analysis of NDVI values and change
var baselineStats = baselineMean.reduceRegion({
  reducer: ee.Reducer.mean(),
  geometry: asirRegion,
  scale: 250,
  maxPixels: 1e9
});

var comparisonStats = comparisonMean.reduceRegion({
  reducer: ee.Reducer.mean(),
  geometry: asirRegion,
  scale: 250,
  maxPixels: 1e9
});

var differenceStats = ndviDifference.reduceRegion({
  reducer: ee.Reducer.mean(),
  geometry: asirRegion,
  scale: 250,
  maxPixels: 1e9
});

// Calculate percentage of area with significantly higher NDVI
var significantIncrease = ndviDifference.gt(0.05);  // Areas with NDVI increase > 0.05
var percentageIncreased = significantIncrease.reduceRegion({
  reducer: ee.Reducer.mean(),
  geometry: asirRegion,
  scale: 250,
  maxPixels: 1e9
}).get('NDVI');

// Determine if vegetation increased overall
var meanNDVIDifference = ee.Number(differenceStats.get('NDVI'));
var hasIncreased = meanNDVIDifference.gt(0);

// Center map on Asir region
Map.centerObject(asirRegion, 7);

// Add layers to the map
Map.addLayer(baselineMean, ndviVis, 'Baseline Mean NDVI (May 2003-2011)');
Map.addLayer(comparisonMean, ndviVis, 'Comparison Mean NDVI (May 2016-2017)');
Map.addLayer(ndviDifference, ndviDifferenceVis, 'NDVI Difference (2016-2017 minus Baseline)');
Map.addLayer(asirRegion, {color: 'blue', opacity: 0.3, fillColor: '00000000'}, 'Asir Region');
Map.addLayer(significantIncrease.selfMask(), {palette: ['darkgreen']}, 'Areas with Significant NDVI Increase');

// Print results
print('=== Asir Region NDVI Analysis ===');
print('Baseline Period:', baselineStartYear + '-' + baselineEndYear + ' (May)');
print('Comparison Period:', comparisonStartYear + '-' + comparisonEndYear + ' (May)');
print('Number of images in baseline collection:', baselineCollection.size());
print('Number of images in comparison collection:', comparisonCollection.size());
print('Mean NDVI in Baseline Period:', baselineStats.get('NDVI'));
print('Mean NDVI in Comparison Period:', comparisonStats.get('NDVI'));
print('Mean NDVI Difference:', meanNDVIDifference);
print('Does Asir show higher NDVI in May 2016-2017 compared to 2003-2011?', hasIncreased);
print('Percentage of area with significant NDVI increase (>0.05):', 
      ee.Number(percentageIncreased).multiply(100).format('%.2f'));
",v1,398
"Does Lake Erie have more ice coverage compared to the other Great Lakes in February 14, 2018 afternoon?",,https://www.earthobservatory.nasa.gov/images/91732/,,"1. Lake Erie was the iciest of the five lakes, with 93.3 percent iced over.",,,,https://code.earthengine.google.com/14eb89d666231a0525661a7057703c93,"// Analysis of ice coverage over the Great Lakes
// Date: February 14, 2018
// Using Google Earth Engine (GEE) JavaScript API with MODIS/061/MYD10A1 snow/ice cover data

// Define the Great Lakes region using a feature collection
var greatLakes = ee.FeatureCollection([
  // Lake Superior
  ee.Feature(ee.Geometry.Polygon([
    [-92.0, 46.5], [-84.5, 46.5], [-84.5, 49.0], [-92.0, 49.0]
  ]), {name: 'Lake Superior'}),
  
  // Lake Michigan
  ee.Feature(ee.Geometry.Polygon([
    [-88.0, 41.5], [-85.0, 41.5], [-85.0, 46.0], [-88.0, 46.0]
  ]), {name: 'Lake Michigan'}),
  
  // Lake Huron
  ee.Feature(ee.Geometry.Polygon([
    [-84.0, 43.0], [-80.0, 43.0], [-80.0, 46.5], [-84.0, 46.5]
  ]), {name: 'Lake Huron'}),
  
  // Lake Erie
  ee.Feature(ee.Geometry.Polygon([
    [-83.5, 41.0], [-78.5, 41.0], [-78.5, 43.0], [-83.5, 43.0]
  ]), {name: 'Lake Erie'}),
  
  // Lake Ontario
  ee.Feature(ee.Geometry.Polygon([
    [-80.0, 43.0], [-76.0, 43.0], [-76.0, 44.5], [-80.0, 44.5]
  ]), {name: 'Lake Ontario'})
]);

// Load the JRC Global Surface Water dataset to help identify lake areas more accurately
var jrcWater = ee.Image('JRC/GSW1_3/GlobalSurfaceWater')
  .select('occurrence');

// Create water mask (areas that are water >90% of the time)
var waterMask = jrcWater.gt(90);

// Load MODIS Aqua Snow Cover product for February 14, 2018 (MYD10A1)
var snowIceData = ee.ImageCollection('MODIS/061/MYD10A1')
  .filter(ee.Filter.date('2018-02-14', '2018-02-15'))
  .first();

// Get the NDSI_Snow_Cover band (shows snow and ice cover percentage)
var ndsiSnowCover = snowIceData.select('NDSI_Snow_Cover');

// Define a threshold for ice coverage (NDSI_Snow_Cover value)
// Values 0-100 represent percentage of pixel covered by snow/ice
var iceThreshold = 20; // Consider pixels with >20% as ice covered

// Create ice mask
var iceMask = ndsiSnowCover.gte(iceThreshold);

// Function to calculate statistics for each lake
var calculateLakeStats = function(lake) {
  var lakeName = lake.get('name');
  var lakeGeom = lake.geometry();
  
  // Clip water mask to individual lake
  var lakeWaterMask = waterMask.clip(lakeGeom);
  
  // Calculate total lake area (considering only water pixels)
  var lakeArea = lakeWaterMask.multiply(ee.Image.pixelArea()).reduceRegion({
    reducer: ee.Reducer.sum(),
    geometry: lakeGeom,
    scale: 500, // MODIS resolution
    maxPixels: 1e12
  }).get('occurrence');
  
  // Calculate ice-covered area
  var iceArea = iceMask.updateMask(lakeWaterMask)
    .multiply(ee.Image.pixelArea()).reduceRegion({
      reducer: ee.Reducer.sum(),
      geometry: lakeGeom,
      scale: 500,
      maxPixels: 1e12
    }).get('NDSI_Snow_Cover');
  
  // Calculate percentage of ice coverage
  var icePercentage = ee.Number(iceArea).divide(lakeArea).multiply(100);
  
  // Return as a feature with properties
  return ee.Feature(null, {
    'Lake': lakeName,
    'Area_sqkm': ee.Number(lakeArea).divide(1e6),  // Convert to sq km
    'Ice_Coverage_sqkm': ee.Number(iceArea).divide(1e6),
    'Ice_Coverage_percent': icePercentage
  });
};

// Map the function over all lakes
var lakeStats = greatLakes.map(calculateLakeStats);

// Get Erie stats specifically
var erieStats = lakeStats.filter(ee.Filter.eq('Lake', 'Lake Erie')).first();

// Get other lakes stats
var otherLakesStats = lakeStats.filter(ee.Filter.neq('Lake', 'Lake Erie'));

// Calculate average ice coverage for other lakes
var otherLakesIceAvg = otherLakesStats.aggregate_mean('Ice_Coverage_percent');

// Compare Lake Erie to other lakes
var isErieMoreIcy = ee.Number(erieStats.get('Ice_Coverage_percent')).gt(otherLakesIceAvg);

// Print results
print('Date of Analysis: February 14, 2018 (MODIS Aqua afternoon pass)');
print('Lake Erie Ice Coverage (%):', erieStats.get('Ice_Coverage_percent'));
print('Average Ice Coverage for Other Great Lakes (%):', otherLakesIceAvg);
print('Lake Erie has more ice coverage than other Great Lakes (on average):', isErieMoreIcy);

// Visualization parameters for snow/ice cover
var snowCoverVis = {
  min: 0.0,
  max: 100.0,
  palette: ['black', '0dffff', '0524ff', 'ffffff'],
};

// Visualization for ice over lakes (masked to only show on lakes)
var lakeIceVis = {
  min: iceThreshold,
  max: 100.0,
  palette: ['cyan', 'blue', 'white'],
};

// Lake outline parameters
var lakeOutlineParams = {
  color: '0000FF',  // Blue for lake outlines
  width: 2
};

// Center map on the Great Lakes
Map.centerObject(greatLakes.geometry(), 5);

// Add layers to the map
Map.addLayer(ndsiSnowCover, snowCoverVis, 'MODIS Snow/Ice Cover', false);
Map.addLayer(ndsiSnowCover.updateMask(waterMask), lakeIceVis, 'Lake Ice Cover', true);
Map.addLayer(greatLakes, lakeOutlineParams, 'Great Lakes Outlines');

// Highlight Lake Erie
var erieOutlineParams = {
  color: 'FF0000',  // Red for Erie outline
  width: 3
};
Map.addLayer(greatLakes.filter(ee.Filter.eq('name', 'Lake Erie')), 
             erieOutlineParams, 'Lake Erie Highlighted');",v1,399
"Does New Delhi show less fog coverage compared to its surrounding areas such as Modinagar and Greater Noida in January 30, 2014?",,https://www.earthobservatory.nasa.gov/images/91742/,,"1. The top image, acquired by the Moderate Resolution Imaging Spectroradiometer (MODIS) on NASA’s Terra satellite, shows the phenomenon occurring over northern India on January 30, 2014. The largest fog hole in India generally forms over the capital city, New Delhi. Several smaller holes appear over smaller cities to the northwest.",,,,https://code.earthengine.google.com/50c9e32b9b8ba07d8071a8c4d7bbb561,"// Analysis of urban-rural fog coverage differences in Delhi NCR region
// Comparing New Delhi (urban) with Modinagar and Greater Noida (rural areas)
// Date of analysis: January 30, 2014

// Define the regions of interest
var newDelhi = ee.Geometry.Rectangle([77.1, 28.5, 77.3, 28.7]); // New Delhi urban core
var modinagar = ee.Geometry.Rectangle([77.5, 28.8, 77.65, 29.0]); // Modinagar (rural)
var greaterNoida = ee.Geometry.Rectangle([77.4, 28.4, 77.6, 28.55]); // Greater Noida (rural)

// Create a feature collection for visualization purposes
var areas = ee.FeatureCollection([
  ee.Feature(newDelhi, {name: 'New Delhi'}),
  ee.Feature(modinagar, {name: 'Modinagar'}),
  ee.Feature(greaterNoida, {name: 'Greater Noida'})
]);

// Load MODIS Terra (morning) data for January 30, 2014
// Terra passes in the morning (~10:30 AM local time) when fog is likely still present
var terraMorning = ee.ImageCollection('MODIS/061/MOD21A1D')
  .filter(ee.Filter.date('2014-01-30', '2014-01-31'))
  .first();

// If MOD21A1D doesn't have data for this date, fallback to MOD09GA (surface reflectance product)
// which can be used to identify fog through its state flags
var modisReflectance = ee.ImageCollection('MODIS/061/MOD09GA')
  .filter(ee.Filter.date('2014-01-30', '2014-01-31'))
  .first();

// Function to extract cloud/fog information from the state QA band in MOD09GA
// MOD09GA has a 'state_1km' QA band where bits 0-1 indicate cloud state
function extractCloudInfo(image) {
  var stateQA = image.select('state_1km');
  // Extract bits 0-1 for cloud state
  var cloudState = stateQA.bitwiseAnd(3); // 3 = 0b11 (keeps first 2 bits)
  
  // In MOD09GA, cloud state values:
  // 0 = clear, 1 = cloudy, 2 = mixed, 3 = not set
  
  // For fog detection, we consider 'cloudy' pixels at low elevation as potential fog
  // This is a simplification; ideal fog detection would use additional data
  return cloudState;
}

// Extract cloud state information
var cloudState = extractCloudInfo(modisReflectance);

// Create a fog mask (assuming cloudy pixels in this winter morning are likely fog)
// Value 1 in cloudState indicates cloudy pixels
var fogMask = cloudState.eq(1);

// Calculate fog coverage percentage for each region
function calculateFogPercentage(fogMask, region) {
  // Count total pixels in region
  var totalPixels = fogMask.reduceRegion({
    reducer: ee.Reducer.count(),
    geometry: region,
    scale: 1000, // MODIS resolution
    maxPixels: 1e12
  }).get('state_1km');
  
  // Count fog-covered pixels
  var fogPixels = fogMask.eq(1).reduceRegion({
    reducer: ee.Reducer.sum(),
    geometry: region,
    scale: 1000,
    maxPixels: 1e12
  }).get('state_1km');
  
  // Calculate percentage
  return ee.Number(fogPixels).divide(totalPixels).multiply(100);
}

// Calculate fog coverage for each region
var delhiFogPercentage = calculateFogPercentage(fogMask, newDelhi);
var modinagarFogPercentage = calculateFogPercentage(fogMask, modinagar);
var noidaFogPercentage = calculateFogPercentage(fogMask, greaterNoida);

// Print results
print('New Delhi Fog Coverage (%)', delhiFogPercentage);
print('Modinagar Fog Coverage (%)', modinagarFogPercentage);
print('Greater Noida Fog Coverage (%)', noidaFogPercentage);

// Calculate urban-rural differences
var delhiVsModinagar = ee.Number(delhiFogPercentage).subtract(modinagarFogPercentage);
var delhiVsNoida = ee.Number(delhiFogPercentage).subtract(noidaFogPercentage);
var averageRural = ee.Number(modinagarFogPercentage).add(noidaFogPercentage).divide(2);
var delhiVsRuralAvg = ee.Number(delhiFogPercentage).subtract(averageRural);

print('Fog Coverage Difference: Delhi vs Modinagar (%)', delhiVsModinagar);
print('Fog Coverage Difference: Delhi vs Greater Noida (%)', delhiVsNoida);
print('Fog Coverage Difference: Delhi vs Rural Average (%)', delhiVsRuralAvg);
print('Does Delhi have less fog than surrounding rural areas?', delhiVsRuralAvg.lt(0));

// Visualization
// Create a visualization of the fog mask
var fogVis = {
  min: 0,
  max: 1,
  palette: ['000000', 'FFFFFF'] // Black for no fog, white for fog
};

// Center map on Delhi region
Map.centerObject(newDelhi, 9);

// Add base image
Map.addLayer(modisReflectance, {bands: ['sur_refl_b01', 'sur_refl_b04', 'sur_refl_b03'], 
                              min: 0, max: 3000}, 'MODIS Reflectance', false);

// Add cloud/fog mask and region boundaries
Map.addLayer(fogMask.selfMask(), fogVis, 'MODIS Fog Coverage', true);
Map.addLayer(areas, {color: 'red'}, 'Analysis Regions', true);
",v1,400
Does Cambodia have more active fire detections in February 2018 compared to August 2017?,,https://www.earthobservatory.nasa.gov/images/91771/,,"1. As depicted in the map below, the instrument has detected four-to-five times as many fires in northern Cambodia as it did in Vietnam and Thailand between August 2016 and February 2018. Northern Laos also had a relatively high number of fires.",,,,https://code.earthengine.google.com/5b328b872b4e50d9a7d1146ea4742feb,"// Define Cambodia region
var cambodia = ee.FeatureCollection('USDOS/LSIB_SIMPLE/2017')
                  .filter(ee.Filter.eq('country_na', 'Cambodia'));

// Define time periods for analysis
var february2018 = ee.DateRange('2018-02-01', '2018-02-28');
var august2017 = ee.DateRange('2017-08-01', '2017-08-31');

// Load MODIS Thermal Anomalies & Fire data for the two time periods
var dataset_feb = ee.ImageCollection('MODIS/006/MOD14A1')
                  .filter(ee.Filter.date(february2018))
                  .filter(ee.Filter.bounds(cambodia));

var dataset_aug = ee.ImageCollection('MODIS/006/MOD14A1')
                  .filter(ee.Filter.date(august2017))
                  .filter(ee.Filter.bounds(cambodia));

// Select the Maximum Fire Radiative Power band
var frp_feb = dataset_feb.select('MaxFRP');
var frp_aug = dataset_aug.select('MaxFRP');

// Create a visualization parameter for fire data
var fireVis = {
  min: 0,
  max: 500, // Adjust based on typical FRP range
  palette: ['black', 'blue', 'purple', 'cyan', 'green', 'yellow', 'red']
};

// Function to calculate fire statistics for a dataset
function calculateFireStats(dataset) {
  // Get the mean FRP over the time period
  var meanFRP = dataset.mean();
  
  // Calculate the mean value within the region
  var regionalMean = meanFRP.reduceRegion({
    reducer: ee.Reducer.mean(),
    geometry: cambodia,
    scale: 1000,
    maxPixels: 1e12
  });
  
  // Count fire pixels (where MaxFRP > 0)
  var fireCount = dataset.map(function(image) {
    return image.gt(0).selfMask();
  }).sum();
  
  var totalFirePixels = fireCount.reduceRegion({
    reducer: ee.Reducer.sum(),
    geometry: cambodia,
    scale: 1000,
    maxPixels: 1e12
  });
  
  return {
    'meanFRP': regionalMean.get('MaxFRP'),
    'firePixelCount': totalFirePixels.get('MaxFRP')
  };
}

// Calculate the fire statistics for both periods
var stats_feb = calculateFireStats(frp_feb);
var stats_aug = calculateFireStats(frp_aug);

// Print the results
print('February 2018 Fire Statistics:');
print('- Mean Fire Radiative Power (MW):', stats_feb.meanFRP);
print('- Fire Pixel Count:', stats_feb.firePixelCount);

print('August 2017 Fire Statistics:');
print('- Mean Fire Radiative Power (MW):', stats_aug.meanFRP);
print('- Fire Pixel Count:', stats_aug.firePixelCount);

// Calculate the percentage change
var frpChange = ee.Number(stats_aug.meanFRP).subtract(stats_feb.meanFRP);
var frpPercentChange = frpChange.divide(stats_feb.meanFRP).multiply(100);

var countChange = ee.Number(stats_aug.firePixelCount).subtract(stats_feb.firePixelCount);
var countPercentChange = countChange.divide(stats_feb.firePixelCount).multiply(100);

print('Fire Radiative Power Change (MW):', frpChange);
print('Fire Radiative Power Percentage Change (%):', frpPercentChange);
print('Fire Pixel Count Change:', countChange);
print('Fire Pixel Count Percentage Change (%):', countPercentChange);

// Answer the research question
print('Does Cambodia have more active fire detections in February 2018 compared to August 2017?', 
      ee.Number(stats_feb.firePixelCount).gt(stats_aug.firePixelCount));

// Visualization
Map.setCenter(105, 12.5, 7); // Center on Cambodia

// Calculate mean FRP for both periods
var meanFRP_feb = frp_feb.mean();
var meanFRP_aug = frp_aug.mean();

// Add layers to the map
Map.addLayer(meanFRP_feb, fireVis, 'Mean FRP February 2018');
Map.addLayer(meanFRP_aug, fireVis, 'Mean FRP August 2017');

// Create a difference image to show changes
var frpDifference = meanFRP_aug.subtract(meanFRP_feb);
var diffVis = {
  min: -100,
  max: 100,
  palette: ['blue', 'white', 'red']
};
",v1,401
"Does Kerala, India experience more rainfall between July and August 2018 compared to Sri Lanka?",,https://www.earthobservatory.nasa.gov/images/92638/,,"1. Abnormally heavy monsoon rains drenched Southeast Asia, leading to the worst flooding in the state of Kerala since 1924.",,,,https://code.earthengine.google.com/66313d25b16dafb50aac3f993553b8f5,"// Define the study regions
var kerala = ee.FeatureCollection('FAO/GAUL/2015/level1')
  .filter(ee.Filter.and(
    ee.Filter.eq('ADM0_NAME', 'India'),
    ee.Filter.eq('ADM1_NAME', 'Kerala')
  ));

var sriLanka = ee.FeatureCollection('USDOS/LSIB_SIMPLE/2017')
  .filter(ee.Filter.eq('country_na', 'Sri Lanka'));

// Define the study period for July-August 2018
var studyPeriodStart = '2018-07-01';
var studyPeriodEnd = '2018-08-31';

// Load CHIRPS precipitation data (rainfall in mm)
var chirps = ee.ImageCollection('UCSB-CHG/CHIRPS/DAILY')
  .select('precipitation');

// Filter data for the study period (July-August 2018)
var studyPeriod = chirps
  .filterDate(studyPeriodStart, studyPeriodEnd);

// Calculate total rainfall for the study period
var totalRainfall = studyPeriod.sum();

// Calculate regional statistics for Kerala and Sri Lanka
var keralaStats = totalRainfall.reduceRegion({
  reducer: ee.Reducer.mean(),
  geometry: kerala,
  scale: 5000,
  maxPixels: 1e9
});

var sriLankaStats = totalRainfall.reduceRegion({
  reducer: ee.Reducer.mean(),
  geometry: sriLanka,
  scale: 5000,
  maxPixels: 1e9
});

// Extract values for printing
var keralaRainfall = keralaStats.get('precipitation');
var sriLankaRainfall = sriLankaStats.get('precipitation');

// Print results
print('July-August 2018 Total Rainfall in Kerala (mm):', keralaRainfall);
print('July-August 2018 Total Rainfall in Sri Lanka (mm):', sriLankaRainfall);
print('Does Kerala experience more rainfall than Sri Lanka in July-August 2018?', 
      ee.Number(keralaRainfall).gt(sriLankaRainfall));
print('Difference in rainfall (Kerala - Sri Lanka) in mm:', 
      ee.Number(keralaRainfall).subtract(sriLankaRainfall));

// VISUALIZATIONS

// Set up color palette for the visualization
var rainfallPalette = ['#ffffcc', '#a1dab4', '#41b6c4', '#2c7fb8', '#253494'];

// Visualization parameters for rainfall
var rainfallVis = {
  min: 0,
  max: 1000,  // Increased max value for monsoon season
  palette: rainfallPalette
};

// Center map on both regions
var bothRegions = kerala.merge(sriLanka);
Map.centerObject(bothRegions, 6);

// Add region boundaries
Map.addLayer(kerala, {color: 'black'}, 'Kerala, India');
Map.addLayer(sriLanka, {color: 'red'}, 'Sri Lanka');

// Add the rainfall layer
Map.addLayer(totalRainfall.clip(bothRegions), rainfallVis, 'July-August 2018 Rainfall (mm)');

// Add separate layers for each region to better visualize the comparison
Map.addLayer(totalRainfall.clip(kerala), rainfallVis, 'Kerala Rainfall (mm)', false);
Map.addLayer(totalRainfall.clip(sriLanka), rainfallVis, 'Sri Lanka Rainfall (mm)', false);",v1,402
Did Phoenix experienced a record 40 consecutive days in which the land surface temperature exceeded 110 degrees Fahrenheit in the summer of 2023? ,No,https://www.nasa.gov/centers-and-facilities/jpl/nasa-data-shows-fierce-surface-temperatures-during-phoenix-heat-wave/,https://www.nasa.gov/wp-content/uploads/2023/08/1-pia25868-viirs-lst-night-phoenix-v16-jplwebsite.m4v,,,,,,,v2,403
"Did Sierra Estrella show higher land surface temperature than PHX Airport in July 19, 2023?",,https://www.nasa.gov/centers-and-facilities/jpl/nasa-data-shows-fierce-surface-temperatures-during-phoenix-heat-wave/,https://www.nasa.gov/wp-content/uploads/2023/08/1-pia25868-viirs-lst-night-phoenix-v16-jplwebsite.m4v,"From July 1 to July 19, the built surfaces in the maps grew progressively hotter, likely the combined effect of the heat wave intensifying and the cumulative heating of those human-made structures. Due to their high heat capacity, these surfaces didn’t fully cool overnight before the onset of the next day’s heat, said Glynn Hulley, the JPL climate scientist who produced the series.",,,,,,v2,404
"
Did the smoke plumes originating from fires in Siskiyou County on August 18, 2021, travel northward for at least 20 miles?",No,https://www.nasa.gov/centers-and-facilities/jpl/nasas-misr-instrument-sees-california-wildfire-smoke-plumes-from-space/,https://www.nasa.gov/wp-content/uploads/2021/08/pia23698-misr-ca-fires-aug-2021-1041.jpg,,,,,,,v2,405
Does Eastern Canada have higher carbon monoxide concentration on June 5th 2023 than June 1st 2023?,,https://www.nasa.gov/earth/new-nasa-study-tallies-carbon-emissions-from-massive-canadian-fires/,https://www.nasa.gov/wp-content/uploads/2024/08/e1-svs-co-animation-web-compress.mp4,1. Carbon monoxide from Canada wildfires curls thousands of miles across North America in this animation showing data from summer 2023. Lower concentrations are shown in purple; higher concentrations are in yellow. Red triangles indicate fire hotspots.,,,,,,v2,406
"Did Cincinnati, Ohio have its warmest February in 2018 (surface temperatures at 2 meters) compared to 2010 to 2017?",,https://www.nesdis.noaa.gov/news/record-february-warmth-the-eastern-united-states,https://www.nesdis.noaa.gov/s3/styles/webp/s3/migrated/20180221-RTMA.png.webp?itok=YLRym-3M,"1. Several cities set new records for their warmest February temperatures ever recorded. Pittsburgh, Pennsylvania and Cincinnati, Ohio reached 78 and 79 degrees (°F), respectively, on February 20, while the temperature in New York City soared to 78 degrees on February 21, the National Weather Service reported.",,temperature,NOAA's Real-Time Mesoscale Analysis,,,v2,407
Did Pittsburgh have its warmest February in 2018 (surface temperatures at 2 meters) compared to 2010 to 2017?,,https://www.nesdis.noaa.gov/news/record-february-warmth-the-eastern-united-states,https://www.nesdis.noaa.gov/s3/styles/webp/s3/migrated/20180221-RTMA.png.webp?itok=YLRym-3M,"1. Several cities set new records for their warmest February temperatures ever recorded. Pittsburgh, Pennsylvania and Cincinnati, Ohio reached 78 and 79 degrees (°F), respectively, on February 20, while the temperature in New York City soared to 78 degrees on February 21, the National Weather Service reported.",,temperature,NOAA's Real-Time Mesoscale Analysis,,,v2,408